$MeshFormat
4.1 0 8
$EndMeshFormat
$PhysicalNames
4
0 30 "Fixed_x"
1 10 "Bottom_ids"
1 20 "Top_ids"
2 40 "Domain"
$EndPhysicalNames
$Entities
9 10 2 0
1 -0.5 -0.5 0 0 
2 0 -0.5 0 1 30 
3 0.5 -0.5 0 0 
4 0.5 0 0 0 
5 0 0 0 0 
6 -0.5 0 0 0 
7 -0.5 0 0 0 
8 0.5 0.5 0 0 
9 -0.5 0.5 0 0 
1 -0.5 -0.5 0 0 -0.5 0 1 10 2 1 -2 
2 0 -0.5 0 0.5 -0.5 0 1 10 2 2 -3 
3 0.5 -0.5 0 0.5 0 0 0 2 3 -4 
4 0 0 0 0.5 0 0 0 2 4 -5 
5 -0.5 0 0 0 0 0 0 2 5 -6 
6 -0.5 -0.5 0 -0.5 0 0 0 2 6 -1 
7 -0.5 0 0 0 0 0 0 2 7 -5 
8 0.5 0 0 0.5 0.5 0 0 2 4 -8 
9 -0.5 0.5 0 0.5 0.5 0 1 20 2 8 -9 
10 -0.5 0 0 -0.5 0.5 0 0 2 9 -7 
1 -0.5 -0.5 0 0.5 0 0 1 40 6 1 2 3 4 5 6 
2 -0.5 0 0 0.5 0.5 0 1 40 5 7 -4 8 9 10 
$EndEntities
$Nodes
21 6623 1 6623
0 1 0 1
1
-0.5 -0.5 0
0 2 0 1
2
0 -0.5 0
0 3 0 1
3
0.5 -0.5 0
0 4 0 1
4
0.5 0 0
0 5 0 1
5
0 0 0
0 6 0 1
6
-0.5 0 0
0 7 0 1
7
-0.5 0 0
0 8 0 1
8
0.5 0.5 0
0 9 0 1
9
-0.5 0.5 0
1 1 0 7
10
11
12
13
14
15
16
-0.4375000000000091 -0.5 0
-0.3750000000001733 -0.5 0
-0.3125000000005181 -0.5 0
-0.2500000000010293 -0.5 0
-0.1875000000007747 -0.5 0
-0.1250000000005201 -0.5 0
-0.06250000000026007 -0.5 0
1 2 0 7
17
18
19
20
21
22
23
0.06249999999988787 -0.5 0
0.1249999999997061 -0.5 0
0.1874999999995266 -0.5 0
0.2499999999993471 -0.5 0
0.3124999999995089 -0.5 0
0.3749999999996708 -0.5 0
0.4374999999998354 -0.5 0
1 3 0 15
24
25
26
27
28
29
30
31
32
33
34
35
36
37
38
0.5 -0.4290159149729583 0
0.5 -0.3580318299459198 0
0.5 -0.3075421180080256 0
0.5 -0.2570524060702086 0
0.5 -0.2211443678659017 0
0.5 -0.1852363296615447 0
0.5 -0.1415258576292402 0
0.5 -0.09781538559693576 0
0.5 -0.06453490924333799 0
0.5 -0.03125443288974022 0
0.5 -0.01961637223220725 0
0.5 -0.007978311574674268 0
0.5 -0.005983733681005687 0
0.5 -0.003989155787337106 0
0.5 -0.001994577893668525 0
1 4 0 251
39
40
41
42
43
44
45
46
47
48
49
50
51
52
53
54
55
56
57
58
59
60
61
62
63
64
65
66
67
68
69
70
71
72
73
74
75
76
77
78
79
80
81
82
83
84
85
86
87
88
89
90
91
92
93
94
95
96
97
98
99
100
101
102
103
104
105
106
107
108
109
110
111
112
113
114
115
116
117
118
119
120
121
122
123
124
125
126
127
128
129
130
131
132
133
134
135
136
137
138
139
140
141
142
143
144
145
146
147
148
149
150
151
152
153
154
155
156
157
158
159
160
161
162
163
164
165
166
167
168
169
170
171
172
173
174
175
176
177
178
179
180
181
182
183
184
185
186
187
188
189
190
191
192
193
194
195
196
197
198
199
200
201
202
203
204
205
206
207
208
209
210
211
212
213
214
215
216
217
218
219
220
221
222
223
224
225
226
227
228
229
230
231
232
233
234
235
236
237
238
239
240
241
242
243
244
245
246
247
248
249
250
251
252
253
254
255
256
257
258
259
260
261
262
263
264
265
266
267
268
269
270
271
272
273
274
275
276
277
278
279
280
281
282
283
284
285
286
287
288
289
0.4980158730158636 0 0
0.4960317460317295 0 0
0.494047619047593 0 0
0.4920634920634591 0 0
0.4900793650793228 0 0
0.4880952380951886 0 0
0.4861111111110527 0 0
0.4841269841269181 0 0
0.4821428571427824 0 0
0.4801587301586476 0 0
0.4781746031745136 0 0
0.4761904761903771 0 0
0.4742063492062427 0 0
0.4722222222221066 0 0
0.4702380952379724 0 0
0.4682539682538361 0 0
0.4662698412696997 0 0
0.4642857142855657 0 0
0.4623015873014309 0 0
0.4603174603172952 0 0
0.45833333333316 0 0
0.4563492063490247 0 0
0.4543650793648895 0 0
0.4523809523807543 0 0
0.4503968253966204 0 0
0.4484126984124838 0 0
0.4464285714283485 0 0
0.4444444444442133 0 0
0.4424603174600801 0 0
0.4404761904759454 0 0
0.4384920634918178 0 0
0.4365079365076914 0 0
0.4345238095235742 0 0
0.4325396825394569 0 0
0.4305555555553445 0 0
0.4285714285712305 0 0
0.4265873015871171 0 0
0.4246031746030041 0 0
0.4226190476188909 0 0
0.4206349206347776 0 0
0.4186507936506634 0 0
0.4166666666665512 0 0
0.414682539682438 0 0
0.4126984126983248 0 0
0.4107142857142115 0 0
0.4087301587300984 0 0
0.4067460317459842 0 0
0.404761904761872 0 0
0.4027777777777587 0 0
0.4007936507936455 0 0
0.3988095238095313 0 0
0.3968253968254191 0 0
0.3948412698413065 0 0
0.3928571428571927 0 0
0.3908730158730791 0 0
0.3888888888889663 0 0
0.3869047619048531 0 0
0.3849206349207399 0 0
0.3829365079366282 0 0
0.3809523809525134 0 0
0.3789682539684003 0 0
0.376984126984287 0 0
0.3750000000001728 0 0
0.3730158730160606 0 0
0.371031746031947 0 0
0.3690476190478342 0 0
0.3670634920637213 0 0
0.3650793650796077 0 0
0.3630952380954963 0 0
0.3611111111113813 0 0
0.3591269841272683 0 0
0.3571428571431549 0 0
0.3551587301590433 0 0
0.3531746031749284 0 0
0.3511904761908161 0 0
0.349206349206702 0 0
0.3472222222225894 0 0
0.3452380952384756 0 0
0.343253968254365 0 0
0.3412698412702491 0 0
0.3392857142861385 0 0
0.3373015873020226 0 0
0.33531746031791 0 0
0.3333333333337962 0 0
0.3313492063496818 0 0
0.3293650793655698 0 0
0.3273809523814552 0 0
0.3253968253973434 0 0
0.3234126984132286 0 0
0.321428571429117 0 0
0.3194444444450031 0 0
0.3174603174608905 0 0
0.3154761904767772 0 0
0.3134920634926641 0 0
0.3115079365085515 0 0
0.3095238095244376 0 0
0.3075396825403254 0 0
0.3055555555562112 0 0
0.3035714285720987 0 0
0.3015873015879847 0 0
0.299603174603872 0 0
0.2976190476197583 0 0
0.2956349206356469 0 0
0.2936507936515319 0 0
0.2916666666674189 0 0
0.2896825396833055 0 0
0.2876984126991931 0 0
0.2857142857150791 0 0
0.2837301587309652 0 0
0.2817460317468526 0 0
0.2797619047627364 0 0
0.2777777777786262 0 0
0.2757936507945146 0 0
0.2738095238103997 0 0
0.271825396826287 0 0
0.2698412698421733 0 0
0.2678571428580605 0 0
0.2658730158739468 0 0
0.2638888888898354 0 0
0.2619047619057204 0 0
0.2599206349216066 0 0
0.257936507937494 0 0
0.2559523809533841 0 0
0.2539682539692676 0 0
0.2519841269851468 0 0
0.2500000000010303 0 0
0.2480158730169005 0 0
0.2460317460327707 0 0
0.2440476190486354 0 0
0.2420634920645002 0 0
0.240079365080365 0 0
0.2380952380962297 0 0
0.2361111111120945 0 0
0.2341269841279592 0 0
0.2321428571438239 0 0
0.2301587301596887 0 0
0.2281746031755535 0 0
0.2261904761914182 0 0
0.224206349207283 0 0
0.2222222222231477 0 0
0.2202380952390125 0 0
0.2182539682548773 0 0
0.216269841270742 0 0
0.2142857142866068 0 0
0.2123015873024715 0 0
0.2103174603183362 0 0
0.208333333334201 0 0
0.2063492063500658 0 0
0.2043650793659305 0 0
0.2023809523817953 0 0
0.20039682539766 0 0
0.1984126984135247 0 0
0.1964285714293895 0 0
0.1944444444452543 0 0
0.192460317461119 0 0
0.1904761904769838 0 0
0.1884920634928485 0 0
0.1865079365087132 0 0
0.184523809524578 0 0
0.1825396825404428 0 0
0.1805555555563075 0 0
0.1785714285721723 0 0
0.176587301588037 0 0
0.1746031746039017 0 0
0.1726190476197665 0 0
0.1706349206356313 0 0
0.168650793651496 0 0
0.1666666666673608 0 0
0.1646825396832255 0 0
0.1626984126990903 0 0
0.1607142857149551 0 0
0.1587301587308198 0 0
0.1567460317466846 0 0
0.1547619047625493 0 0
0.1527777777784141 0 0
0.1507936507942788 0 0
0.1488095238101436 0 0
0.1468253968260083 0 0
0.1448412698418731 0 0
0.1428571428577378 0 0
0.1408730158736026 0 0
0.1388888888894673 0 0
0.1369047619053321 0 0
0.1349206349211968 0 0
0.1329365079370616 0 0
0.1309523809529263 0 0
0.1289682539687911 0 0
0.1269841269846558 0 0
0.1250000000005206 0 0
0.1230158730163853 0 0
0.1210317460322501 0 0
0.1190476190481148 0 0
0.1170634920639796 0 0
0.1150793650798443 0 0
0.1130952380957091 0 0
0.1111111111115738 0 0
0.1091269841274386 0 0
0.1071428571433034 0 0
0.1051587301591682 0 0
0.1031746031750329 0 0
0.1011904761908976 0 0
0.09920634920676236 0 0
0.09722222222262711 0 0
0.09523809523849192 0 0
0.09325396825435667 0 0
0.09126984127022142 0 0
0.08928571428608612 0 0
0.08730158730195087 0 0
0.08531746031781562 0 0
0.08333333333368043 0 0
0.08134920634954518 0 0
0.07936507936540993 0 0
0.07738095238127463 0 0
0.07539682539713938 0 0
0.07341269841300413 0 0
0.07142857142886894 0 0
0.06944444444473369 0 0
0.06746031746059844 0 0
0.06547619047646319 0 0
0.06349206349232794 0 0
0.0615079365081927 0 0
0.05952380952405745 0 0
0.0575396825399222 0 0
0.05555555555578695 0 0
0.0535714285716517 0 0
0.05158730158751645 0 0
0.04960317460338121 0 0
0.04761904761924596 0 0
0.04563492063511071 0 0
0.04365079365097546 0 0
0.04166666666684021 0 0
0.03968253968270496 0 0
0.03769841269856972 0 0
0.03571428571443447 0 0
0.03373015873029922 0 0
0.03174603174616397 0 0
0.02976190476202872 0 0
0.02777777777789348 0 0
0.02579365079375823 0 0
0.02380952380962298 0 0
0.02182539682548773 0 0
0.01984126984135248 0 0
0.01785714285721723 0 0
0.01587301587308199 0 0
0.01388888888894674 0 0
0.01190476190481149 0 0
0.009920634920676297 0 0
0.007936507936541048 0 0
0.0059523809524058 0 0
0.003968253968270496 0 0
0.001984126984135248 0 0
1 5 0 35
290
291
292
293
294
295
296
297
298
299
300
301
302
303
304
305
306
307
308
309
310
311
312
313
314
315
316
317
318
319
320
321
322
323
324
-0.001939343507895713 0 0
-0.003878687015791509 0 0
-0.005818030523687304 0 0
-0.007757374031583098 0 0
-0.009696717539478893 0 0
-0.01163606104737469 0 0
-0.01357540455527032 0 0
-0.01551474806316595 0 0
-0.01745409157106126 0 0
-0.01939343507895654 0 0
-0.02133277858685167 0 0
-0.0232721220947468 0 0
-0.02521146560264192 0 0
-0.02715080911053704 0 0
-0.02909015261843248 0 0
-0.03102949612632792 0 0
-0.03296883963422394 0 0
-0.0349081831421201 0 0
-0.03684752665001655 0 0
-0.038786870157913 0 0
-0.04072621366580946 0 0
-0.04266555717370592 0 0
-0.0446049006816024 0 0
-0.04654424418949886 0 0
-0.04848774863158468 0 0
-0.0504312530736705 0 0
-0.08843124565312385 0 0
-0.1264312382325586 0 0
-0.1678216292657327 0 0
-0.2092120202989067 0 0
-0.2427692985663582 0 0
-0.2763265768339555 0 0
-0.3230669513012085 0 0
-0.3698073257684615 0 0
-0.4349036628842308 0 0
1 6 0 7
325
326
327
328
329
330
331
-0.5 -0.06249999999988787 0
-0.5 -0.1249999999997061 0
-0.5 -0.1874999999995266 0
-0.5 -0.2499999999993471 0
-0.5 -0.3124999999995089 0
-0.5 -0.3749999999996708 0
-0.5 -0.4374999999998354 0
1 7 0 31
332
333
334
335
336
337
338
339
340
341
342
343
344
345
346
347
348
349
350
351
352
353
354
355
356
357
358
359
360
361
362
-0.4349036628845402 0 0
-0.3698073257691685 0 0
-0.3230669513023438 0 0
-0.2763265768356014 0 0
-0.2427692985681171 0 0
-0.2092120203005046 0 0
-0.1678216292669896 0 0
-0.1264312382334746 0 0
-0.09412205056717404 0 0
-0.06181286290087346 0 0
-0.05852063947665509 0 0
-0.05522841605243672 0 0
-0.04506829959732206 0 0
-0.03490818314220739 0 0
-0.03296883963430697 0 0
-0.03102949612640654 0 0
-0.02909015261850617 0 0
-0.02715080911060574 0 0
-0.02521146560270532 0 0
-0.02327212209480489 0 0
-0.02133277858690452 0 0
-0.0193934350790041 0 0
-0.01745409157110372 0 0
-0.0155147480632033 0 0
-0.01357540455530287 0 0
-0.01163606104740245 0 0
-0.009696717539502075 0 0
-0.007757374031601649 0 0
-0.005818030523701223 0 0
-0.003878687015800797 0 0
-0.001939343507900426 0 0
1 8 0 19
363
364
365
366
367
368
369
370
371
372
373
374
375
376
377
378
379
380
381
0.5 0.001994577893661739 0
0.5 0.003989155787323561 0
0.5 0.005983733680985382 0
0.5 0.007978311574647201 0
0.5 0.00997288946830901 0
0.5 0.01196746736197082 0
0.5 0.01396204525563251 0
0.5 0.01595662314929406 0
0.5 0.01795120104295525 0
0.5 0.01994577893661645 0
0.5 0.05888058226643277 0
0.5 0.09781538559621042 0
0.5 0.1415258576281853 0
0.5 0.1852363296601602 0
0.5 0.2211443678642788 0
0.5 0.2570524060684407 0
0.5 0.3075421180067952 0
0.5 0.3580318299451497 0
0.5 0.4290159149725749 0
1 9 0 11
382
383
384
385
386
387
388
389
390
391
392
0.4166666666668852 0.5 0
0.3333333333337957 0.5 0
0.2500000000006934 0.5 0
0.1666666666675913 0.5 0
0.08333333333448373 0.5 0
1.376121439022882e-12 0.5 0
-0.08333333333218296 0.5 0
-0.1666666666657419 0.5 0
-0.2499999999993066 0.5 0
-0.3333333333328711 0.5 0
-0.4166666666664355 0.5 0
1 10 0 7
393
394
395
396
397
398
399
-0.5 0.4375000000000091 0
-0.5 0.3750000000001733 0
-0.5 0.3125000000005181 0
-0.5 0.2500000000010293 0
-0.5 0.1875000000007747 0
-0.5 0.1250000000005201 0
-0.5 0.06250000000026007 0
2 1 0 3249
400
401
402
403
404
405
406
407
408
409
410
411
412
413
414
415
416
417
418
419
420
421
422
423
424
425
426
427
428
429
430
431
432
433
434
435
436
437
438
439
440
441
442
443
444
445
446
447
448
449
450
451
452
453
454
455
456
457
458
459
460
461
462
463
464
465
466
467
468
469
470
471
472
473
474
475
476
477
478
479
480
481
482
483
484
485
486
487
488
489
490
491
492
493
494
495
496
497
498
499
500
501
502
503
504
505
506
507
508
509
510
511
512
513
514
515
516
517
518
519
520
521
522
523
524
525
526
527
528
529
530
531
532
533
534
535
536
537
538
539
540
541
542
543
544
545
546
547
548
549
550
551
552
553
554
555
556
557
558
559
560
561
562
563
564
565
566
567
568
569
570
571
572
573
574
575
576
577
578
579
580
581
582
583
584
585
586
587
588
589
590
591
592
593
594
595
596
597
598
599
600
601
602
603
604
605
606
607
608
609
610
611
612
613
614
615
616
617
618
619
620
621
622
623
624
625
626
627
628
629
630
631
632
633
634
635
636
637
638
639
640
641
642
643
644
645
646
647
648
649
650
651
652
653
654
655
656
657
658
659
660
661
662
663
664
665
666
667
668
669
670
671
672
673
674
675
676
677
678
679
680
681
682
683
684
685
686
687
688
689
690
691
692
693
694
695
696
697
698
699
700
701
702
703
704
705
706
707
708
709
710
711
712
713
714
715
716
717
718
719
720
721
722
723
724
725
726
727
728
729
730
731
732
733
734
735
736
737
738
739
740
741
742
743
744
745
746
747
748
749
750
751
752
753
754
755
756
757
758
759
760
761
762
763
764
765
766
767
768
769
770
771
772
773
774
775
776
777
778
779
780
781
782
783
784
785
786
787
788
789
790
791
792
793
794
795
796
797
798
799
800
801
802
803
804
805
806
807
808
809
810
811
812
813
814
815
816
817
818
819
820
821
822
823
824
825
826
827
828
829
830
831
832
833
834
835
836
837
838
839
840
841
842
843
844
845
846
847
848
849
850
851
852
853
854
855
856
857
858
859
860
861
862
863
864
865
866
867
868
869
870
871
872
873
874
875
876
877
878
879
880
881
882
883
884
885
886
887
888
889
890
891
892
893
894
895
896
897
898
899
900
901
902
903
904
905
906
907
908
909
910
911
912
913
914
915
916
917
918
919
920
921
922
923
924
925
926
927
928
929
930
931
932
933
934
935
936
937
938
939
940
941
942
943
944
945
946
947
948
949
950
951
952
953
954
955
956
957
958
959
960
961
962
963
964
965
966
967
968
969
970
971
972
973
974
975
976
977
978
979
980
981
982
983
984
985
986
987
988
989
990
991
992
993
994
995
996
997
998
999
1000
1001
1002
1003
1004
1005
1006
1007
1008
1009
1010
1011
1012
1013
1014
1015
1016
1017
1018
1019
1020
1021
1022
1023
1024
1025
1026
1027
1028
1029
1030
1031
1032
1033
1034
1035
1036
1037
1038
1039
1040
1041
1042
1043
1044
1045
1046
1047
1048
1049
1050
1051
1052
1053
1054
1055
1056
1057
1058
1059
1060
1061
1062
1063
1064
1065
1066
1067
1068
1069
1070
1071
1072
1073
1074
1075
1076
1077
1078
1079
1080
1081
1082
1083
1084
1085
1086
1087
1088
1089
1090
1091
1092
1093
1094
1095
1096
1097
1098
1099
1100
1101
1102
1103
1104
1105
1106
1107
1108
1109
1110
1111
1112
1113
1114
1115
1116
1117
1118
1119
1120
1121
1122
1123
1124
1125
1126
1127
1128
1129
1130
1131
1132
1133
1134
1135
1136
1137
1138
1139
1140
1141
1142
1143
1144
1145
1146
1147
1148
1149
1150
1151
1152
1153
1154
1155
1156
1157
1158
1159
1160
1161
1162
1163
1164
1165
1166
1167
1168
1169
1170
1171
1172
1173
1174
1175
1176
1177
1178
1179
1180
1181
1182
1183
1184
1185
1186
1187
1188
1189
1190
1191
1192
1193
1194
1195
1196
1197
1198
1199
1200
1201
1202
1203
1204
1205
1206
1207
1208
1209
1210
1211
1212
1213
1214
1215
1216
1217
1218
1219
1220
1221
1222
1223
1224
1225
1226
1227
1228
1229
1230
1231
1232
1233
1234
1235
1236
1237
1238
1239
1240
1241
1242
1243
1244
1245
1246
1247
1248
1249
1250
1251
1252
1253
1254
1255
1256
1257
1258
1259
1260
1261
1262
1263
1264
1265
1266
1267
1268
1269
1270
1271
1272
1273
1274
1275
1276
1277
1278
1279
1280
1281
1282
1283
1284
1285
1286
1287
1288
1289
1290
1291
1292
1293
1294
1295
1296
1297
1298
1299
1300
1301
1302
1303
1304
1305
1306
1307
1308
1309
1310
1311
1312
1313
1314
1315
1316
1317
1318
1319
1320
1321
1322
1323
1324
1325
1326
1327
1328
1329
1330
1331
1332
1333
1334
1335
1336
1337
1338
1339
1340
1341
1342
1343
1344
1345
1346
1347
1348
1349
1350
1351
1352
1353
1354
1355
1356
1357
1358
1359
1360
1361
1362
1363
1364
1365
1366
1367
1368
1369
1370
1371
1372
1373
1374
1375
1376
1377
1378
1379
1380
1381
1382
1383
1384
1385
1386
1387
1388
1389
1390
1391
1392
1393
1394
1395
1396
1397
1398
1399
1400
1401
1402
1403
1404
1405
1406
1407
1408
1409
1410
1411
1412
1413
1414
1415
1416
1417
1418
1419
1420
1421
1422
1423
1424
1425
1426
1427
1428
1429
1430
1431
1432
1433
1434
1435
1436
1437
1438
1439
1440
1441
1442
1443
1444
1445
1446
1447
1448
1449
1450
1451
1452
1453
1454
1455
1456
1457
1458
1459
1460
1461
1462
1463
1464
1465
1466
1467
1468
1469
1470
1471
1472
1473
1474
1475
1476
1477
1478
1479
1480
1481
1482
1483
1484
1485
1486
1487
1488
1489
1490
1491
1492
1493
1494
1495
1496
1497
1498
1499
1500
1501
1502
1503
1504
1505
1506
1507
1508
1509
1510
1511
1512
1513
1514
1515
1516
1517
1518
1519
1520
1521
1522
1523
1524
1525
1526
1527
1528
1529
1530
1531
1532
1533
1534
1535
1536
1537
1538
1539
1540
1541
1542
1543
1544
1545
1546
1547
1548
1549
1550
1551
1552
1553
1554
1555
1556
1557
1558
1559
1560
1561
1562
1563
1564
1565
1566
1567
1568
1569
1570
1571
1572
1573
1574
1575
1576
1577
1578
1579
1580
1581
1582
1583
1584
1585
1586
1587
1588
1589
1590
1591
1592
1593
1594
1595
1596
1597
1598
1599
1600
1601
1602
1603
1604
1605
1606
1607
1608
1609
1610
1611
1612
1613
1614
1615
1616
1617
1618
1619
1620
1621
1622
1623
1624
1625
1626
1627
1628
1629
1630
1631
1632
1633
1634
1635
1636
1637
1638
1639
1640
1641
1642
1643
1644
1645
1646
1647
1648
1649
1650
1651
1652
1653
1654
1655
1656
1657
1658
1659
1660
1661
1662
1663
1664
1665
1666
1667
1668
1669
1670
1671
1672
1673
1674
1675
1676
1677
1678
1679
1680
1681
1682
1683
1684
1685
1686
1687
1688
1689
1690
1691
1692
1693
1694
1695
1696
1697
1698
1699
1700
1701
1702
1703
1704
1705
1706
1707
1708
1709
1710
1711
1712
1713
1714
1715
1716
1717
1718
1719
1720
1721
1722
1723
1724
1725
1726
1727
1728
1729
1730
1731
1732
1733
1734
1735
1736
1737
1738
1739
1740
1741
1742
1743
1744
1745
1746
1747
1748
1749
1750
1751
1752
1753
1754
1755
1756
1757
1758
1759
1760
1761
1762
1763
1764
1765
1766
1767
1768
1769
1770
1771
1772
1773
1774
1775
1776
1777
1778
1779
1780
1781
1782
1783
1784
1785
1786
1787
1788
1789
1790
1791
1792
1793
1794
1795
1796
1797
1798
1799
1800
1801
1802
1803
1804
1805
1806
1807
1808
1809
1810
1811
1812
1813
1814
1815
1816
1817
1818
1819
1820
1821
1822
1823
1824
1825
1826
1827
1828
1829
1830
1831
1832
1833
1834
1835
1836
1837
1838
1839
1840
1841
1842
1843
1844
1845
1846
1847
1848
1849
1850
1851
1852
1853
1854
1855
1856
1857
1858
1859
1860
1861
1862
1863
1864
1865
1866
1867
1868
1869
1870
1871
1872
1873
1874
1875
1876
1877
1878
1879
1880
1881
1882
1883
1884
1885
1886
1887
1888
1889
1890
1891
1892
1893
1894
1895
1896
1897
1898
1899
1900
1901
1902
1903
1904
1905
1906
1907
1908
1909
1910
1911
1912
1913
1914
1915
1916
1917
1918
1919
1920
1921
1922
1923
1924
1925
1926
1927
1928
1929
1930
1931
1932
1933
1934
1935
1936
1937
1938
1939
1940
1941
1942
1943
1944
1945
1946
1947
1948
1949
1950
1951
1952
1953
1954
1955
1956
1957
1958
1959
1960
1961
1962
1963
1964
1965
1966
1967
1968
1969
1970
1971
1972
1973
1974
1975
1976
1977
1978
1979
1980
1981
1982
1983
1984
1985
1986
1987
1988
1989
1990
1991
1992
1993
1994
1995
1996
1997
1998
1999
2000
2001
2002
2003
2004
2005
2006
2007
2008
2009
2010
2011
2012
2013
2014
2015
2016
2017
2018
2019
2020
2021
2022
2023
2024
2025
2026
2027
2028
2029
2030
2031
2032
2033
2034
2035
2036
2037
2038
2039
2040
2041
2042
2043
2044
2045
2046
2047
2048
2049
2050
2051
2052
2053
2054
2055
2056
2057
2058
2059
2060
2061
2062
2063
2064
2065
2066
2067
2068
2069
2070
2071
2072
2073
2074
2075
2076
2077
2078
2079
2080
2081
2082
2083
2084
2085
2086
2087
2088
2089
2090
2091
2092
2093
2094
2095
2096
2097
2098
2099
2100
2101
2102
2103
2104
2105
2106
2107
2108
2109
2110
2111
2112
2113
2114
2115
2116
2117
2118
2119
2120
2121
2122
2123
2124
2125
2126
2127
2128
2129
2130
2131
2132
2133
2134
2135
2136
2137
2138
2139
2140
2141
2142
2143
2144
2145
2146
2147
2148
2149
2150
2151
2152
2153
2154
2155
2156
2157
2158
2159
2160
2161
2162
2163
2164
2165
2166
2167
2168
2169
2170
2171
2172
2173
2174
2175
2176
2177
2178
2179
2180
2181
2182
2183
2184
2185
2186
2187
2188
2189
2190
2191
2192
2193
2194
2195
2196
2197
2198
2199
2200
2201
2202
2203
2204
2205
2206
2207
2208
2209
2210
2211
2212
2213
2214
2215
2216
2217
2218
2219
2220
2221
2222
2223
2224
2225
2226
2227
2228
2229
2230
2231
2232
2233
2234
2235
2236
2237
2238
2239
2240
2241
2242
2243
2244
2245
2246
2247
2248
2249
2250
2251
2252
2253
2254
2255
2256
2257
2258
2259
2260
2261
2262
2263
2264
2265
2266
2267
2268
2269
2270
2271
2272
2273
2274
2275
2276
2277
2278
2279
2280
2281
2282
2283
2284
2285
2286
2287
2288
2289
2290
2291
2292
2293
2294
2295
2296
2297
2298
2299
2300
2301
2302
2303
2304
2305
2306
2307
2308
2309
2310
2311
2312
2313
2314
2315
2316
2317
2318
2319
2320
2321
2322
2323
2324
2325
2326
2327
2328
2329
2330
2331
2332
2333
2334
2335
2336
2337
2338
2339
2340
2341
2342
2343
2344
2345
2346
2347
2348
2349
2350
2351
2352
2353
2354
2355
2356
2357
2358
2359
2360
2361
2362
2363
2364
2365
2366
2367
2368
2369
2370
2371
2372
2373
2374
2375
2376
2377
2378
2379
2380
2381
2382
2383
2384
2385
2386
2387
2388
2389
2390
2391
2392
2393
2394
2395
2396
2397
2398
2399
2400
2401
2402
2403
2404
2405
2406
2407
2408
2409
2410
2411
2412
2413
2414
2415
2416
2417
2418
2419
2420
2421
2422
2423
2424
2425
2426
2427
2428
2429
2430
2431
2432
2433
2434
2435
2436
2437
2438
2439
2440
2441
2442
2443
2444
2445
2446
2447
2448
2449
2450
2451
2452
2453
2454
2455
2456
2457
2458
2459
2460
2461
2462
2463
2464
2465
2466
2467
2468
2469
2470
2471
2472
2473
2474
2475
2476
2477
2478
2479
2480
2481
2482
2483
2484
2485
2486
2487
2488
2489
2490
2491
2492
2493
2494
2495
2496
2497
2498
2499
2500
2501
2502
2503
2504
2505
2506
2507
2508
2509
2510
2511
2512
2513
2514
2515
2516
2517
2518
2519
2520
2521
2522
2523
2524
2525
2526
2527
2528
2529
2530
2531
2532
2533
2534
2535
2536
2537
2538
2539
2540
2541
2542
2543
2544
2545
2546
2547
2548
2549
2550
2551
2552
2553
2554
2555
2556
2557
2558
2559
2560
2561
2562
2563
2564
2565
2566
2567
2568
2569
2570
2571
2572
2573
2574
2575
2576
2577
2578
2579
2580
2581
2582
2583
2584
2585
2586
2587
2588
2589
2590
2591
2592
2593
2594
2595
2596
2597
2598
2599
2600
2601
2602
2603
2604
2605
2606
2607
2608
2609
2610
2611
2612
2613
2614
2615
2616
2617
2618
2619
2620
2621
2622
2623
2624
2625
2626
2627
2628
2629
2630
2631
2632
2633
2634
2635
2636
2637
2638
2639
2640
2641
2642
2643
2644
2645
2646
2647
2648
2649
2650
2651
2652
2653
2654
2655
2656
2657
2658
2659
2660
2661
2662
2663
2664
2665
2666
2667
2668
2669
2670
2671
2672
2673
2674
2675
2676
2677
2678
2679
2680
2681
2682
2683
2684
2685
2686
2687
2688
2689
2690
2691
2692
2693
2694
2695
2696
2697
2698
2699
2700
2701
2702
2703
2704
2705
2706
2707
2708
2709
2710
2711
2712
2713
2714
2715
2716
2717
2718
2719
2720
2721
2722
2723
2724
2725
2726
2727
2728
2729
2730
2731
2732
2733
2734
2735
2736
2737
2738
2739
2740
2741
2742
2743
2744
2745
2746
2747
2748
2749
2750
2751
2752
2753
2754
2755
2756
2757
2758
2759
2760
2761
2762
2763
2764
2765
2766
2767
2768
2769
2770
2771
2772
2773
2774
2775
2776
2777
2778
2779
2780
2781
2782
2783
2784
2785
2786
2787
2788
2789
2790
2791
2792
2793
2794
2795
2796
2797
2798
2799
2800
2801
2802
2803
2804
2805
2806
2807
2808
2809
2810
2811
2812
2813
2814
2815
2816
2817
2818
2819
2820
2821
2822
2823
2824
2825
2826
2827
2828
2829
2830
2831
2832
2833
2834
2835
2836
2837
2838
2839
2840
2841
2842
2843
2844
2845
2846
2847
2848
2849
2850
2851
2852
2853
2854
2855
2856
2857
2858
2859
2860
2861
2862
2863
2864
2865
2866
2867
2868
2869
2870
2871
2872
2873
2874
2875
2876
2877
2878
2879
2880
2881
2882
2883
2884
2885
2886
2887
2888
2889
2890
2891
2892
2893
2894
2895
2896
2897
2898
2899
2900
2901
2902
2903
2904
2905
2906
2907
2908
2909
2910
2911
2912
2913
2914
2915
2916
2917
2918
2919
2920
2921
2922
2923
2924
2925
2926
2927
2928
2929
2930
2931
2932
2933
2934
2935
2936
2937
2938
2939
2940
2941
2942
2943
2944
2945
2946
2947
2948
2949
2950
2951
2952
2953
2954
2955
2956
2957
2958
2959
2960
2961
2962
2963
2964
2965
2966
2967
2968
2969
2970
2971
2972
2973
2974
2975
2976
2977
2978
2979
2980
2981
2982
2983
2984
2985
2986
2987
2988
2989
2990
2991
2992
2993
2994
2995
2996
2997
2998
2999
3000
3001
3002
3003
3004
3005
3006
3007
3008
3009
3010
3011
3012
3013
3014
3015
3016
3017
3018
3019
3020
3021
3022
3023
3024
3025
3026
3027
3028
3029
3030
3031
3032
3033
3034
3035
3036
3037
3038
3039
3040
3041
3042
3043
3044
3045
3046
3047
3048
3049
3050
3051
3052
3053
3054
3055
3056
3057
3058
3059
3060
3061
3062
3063
3064
3065
3066
3067
3068
3069
3070
3071
3072
3073
3074
3075
3076
3077
3078
3079
3080
3081
3082
3083
3084
3085
3086
3087
3088
3089
3090
3091
3092
3093
3094
3095
3096
3097
3098
3099
3100
3101
3102
3103
3104
3105
3106
3107
3108
3109
3110
3111
3112
3113
3114
3115
3116
3117
3118
3119
3120
3121
3122
3123
3124
3125
3126
3127
3128
3129
3130
3131
3132
3133
3134
3135
3136
3137
3138
3139
3140
3141
3142
3143
3144
3145
3146
3147
3148
3149
3150
3151
3152
3153
3154
3155
3156
3157
3158
3159
3160
3161
3162
3163
3164
3165
3166
3167
3168
3169
3170
3171
3172
3173
3174
3175
3176
3177
3178
3179
3180
3181
3182
3183
3184
3185
3186
3187
3188
3189
3190
3191
3192
3193
3194
3195
3196
3197
3198
3199
3200
3201
3202
3203
3204
3205
3206
3207
3208
3209
3210
3211
3212
3213
3214
3215
3216
3217
3218
3219
3220
3221
3222
3223
3224
3225
3226
3227
3228
3229
3230
3231
3232
3233
3234
3235
3236
3237
3238
3239
3240
3241
3242
3243
3244
3245
3246
3247
3248
3249
3250
3251
3252
3253
3254
3255
3256
3257
3258
3259
3260
3261
3262
3263
3264
3265
3266
3267
3268
3269
3270
3271
3272
3273
3274
3275
3276
3277
3278
3279
3280
3281
3282
3283
3284
3285
3286
3287
3288
3289
3290
3291
3292
3293
3294
3295
3296
3297
3298
3299
3300
3301
3302
3303
3304
3305
3306
3307
3308
3309
3310
3311
3312
3313
3314
3315
3316
3317
3318
3319
3320
3321
3322
3323
3324
3325
3326
3327
3328
3329
3330
3331
3332
3333
3334
3335
3336
3337
3338
3339
3340
3341
3342
3343
3344
3345
3346
3347
3348
3349
3350
3351
3352
3353
3354
3355
3356
3357
3358
3359
3360
3361
3362
3363
3364
3365
3366
3367
3368
3369
3370
3371
3372
3373
3374
3375
3376
3377
3378
3379
3380
3381
3382
3383
3384
3385
3386
3387
3388
3389
3390
3391
3392
3393
3394
3395
3396
3397
3398
3399
3400
3401
3402
3403
3404
3405
3406
3407
3408
3409
3410
3411
3412
3413
3414
3415
3416
3417
3418
3419
3420
3421
3422
3423
3424
3425
3426
3427
3428
3429
3430
3431
3432
3433
3434
3435
3436
3437
3438
3439
3440
3441
3442
3443
3444
3445
3446
3447
3448
3449
3450
3451
3452
3453
3454
3455
3456
3457
3458
3459
3460
3461
3462
3463
3464
3465
3466
3467
3468
3469
3470
3471
3472
3473
3474
3475
3476
3477
3478
3479
3480
3481
3482
3483
3484
3485
3486
3487
3488
3489
3490
3491
3492
3493
3494
3495
3496
3497
3498
3499
3500
3501
3502
3503
3504
3505
3506
3507
3508
3509
3510
3511
3512
3513
3514
3515
3516
3517
3518
3519
3520
3521
3522
3523
3524
3525
3526
3527
3528
3529
3530
3531
3532
3533
3534
3535
3536
3537
3538
3539
3540
3541
3542
3543
3544
3545
3546
3547
3548
3549
3550
3551
3552
3553
3554
3555
3556
3557
3558
3559
3560
3561
3562
3563
3564
3565
3566
3567
3568
3569
3570
3571
3572
3573
3574
3575
3576
3577
3578
3579
3580
3581
3582
3583
3584
3585
3586
3587
3588
3589
3590
3591
3592
3593
3594
3595
3596
3597
3598
3599
3600
3601
3602
3603
3604
3605
3606
3607
3608
3609
3610
3611
3612
3613
3614
3615
3616
3617
3618
3619
3620
3621
3622
3623
3624
3625
3626
3627
3628
3629
3630
3631
3632
3633
3634
3635
3636
3637
3638
3639
3640
3641
3642
3643
3644
3645
3646
3647
3648
0.2501768612904436 -0.004453817605414012 0
0.2104259016393251 -0.003586607770731845 0
0.1723242145014284 -0.003163387608751285 0
0.1326738498347092 -0.003382493711883798 0
0.0924020800884269 -0.003416115118831273 0
0.05186175623191434 -0.003541613752521917 0
0.01163169532908585 -0.003787275802749143 0
0.2863547922906702 -0.003354119807559945 0
0.3173092551451091 -0.003500113127340223 0
0.3487540760027959 -0.003475614121453832 0
0.3773977572667251 -0.003546014710411346 0
0.4011989099062011 -0.003519316493155639 0
0.4205997412427195 -0.00343993106345629 0
0.4407101897961875 -0.003574907934723673 0
0.4563839787105216 -0.003626329775881912 0
0.332972897134544 -0.003396250982763854 0
0.270260320855528 -0.0034402641151045 0
0.3019369691346581 -0.00331951306124469 0
0.4693352387620815 -0.004413098798075149 0
0.4252187050061584 -0.2136892893383105 0
-0.1213783964457365 -0.05053300288711046 0
-0.0157398233503047 -0.003429221093026225 0
-0.0268063502173322 -0.006757829016606238 0
0.2166644413279103 -0.3921022811494195 0
-0.2450591468196032 -0.05590637791941248 0
0.4779763618317071 -0.003335744462857584 0
0.4859090802136 -0.002897453206894104 0
-0.1118431248618125 -0.4162237016965225 0
0.4564195790331658 -0.06396325685565331 0
-0.389454373111394 -0.2702658370217009 0
0.4937700834021517 -0.0022893944467254 0
0.4457426328336839 -0.1597067607932121 0
0.3758978853820534 -0.182411715939692 0
0.3960026564128751 -0.1327383499808848 0
0.3361981296681818 -0.1562036397139805 0
0.3541123894069835 -0.1231046018186391 0
0.3038638298774435 -0.1327704024650179 0
0.3244280795243769 -0.1061623395325961 0
0.276562006742184 -0.111611894071062 0
0.2785996731463346 -0.1593987168946829 0
0.2525939887331137 -0.1332456592664926 0
0.2535536250474167 -0.09363102413367916 0
0.2313489407099305 -0.1105282644453702 0
0.2299001293487309 -0.00380733593490247 0
0.2254938431421775 -0.1529796846207666 0
0.2059811652685197 -0.1261325691528536 0
0.1971098954827206 -0.1724414136834956 0
0.1773485774560602 -0.1419247277044801 0
0.1724519901452535 -0.197826203728786 0
0.1383400302385795 -0.1624487072684115 0
0.2380991498151779 -0.003667273207109237 0
0.2220488223299523 -0.003516126125624756 0
0.1652311151369819 -0.1115715889853008 0
0.1910432641413214 -0.003146332527235685 0
0.1525409278736661 -0.003749729077347176 0
0.1836826601355084 -0.003349031049452376 0
0.1983300656010502 -0.003611108863970943 0
0.1606255345445311 -0.003465406709823541 0
0.1443896650821652 -0.003610147385209946 0
0.2349194597704497 -0.07768827937904388 0
0.2524512676685119 -0.0610185487947385 0
0.3411435977143534 -0.08262900306089581 0
0.3216817554305809 -0.06505064261851759 0
0.2187840725014123 -0.2037431707583233 0
0.2337302155080834 -0.05289297977735898 0
0.2520511521724891 -0.0469071303561069 0
0.3396662491642773 -0.05236671073544447 0
0.3537325408045143 -0.06345006897356761 0
0.3472041130327341 -0.2259686897471152 0
0.320795006239866 -0.04862705812735091 0
0.1137431822732977 -0.211156406195613 0
0.06894376094056943 -0.1800613785880237 0
0.05569435985186837 -0.1294610436286656 0
0.07213834524503271 -0.003487411547788712 0
0.3616586389910443 -0.04453785863659987 0
0.3799041766840348 -0.05447139713431656 0
0.2327341428826893 -0.03613777598790577 0
0.222721560399865 -0.04332393625615245 0
0.1549906558921689 -0.2370586103014374 0
0.2493269194488329 -0.03255976612281878 0
0.2617631343797077 -0.03769138524813606 0
0.2251808571664019 -0.02910096104720594 0
0.2155484090212229 -0.03377424038987105 0
0.2096074749853973 -0.04984223457686609 0
0.2036020577922947 -0.03749787770589327 0
0.01267401431725957 -0.1349691339338342 0
0.020417544713772 -0.08947439847092274 0
0.03186936988472552 -0.003616877983543279 0
0.04002704562640239 -0.003637744005618413 0
0.02405001734431972 -0.003658108057059513 0
0.07132520219778586 -0.07986482932163437 0
0.1126168265538725 -0.003609254111313077 0
0.1208447832993056 -0.003554339017930168 0
0.1043977424959494 -0.003464943725302757 0
0.01137460741507243 -0.1849545867980162 0
0.263722302320444 -0.0253375023623022 0
0.2751739039517662 -0.03130337460934533 0
0.2822582443142775 -0.0398222261175316 0
0.2014215883835086 -0.02691660075661136 0
0.1914584940383519 -0.02636193750064231 0
0.186580951613817 -0.0387788848952029 0
0.1754710562093346 -0.02823447238536592 0
0.1695929657748184 -0.04596731237248883 0
0.1640243283959796 -0.03323239519361106 0
0.1543644526068031 -0.0497544364141829 0
0.1510272585737817 -0.03686097296416849 0
0.1426237781058581 -0.05157848737913454 0
0.1352126977976195 -0.03981326737542187 0
0.118750660864479 -0.05508331634968665 0
0.1115792658405353 -0.03644264526946472 0
0.3728530527669651 -0.03272875092182014 0
0.3858315483911008 -0.03963275411538085 0
0.3894238600764783 -0.0033823989240513 0
0.3606702979625042 -0.003620656243725342 0
0.3690241097978217 -0.003785838704359572 0
0.3551987119032001 -0.03019986168712609 0
0.08690680422994949 -0.2573849263585227 0
0.3939742025944185 -0.05949804316439497 0
0.4069744372031149 -0.04498067235838064 0
0.1379984636248768 -0.02590217969461242 0
0.1699988693342375 -0.01903386721102251 0
0.175305864319979 -0.06155080490304778 0
0.2824522814617467 -0.02241870286920043 0
0.2919093251386001 -0.02810160107908986 0
0.254687054895607 -0.02075540274085998 0
0.2613250868263344 -0.01757615485925971 0
0.2621849343614614 -0.003570681416708411 0
0.3885153856796026 -0.02795010214211822 0
0.1937840488825609 -0.01912628808649949 0
0.2922107187144741 -0.01799282679100693 0
0.2941883490680098 -0.003325573257575127 0
0.3019404027268642 -0.02281475615736712 0
0.2005096792601618 -0.01811886908112098 0
0.1951301576997131 -0.0143539846625256 0
0.2922111756083982 -0.0484857317083512 0
0.372333156035057 -0.0188205524467988 0
-0.03886467408422312 -0.1318015027047781 0
-0.04751132567372672 -0.1883432870951804 0
-0.1177744296354836 -0.189583490630935 0
-0.1187913265608423 -0.26276624580022 0
0.2707587064488301 -0.07583603100101675 0
0.3569466187732088 -0.01967906164734495 0
-0.1978791949200782 -0.191206182912337 0
-0.2001574886864363 -0.2714921832613235 0
-0.2829165513393815 -0.1912612402891403 0
0.3299590542237567 -0.03872621755473569 0
0.3170317544987779 -0.03368579380485118 0
0.3303486385973307 -0.02367926904316535 0
0.3202847493925776 -0.02471648698556968 0
0.2858473387408758 -0.01522764695649698 0
0.2783716599623297 -0.003390119386416122 0
0.2890422579451759 -0.01290376777450279 0
0.278997027409046 -0.02131932658508855 0
0.3307837934768573 -0.01436471103064899 0
0.3250966139454799 -0.01351674589767632 0
0.3251612917180714 -0.003454383980468329 0
0.3419880974244803 -0.02238310853627454 0
0.3408205877679237 -0.003389326784453977 0
0.3387921758926505 -0.01218258594565509 0
0.2335797942911932 -0.02442257451033056 0
0.2265612410969272 -0.01982119105734219 0
0.2383827691845754 -0.01857662777042191 0
0.2314163893790953 -0.01304935759501128 0
0.2199931298263178 -0.02123895557829712 0
0.2192844560702303 -0.01387521228342464 0
0.2235645022321825 -0.01328543864152391 0
0.1389387216295723 -0.0640879078753863 0
0.1110350040676235 -0.08017469005557054 0
0.1482234941587183 -0.02578953054826698 0
0.1391311402312744 -0.01826382742533567 0
0.1336688906211257 -0.0165933418332289 0
0.1352599468922193 -0.01303037403588347 0
0.1526472870560545 -0.01576969937957907 0
0.1464543354008254 -0.01127403934333817 0
0.1225056472567156 -0.03024827474481989 0
0.1073522678664695 -0.0235494812947315 0
0.09761151444669276 -0.0378293718198956 0
0.09716492849707792 -0.02607056607738352 0
0.0852679636447712 -0.03385912386857164 0
0.07767672066209089 -0.02636085158696716 0
0.06902934109954535 -0.03165857736708716 0
0.05752704096409574 -0.03364118775799491 0
0.05099256204762491 -0.02040500695376416 0
0.04576751952874886 -0.03188773375100197 0
0.1213065844760313 -0.01852925789103657 0
0.03993864039650577 -0.01993290240204691 0
0.03543230148153409 -0.02777431626911963 0
0.02744244667542183 -0.02099798690672216 0
0.01903589269021913 -0.02949958421608396 0
-0.0002100080414532258 -0.003757690677668701 0
0.03393806288037842 -0.01691627439805256 0
0.03065825968950065 -0.01348621163882873 0
0.02753196887713104 -0.03872630575915292 0
0.00591413765392807 -0.0342243680625763 0
0.1016007433454199 -0.01728974233263635 0
0.09600546214747865 -0.01851375351720873 0
0.08437198293902808 -0.003545377531832804 0
0.09926306299015027 -0.01336540423030844 0
0.06121036007455647 -0.01298314530358722 0
0.06409424887052034 -0.003575354173155875 0
0.05497984572789072 -0.04879127345706982 0
0.01495611683759168 -0.02077776197293647 0
0.02091950819347009 -0.01687063131306083 0
0.01787982107968744 -0.01280402493082661 0
0.01738001441740191 -0.2391900535650098 0
0.1784202409598203 -0.01743108190951546 0
0.1791862381793648 -0.01231561141727869 0
0.1750416215586684 -0.009456226579500428 0
0.07442830038904499 -0.01784265514667868 0
0.1347892514764295 -0.11658296251048 0
0.2798477408763227 -0.01709000256684682 0
0.2595491743142573 -0.01049575755324823 0
0.04887578955024222 -0.01291949210581719 0
0.04121826628369098 -0.01457520044879016 0
0.2984471828255789 -0.01575085327082079 0
0.2950846840114199 -0.01303712520558052 0
0.3079594687693221 -0.01836875986582158 0
0.3095627739746138 -0.00343771565725044 0
0.3058624906483426 -0.009352680528221184 0
0.3080863803077257 -0.02902475328826521 0
0.1918316698480317 -0.1019320505060669 0
0.1761384397689322 -0.01303662686638133 0
0.384760205835855 -0.1017524421521954 0
0.4200032362139082 -0.1040150453541757 0
0.3444692386349786 -0.03420890426210511 0
0.2578736549100414 -0.01294798572461804 0
-0.01281293034958052 -0.4057723129279378 0
0.01367047347950667 -0.05829339909126492 0
-0.01850693472681813 -0.05329194988078282 0
-0.02613712353072391 -0.08723387864598914 0
-0.01520494842614803 -0.02879080772524873 0
0.1646546816829502 -0.009898185575480748 0
0.1647448414959867 -0.0143611564330082 0
0.4332011284005725 -0.2954379553353432 0
0.245464650779997 -0.01468454481186661 0
0.2491756934677397 -0.009534452859450241 0
0.3046859477721565 -0.0140472178161859 0
0.09615520711173084 -0.05463586768327013 0
0.2990781306517163 -0.3711551020213386 0
0.2613005079937744 -0.2962621990289431 0
0.137994099069684 -0.2925742788549336 0
0.4188882135034168 -0.06332430552858255 0
-0.3749714788773137 -0.1808192793206372 0
0.2506975067820205 -0.01364929206283519 0
0.2454147891082423 -0.01027937063493558 0
0.2455173286156676 -0.00688312608850638 0
0.2416155976837837 -0.01012224830342577 0
0.2406297446921978 -0.01390466772992175 0
0.2388946089780433 -0.009723094977751201 0
0.2524901090625177 -0.007871999485233306 0
-0.1817866142031628 -0.4166771427260154 0
0.208571803854862 -0.01690713209852822 0
0.2133298541332086 -0.01138328162363856 0
0.215257847591087 -0.01596484699945972 0
-0.3117273389204422 -0.06054781326617412 0
-0.05622333039013588 -0.07760841653989507 0
0.3544101272852249 -0.3202951666184919 0
-0.004242250448199579 -0.003867807345300279 0
-0.0002965774584166096 -0.007600345017131837 0
0.003485772783983661 -0.007070095301332106 0
0.003344722564831944 -0.009610501698073134 0
-0.004595148687508614 -0.008183337391764094 0
0.005900701286570386 -0.01043848114464732 0
0.003453376898881819 -0.01415631812193185 0
0.007068297886076221 -0.007098176556912019 0
0.009656016109595275 -0.01120199551041897 0
-0.2826346304492616 -0.3733307657261177 0
0.2420106273694859 -0.003491939487063789 0
0.2458306167102171 -0.003611243423113017 0
0.2548308684847089 -0.006368653462127278 0
0.1945336162831024 -0.003242720128528133 0
0.1976898315854853 -0.007244430345282626 0
0.2021987065839234 -0.00858037003333738 0
0.1995754970064768 -0.01232072758471578 0
0.2047188797927194 -0.01255163836074085 0
0.206912867022951 -0.007446534811285375 0
0.2082370443381553 -0.01070884720148512 0
0.196414407920622 -0.01076793108502874 0
0.1940216025262241 -0.006298479479987763 0
0.1926970561583798 -0.009383170108855261 0
0.1907722133185009 -0.01296727935647315 0
0.1869977217124415 -0.01089270539007545 0
0.1879779801823061 -0.01728436753949574 0
0.1887482628369611 -0.007111173182996585 0
0.1845534597817932 -0.009167591368954382 0
0.1838366509179749 -0.01444461139967767 0
0.2181489087147726 -0.003519205865283395 0
0.2217765967043657 -0.006978856234246838 0
0.2254407027022513 -0.007159258376197213 0
0.2179600555921861 -0.007080752014710587 0
0.1404736395946978 -0.003507525951819823 0
0.1417853076759817 -0.00704996878681763 0
0.1379457256672859 -0.00682653874639369 0
0.1456062786276638 -0.007313693182118265 0
0.1387946208660118 -0.0101580271287 0
0.1798385520178303 -0.003262730111554058 0
0.2142585394020747 -0.003539443496195858 0
0.1003545536324055 -0.003408511123856982 0
0.1012665570566165 -0.006806173050290053 0
0.105279434059663 -0.006988262436184637 0
0.1055986409454521 -0.01057875298692256 0
0.09732023481590113 -0.00676479276147833 0
0.1047219062610908 -0.0142195436665111 0
0.1095051823935206 -0.01594000362358358 0
0.1099048475152282 -0.01121355672139925 0
0.1149397111229856 -0.01629279188105725 0
0.1145159932605935 -0.01164195383661908 0
0.1017541294448977 -0.01010616360975283 0
0.1137961838802712 -0.007485566901898143 0
0.1184375610195655 -0.01586029106167284 0
0.1196006940385097 -0.01240638632887596 0
0.1226430221381192 -0.01550591966788975 0
0.124365716816318 -0.01105765989092161 0
0.1262528400544155 -0.01504793522838003 0
0.1282720074054169 -0.01031802042849545 0
0.1265767510630996 -0.00692721417483768 0
0.122517532448762 -0.007285534396879855 0
0.08839971120686706 -0.003482125525664729 0
0.08525014306899908 -0.007367304744148622 0
0.08087226208332375 -0.007617876914545633 0
0.08632282813523399 -0.01158552188248507 0
0.09054093138725806 -0.01071897334451081 0
0.08901590495921856 -0.01685570740831675 0
0.08941806790944605 -0.007096896040268716 0
0.09437212719696171 -0.01026526700975447 0
0.05995030764176642 -0.003722043429107264 0
0.06459682438497781 -0.007092679122225014 0
0.06019683770706206 -0.008134587288284314 0
0.1874402952572236 -0.003288958198038584 0
0.07614478818390459 -0.003583725294805635 0
0.07242711968408899 -0.007107912287662829 0
0.108431911374009 -0.003568428370383605 0
0.1646008264212419 -0.003385723666681247 0
0.162463098957961 -0.006776812055228836 0
0.158533753351184 -0.006909995305074021 0
0.1605078069787466 -0.009500621990920388 0
0.1581788820916261 -0.01095858896946717 0
0.1663090560597795 -0.00714559901888805 0
0.1688280723341235 -0.009381504809423707 0
0.1566202351204329 -0.003587517857739102 0
0.05581526710006587 -0.003688566982042456 0
0.04795146730584903 -0.003494953540361539 0
0.05189381406010105 -0.007061230084294323 0
0.04817983193564384 -0.006969795128936864 0
0.03591914565959404 -0.003708130691869928 0
0.03604364123265619 -0.007969903851417832 0
0.03175611968743391 -0.007049367877156644 0
0.0335245446874816 -0.01106766131744764 0
0.03810944398511347 -0.0107051564863745 0
0.04050838242723011 -0.00724374585205054 0
0.0410203041305328 -0.01071592574294561 0
0.04557276535969439 -0.01446653164685439 0
0.02794706575384437 -0.003579332994569794 0
0.02000493151053812 -0.003844127415603299 0
0.02434096413677537 -0.007419504310518111 0
0.02033390234386482 -0.0077687504908745 0
0.01578415449504356 -0.003959626544133701 0
0.06807803468132204 -0.003490729185925127 0
0.2259003185972603 -0.003622298844033096 0
0.04402004222142317 -0.003535477447087195 0
0.2340021394142256 -0.003900143549331517 0
0.1685147019847751 -0.003228961834689967 0
0.08020925859351488 -0.003651291219357456 0
0.2023667210932669 -0.003869605377923941 0
0.09633677250798968 -0.003397554076131867 0
0.1483879356400665 -0.003745628922363825 0
0.136521749859235 -0.00343021789466332 0
0.1760595560962092 -0.003202761672893851 0
0.1773772037868155 -0.006398280772888784 0
0.3212286927991461 -0.003489390319008205 0
0.3209864246096308 -0.007047074235878212 0
0.3170227118847038 -0.007079280348085072 0
0.3209235071896855 -0.01060803379040889 0
0.3161967253248276 -0.01131127111061852 0
0.3178909857288338 -0.01430219497485695 0
0.3122818323802625 -0.01474514991757134 0
0.3161574777875763 -0.01726064167574647 0
0.3128989079634213 -0.009834299012175652 0
0.3854493217984765 -0.003407995512504047 0
0.3899974105675655 -0.00672799448473079 0
0.3566844152138368 -0.003538603570697054 0
0.3600567071721654 -0.007312755865228687 0
0.3562040210879315 -0.007093672612097094 0
0.3642618852773863 -0.00784994409277877 0
0.3627045972664174 -0.01341205767912811 0
0.3593861339429516 -0.01026633373805587 0
0.356129666519792 -0.01079902009483052 0
0.2662118188383177 -0.003489231853787015 0
0.2706152255969846 -0.006898811698959769 0
0.2748288948842141 -0.006830952659104312 0
0.2708591749325178 -0.01042855976064707 0
0.266520355434373 -0.01055930770172201 0
0.2709570125226174 -0.01414742421816005 0
0.2757213161460639 -0.01365403948480241 0
0.2711418740756238 -0.01853671193138368 0
0.2753423227321543 -0.0102469423299645 0
0.2798695577661641 -0.01025169574041122 0
0.2664605082857842 -0.006993173406190826 0
0.2624611840366872 -0.01055235373495401 0
0.2624151357784513 -0.007130108326053167 0
0.2662726302358194 -0.01437437339901807 0
0.3057458523419695 -0.003370395754583643 0
0.3732596879566105 -0.003699734920293503 0
0.377885189221017 -0.007140877585092967 0
0.3447566198518859 -0.003427173184397514 0
0.3440615336527325 -0.006847412506804126 0
0.3401664129749328 -0.00672476362643354 0
0.3430111475595892 -0.01025188900976562 0
0.3471007847262969 -0.01078823316307986 0
0.3455254554080512 -0.01528215115871858 0
0.3411661336852042 -0.0136760258506616 0
0.3480638926845545 -0.007028677680124844 0
0.3133990697564358 -0.00349084599411931 0
0.2980775612469786 -0.003319865675327906 0
0.2985417260316339 -0.006730090208016941 0
0.2947157657647811 -0.00673170958482701 0
0.3814411427205059 -0.003463773856625312 0
0.2902841145617442 -0.003343327421152673 0
0.2743174375970734 -0.003415065333666707 0
0.3368663123500681 -0.003378906831035897 0
0.282391397973367 -0.0033745411547893 0
0.2870996438241894 -0.006737299749164578 0
0.3972536049941416 -0.00342213714611471 0
0.4014213995322946 -0.007084434993653127 0
0.4091780249026904 -0.003619240735789361 0
0.405187683689217 -0.00362781495842757 0
0.4097749957361281 -0.007446822936333274 0
0.3933453496044953 -0.003376717725767415 0
0.2582160182378226 -0.003603220420094968 0
0.3290593145298241 -0.003421375644753259 0
0.3287017376320263 -0.006818683495104216 0
0.3647772199655473 -0.003787351633022666 0
0.4130473192793463 -0.003533780695083972 0
0.3527082654906138 -0.003519283982414709 0
0.4168217884312511 -0.003452105623365982 0
0.420466094921472 -0.006833292512051404 0
0.4283108284739548 -0.003519463873548222 0
0.4323236052057244 -0.003650239668874644 0
0.431786588581136 -0.007260779790681874 0
0.4364958241265555 -0.003729092564752599 0
0.4410903787099686 -0.007148933891712649 0
0.448498383996327 -0.003529178835413952 0
0.4446833999969561 -0.003399001024706549 0
0.4244060229086317 -0.003461967968302497 0
0.2064712093657706 -0.003775392231420706 0
0.1093847577628041 -0.007286601629150933 0
0.3131713107395983 -0.007037275670491706 0
0.1544859583030498 -0.008100300585126233 0
0.153650499642624 -0.01105270506823489 0
0.3248907443911027 -0.006905968700277629 0
0.3283157626658238 -0.01012167290309031 0
0.3022927251606111 -0.006662843520891847 0
0.3325066365478316 -0.006761409581077308 0
0.1167108424955291 -0.00364808961721308 0
0.02767704665771048 -0.01519518442846356 0
0.02890372479210042 -0.01037731830476916 0
0.2246864869609188 -0.01045397534362479 0
0.2280048738118476 -0.01141898119711436 0
0.2292225310382046 -0.007733922810390722 0
-0.008191851822696425 -0.003773860641368136 0
-0.009035623591427591 -0.007885105038161946 0
-0.004486538574666884 -0.0136463106644825 0
0.0005969854173013232 -0.01126649907191298 0
0.3094720646573109 -0.006960679419736045 0
-0.01860164398061656 -0.002709574710112835 0
-0.01612925705492221 -0.008873807768620394 0
-0.0210319199104391 -0.004452624870214607 0
0.2105053533795304 -0.007048085146747941 0
0.003723113082322489 -0.003621334513236207 0
0.05565142982958532 -0.007410170458627877 0
0.05167823777055081 -0.01042590506894729 0
0.07649704866296407 -0.007490194465408094 0
0.07613712979707106 -0.01190328111889305 0
0.07207976929360649 -0.01101879217873127 0
0.06841783550434208 -0.006994432981073231 0
0.06835850678538648 -0.01051314191358473 0
0.2909322209832975 -0.006713507278817277 0
0.336326713080021 -0.006711118362433538 0
0.1181758792262299 -0.007585919634908666 0
0.081220408978336 -0.0132567865423393 0
0.3516239402572956 -0.01104443301499374 0
0.09339150752848167 -0.00687868425629818 0
0.04439004004068992 -0.007049954506952454 0
0.3521711707953259 -0.007144851797234392 0
0.1248146028830386 -0.003473750382060421 0
0.01544118533776197 -0.008736744920817484 0
0.01272620350362823 -0.01167728836974942 0
0.1341137699920346 -0.006709619823566222 0
0.3690029482892903 -0.008001130954781289 0
0.2339476451470161 -0.00875327934650324 0
0.1496131898254651 -0.007537734599532013 0
0.007604219011445584 -0.003622762619705621 0
0.1287368092153157 -0.00339900142137159 0
0.2141003983519916 -0.007106752213701157 0
0.2826744479845473 -0.06063074324313653 0
0.2946280611634603 -0.06615942760891567 0
0.4179926902482026 -0.3617142709198006 0
-0.01198688455290471 -0.003700767735497307 0
0.4001078234200043 -0.02781200874538401 0
0.4197231674398147 -0.03405536623524211 0
0.3963227492920396 -0.01786550906997753 0
0.393474192301471 -0.2647211867430552 0
-0.3722064739512224 -0.07554876588960112 0
0.01083508116140972 -0.007587206495427825 0
0.008194808520295182 -0.01557504596297273 0
0.3319668639556064 -0.01014363136327452 0
0.1303475080413861 -0.006737379911326802 0
0.1316772020624216 -0.009875850192801173 0
0.1808952657234262 -0.006448799136435573 0
0.324752716739709 -0.01025545662421045 0
0.2202209378423421 -0.06303540464645944 0
0.2024410688361868 -0.0723757871476759 0
0.2215249335905601 -0.01018978416203607 0
0.3097313425684496 -0.2658795455313738 0
0.1301841117539228 -0.01362739616980073 0
0.4332690544230851 -0.04621193727668668 0
0.4419638960246175 -0.02772483613262464 0
0.4602608874862065 -0.03117852569369171 0
0.4593105226709052 -0.01841019179665652 0
0.2790404850102567 -0.006810712705857727 0
-0.01211566747662099 -0.006848838858181277 0
-0.01069894069738669 -0.01384089321392683 0
0.2764204324527548 -0.2203651256436444 0
0.2382158138054731 -0.2426221091783991 0
0.182155402307293 -0.08028211018194295 0
-0.05211809199297265 -0.03800942014512329 0
0.02815213754053386 -0.00711739170529677 0
0.2831518871884524 -0.00679202990791922 0
0.2841562139204891 -0.01034664419362081 0
0.3058776951657229 -0.006749333254085547 0
0.3394151463165964 -0.00987699423221876 0
0.2371153750653503 -0.0120394474180296 0
0.4273306807751333 -0.02263023943123413 0
0.3009565347265645 -0.03779295671165125 0
0.3034589180894116 -0.05675238239332428 0
0.3211670043967592 -0.01834305467378251 0
0.3883915607930287 -0.01961705626455035 0
0.3925042429977866 -0.01346823008147868 0
0.3816343995607749 -0.01832400393992982 0
0.382648072356667 -0.01396681230746605 0
0.1019028240441865 -0.01258546927798389 0
0.1570718545224369 -0.06532803248448843 0
0.03504201370918492 -0.05613886876962091 0
0.2180641321402701 -0.010626013539456 0
0.3211279377898487 -0.01413905263046001 0
-0.288947110248471 -0.2765697313852065 0
-0.03539422396678513 -0.01360607561849334 0
0.1589036299803153 -0.02181918553464263 0
0.1603194157677444 -0.01512036718699017 0
0.02072833326775275 -0.01087809354085167 0
0.2880497382677578 -0.01018265234738171 0
0.2442904510032614 -0.02081518171721779 0
-0.02037775069967924 -0.01342362303067537 0
0.0448085540077574 -0.01055862133481117 0
0.3096096274924283 -0.1904259502623354 0
0.2707184841783565 -0.05024541216036468 0
0.1738541997571856 -0.006268087899742062 0
-0.112731096005732 -0.3380456584881772 0
-0.1044313381741616 -0.1128357144012964 0
0.2017811807841658 -0.01398430328861195 0
0.4195065091184779 -0.01851701716676929 0
0.4233387111770684 -0.01489085413551472 0
0.4107033194449676 -0.02187181225595265 0
0.04545965040245939 -0.06662690146449776 0
0.0751992830027805 -0.04882652591631103 0
0.1350651000749866 -0.009905337702009675 0
0.1971993135347372 -0.2497561132317827 0
0.0942918423878473 -0.07165260198990461 0
0.1427177894876645 -0.01059679759200688 0
0.24952776600036 -0.1840213087548138 0
0.2579546998174104 -0.007703366922973107 0
0.2547042094461636 -0.01095442937438209 0
-0.2744377076265701 -0.1067405691315804 0
0.09811334207926435 -0.01007696531439547 0
0.09516476969577889 -0.01382850643439864 0
0.2100759213675662 -0.01287302269286595 0
0.2112387848942613 -0.02489564004307074 0
0.3357920589224483 -0.009967779624466452 0
0.1981801929599345 -0.01481172512874222 0
0.3478510628135781 -0.04375306992179297 0
0.0958111580047044 -0.1138831715504878 0
0.1820707888227178 -0.009663095174929243 0
0.3566531043758395 -0.01531953383188349 0
0.2974035019089457 -0.08509437213251703 0
0.05701616620663261 -0.2272302057062714 0
0.040709789372311 -0.2977280859006544 0
0.2544194162539274 -0.003695240350334519 0
0.1833981075392152 -0.02251719186555001 0
0.1935207681395569 -0.05596211577738477 0
0.4559094654149812 -0.1064715698572192 0
0.1706733927611765 -0.006117290821581326 0
0.1391432815506788 -0.01362305848598638 0
0.3727435250527284 -0.07288661915775893 0
0.1167253195008272 -0.02223333058103788 0
0.3130984719320397 -0.02231435011868699 0
0.1505818007046373 -0.01137548053377219 0
0.1598936579786593 -0.08568799592908448 0
0.3113697330625219 -0.04455895394168177 0
0.04836931133886179 -0.01033748887351569 0
0.05131320199600407 -0.01381047052981088 0
0.05489305370410512 -0.01095429847558969 0
0.3517121639651063 -0.02186235168115729 0
0.3510910006860638 -0.01581861446131903 0
0.03145642292611969 -0.009488566796658039 0
0.3264565294544641 -0.0173584840728204 0
0.196050665670865 -0.2169758627737275 0
0.184376011115658 -0.006614590398482546 0
0.29165725514396 -0.01005419951263964 0
0.2928502361088478 -0.01359510420059265 0
-0.04477147044770285 -0.2529301778381958 0
-0.1930213928304106 -0.05563030056451997 0
0.142562747334826 -0.01342608142020723 0
0.006351466786992003 -0.022254182111595 0
0.3279416623283592 -0.01264387028346167 0
0.2761630572178701 -0.01645803908915599 0
0.2618384523398457 -0.01428458447095068 0
0.2989286707157229 -0.01047773391975947 0
0.2346675062123194 -0.01561713174352779 0
0.2324253487959697 -0.01830159015368609 0
0.03991151874775881 -0.04476336078118714 0
-0.3862307847564747 -0.3803430281354742 0
0.1785178162629183 -0.009656574635509738 0
0.1354696393038619 -0.08639976130590223 0
0.2383678933236749 -0.007254136667149217 0
0.2400821492974079 -0.02831826787185475 0
0.2810180793073809 -0.01302493161238457 0
0.1561600566306861 -0.01329680384409333 0
0.05807853015366049 -0.01197252740506978 0
0.2295491104056389 -0.01665064528961205 0
0.2481883724557166 -0.007046533866432306 0
0.09177571990757739 -0.01363951904892875 0
0.1458471452157843 -0.01680964442564272 0
-0.001329982863414373 -0.01938637221754492 0
-0.03088434110818402 -0.3236324115652 0
0.2214895662405832 -0.01243408402514404 0
0.2219628314102618 -0.01614764342104001 0
0.4384721083622375 -0.01651076028742475 0
0.4333619675221722 -0.01363830910479681 0
0.4498146226325334 -0.01741978165276848 0
0.4413840472413832 -0.01266620164468715 0
0.4482634867104403 -0.00623094769792021 0
0.4520739753329693 -0.009162236263797498 0
0.445175565778934 -0.006725988034277098 0
0.4454822380521264 -0.01040132624463966 0
0.4523751241827736 -0.003768530492404349 0
0.4567071160541713 -0.006411193768659354 0
0.4678164927504619 -0.01569391834122293 0
0.4599707422113983 -0.007043192362401977 0
0.459285961024052 -0.01147962608346377 0
0.464376145156713 -0.007187578755305678 0
0.4649705827372331 -0.01096664469580045 0
0.4603402536704126 -0.003523678232951158 0
0.4644135024165255 -0.00369543734047592 0
0.4676070619215553 -0.007122714141005428 0
0.4729119002018873 -0.007568909758604749 0
0.4785105130420903 -0.02167421746243183 0
0.4739142746081219 -0.003505976225622021 0
0.4753350257537942 -0.006054653221839847 0
0.4414979354597114 -0.0104253907036167 0
0.4384810889304945 -0.01128303673047061 0
0.4363752481698333 -0.008071257700907363 0
0.4344103128096204 -0.01060657990634297 0
0.4310750017130255 -0.01087351119247743 0
0.4286312466839444 -0.0147530692204334 0
0.4271360700955053 -0.01050658365664871 0
0.4240922636627865 -0.006913411345018735 0
0.423701414599244 -0.01040010475003422 0
0.4202836987214091 -0.01021214996927381 0
0.4169388442646097 -0.00678143884400401 0
0.414136256220877 -0.009631020415012419 0
0.4135062409717749 -0.007018253172172289 0
0.411497029600401 -0.01249226100281174 0
0.4278473186218767 -0.007051657597395678 0
0.4170114597680216 -0.01369468639667489 0
0.4168500129118111 -0.009989637400908807 0
0.4357438846964544 -0.01274818101716101 0
0.4200662740367623 -0.01292092192694125 0
0.4397338132135694 -0.01316786720884498 0
0.4030352847440851 -0.01602001990461131 0
0.3975267845944786 -0.01296030561020962 0
0.4054334353567652 -0.0118296976909679 0
0.4055686436203457 -0.007492845098852265 0
0.4011808774353058 -0.01054592233820896 0
0.3976901100354907 -0.009921963782601509 0
0.3975573282117859 -0.006788078162595729 0
0.3938165740069844 -0.006683322206583192 0
0.3943409927778221 -0.009807810900260682 0
0.3907714533679109 -0.01003674730162947 0
0.3867036276646371 -0.01030504280578193 0
0.386019387398672 -0.006819166111958395 0
0.3819654080912824 -0.00693076508233067 0
0.3785972103290493 -0.01064964215800335 0
0.3746178323664276 -0.01162534007957098 0
0.3736638581604221 -0.007618239560227395 0
0.3696179789852604 -0.01306853464274127 0
0.3770473014624962 -0.0154557279047929 0
0.3825244952813379 -0.01040323175830232 0
0.3794414637236134 -0.01335347640926032 0
0.3876166692746832 -0.01425663904371507 0
0.4323873125929528 -0.01688608600108293 0
0.4437936928006492 -0.01453225844737552 0
0.3647522627444598 -0.09522856017275462 0
0.4263382072040922 -0.01696851209587466 0
0.2105500814042615 -0.009516884545630842 0
0.2719737640719673 -0.02451403863577301 0
0.2263770627356737 -0.01465117206151549 0
0.3359702516318493 -0.01306487643399527 0
0.333449389857127 -0.01727882347002141 0
0.3375416732215678 -0.01649913646037126 0
-0.1921728902125494 -0.1182164409082652 0
0.05014332621947992 -0.101195223325316 0
0.01335367031895831 -0.01501780199556314 0
0.2427472577956397 -0.04242476003492482 0
0.1014873795575419 -0.3777115301251702 0
0.4005453669988647 -0.01290164459605276 0
0.1324280890143466 -0.01220435433282994 0
0.2951331065571793 -0.01026407449410478 0
0.309177688734034 -0.01158283857032038 0
0.02464068373264179 -0.01220044043463597 0
0.4307847420902783 -0.0773191729716018 0
0.1011347745617053 -0.1517819620458287 0
0.1625468880897233 -0.008687045054517256 0
0.1285056566861392 -0.02145829798130029 0
0.1604022858050788 -0.01252097255695527 0
0.08199482664229896 -0.02056326675101376 0
0.07920370624009218 -0.01750805679322567 0
0.08394404610625858 -0.01712852842735439 0
0.08848067844762636 -0.02451541636246825 0
0.03677023903411349 -0.01320414438991611 0
0.06655703516207856 -0.02067117511091534 0
0.05869436629847573 -0.02319730507101835 0
0.05612283788740395 -0.01573185779146253 0
0.05991466057858479 -0.0169449896371359 0
0.06333042161779237 -0.01692067748295696 0
0.0643742940019205 -0.01388206144937332 0
0.06802265552924816 -0.01444283722012909 0
0.05397891414926156 -0.01372665287393841 0
0.06479051778970991 -0.01048459277586959 0
0.07116709343867691 -0.01431889867553784 0
0.3972738154886472 -0.08049418363715005 0
0.2653797145191649 -0.0187859319697064 0
0.2150834840224127 -0.09059408329637213 0
0.171590882729547 -0.01299214954008084 0
0.378744428500083 -0.02439391220378955 0
0.2015236431270377 -0.3075579465122549 0
0.4265715124615874 -0.01315532395713372 0
0.48595647885526 -0.01268961482772389 0
0.4772086430250568 -0.01101228426810646 0
0.4798495248408068 -0.006906641429088672 0
0.4819548724746012 -0.003173586822890974 0
0.4840415659190392 -0.006670251674932711 0
0.4869215188194438 -0.005154161024138307 0
0.4899425408533548 -0.002641340170739393 0
0.4924943361191772 -0.005911544896304658 0
0.4710948140952074 -0.01166377400494964 0
0.4693280830802999 -0.009405292766527263 0
0.4853969807228604 -0.009526400025652006 0
0.3029732019855705 -0.01013888301263559 0
0.3949195553237539 -0.01222978322610021 0
0.2419402826546266 -0.006873454648751266 0
-0.3465048062993289 -0.1226736006501325 0
-0.1939037797907473 -0.3544089801060542 0
0.2248209338545752 -0.01687294386813123 0
0.1624711174465535 -0.01159877983054775 0
0.1721223954766411 -0.008859538694275915 0
0.1914027927346866 -0.005460155883381961 0
0.3638549914433243 -0.02317842296521391 0
0.0621897686237892 -0.01063425658456344 0
0.1675746717965799 -0.01166647950372908 0
0.4968037051699851 -0.002002153978216618 0
0.4954766736245875 -0.004113203022048614 0
-0.03085726667972615 -0.003378914508303119 0
-0.02891792317183006 -0.003378914508303119 0
-0.02697857966393462 -0.003378914508303119 0
-0.040969234078142 -0.00680303780924667 0
-0.03902989057024553 -0.00680303780924667 0
-0.03709054706234906 -0.00680303780924667 0
0.3186582519456778 -0.02920114039521043 0
0.3234954043612673 -0.03620600567979343 0
0.3301538464105437 -0.03120274329895052 0
0.3253166939949542 -0.02419787801436752 0
0.3244060491781107 -0.03020194184708047 0
0.3253770302318113 -0.04367663784104329 0
0.3212383808352234 -0.05683885037293425 0
0.3306740022974291 -0.05870867667698103 0
0.334812651694017 -0.04554646414509008 0
0.3280255162646202 -0.05119265725901216 0
0.2508329012651287 -0.008703226172341774 0
0.2499366001248801 -0.01159187246114271 0
0.252700858114092 -0.01230186071860864 0
0.2535971592543406 -0.009413214429807696 0
0.2517668796896104 -0.0105025434454752 0
0.2454397199441196 -0.0124819577234011 0
0.2480810787810087 -0.0141669184373509 0
0.247295241287991 -0.009906911747192913 0
0.2476881600344999 -0.01203691509227191 0
0.192951185509107 -0.01366063200949938 0
0.1957722828101675 -0.01256095787377717 0
0.1945557320395009 -0.010075550596942 0
0.1917346347384404 -0.01117522473266421 0
0.1937534587743039 -0.01186809130322069 0
0.4728713164168419 -0.1724715452273785 0
0.4779547327074906 -0.1021434777270775 0
0.4508260491243326 -0.1330891653252157 0
0.4754130245621663 -0.137307511477228 0
0.1044765056059447 -0.02041961181368392 0
0.0988031027464493 -0.01790174792492254 0
0.09658519532227829 -0.02229215979729612 0
0.1022585981817737 -0.02481002368605751 0
0.1005308504641115 -0.02135588580549003 0
0.4448443167281254 -0.05508759706616999 0
0.4583402332596861 -0.04757089127467251 0
0.451112391755412 -0.02945168091315818 0
0.4376164752238513 -0.03696838670465566 0
0.4479783542417687 -0.04226963898966409 0
0.375798740633524 -0.02856133156280485 0
0.379342300579033 -0.03618075251860049 0
0.3871734670353517 -0.03379142812874954 0
0.3836299070898428 -0.02617200717295389 0
0.3814861038344379 -0.03117637984577719 0
0.1535635620695168 -0.0238043580414548 0
0.14962537636625 -0.03132525175621773 0
0.1575257934848807 -0.03504668407888977 0
0.1614639791881475 -0.02752579036412684 0
0.1555446777771987 -0.02942552106017229 0
-0.05127467253332157 -0.01900471007256165 0
-0.1239048173391476 -0.02526650144355523 0
-0.08674824421935459 -0.04427121151611688 0
-0.08758974493623922 -0.02213560575805844 0
0.1120387936836483 -0.02289140593788469 0
0.1094657668535024 -0.02999606328209811 0
0.1170424565486255 -0.03334546000714231 0
0.1196154833787714 -0.02624080266292889 0
0.1145406251161369 -0.0281184329725135 0
0.1484941153563306 -0.05066646189665872 0
0.1407812498677152 -0.05783319762726043 0
0.1480052880760046 -0.06470797017993737 0
0.15571815356462 -0.05754123444933566 0
0.1482497017161676 -0.05768721603829804 0
0.1971468640713613 -0.01862257858381024 0
0.1926212714604564 -0.0227441127935709 0
0.1964400412109303 -0.02663926912862683 0
0.2009656338218352 -0.02251773491886617 0
0.1967934526411458 -0.02263092385621853 0
0.3672558458790047 -0.03863330477921001 0
0.3683540221051447 -0.02795358694351702 0
0.3595268516732623 -0.02668914232617 0
0.3584286754471222 -0.03736886016186299 0
0.3633913487761335 -0.03266122355269 0
0.2522512099205005 -0.0539628395754227 0
0.2473992049840644 -0.04466594519551586 0
0.2382387366518616 -0.0476588699061419 0
0.2430907415882977 -0.05695576428604874 0
0.2452449732861811 -0.0508108547407823 0
0.1809091742495177 -0.01997413688753273 0
0.1742095551470288 -0.01823247456026899 0
0.172734962771786 -0.02363416979819422 0
0.1794345818742749 -0.02537583212545796 0
0.1768220685106519 -0.02180415334286348 0
0.2841498101013112 -0.01882317491284871 0
0.2871808033001734 -0.02526015197414515 0
0.2920600219265371 -0.0230472139350484 0
0.2890290287276749 -0.01661023687375196 0
0.2881049160139242 -0.02093519442394855 0
0.1431109788917975 -0.0258458551214397 0
0.1366055807112482 -0.03285772353501715 0
0.1431199781857006 -0.03833712016979518 0
0.1431154785387491 -0.03209148764561744 0
0.3859502708974643 -0.1575750329602884 0
0.4005582951941059 -0.1980505026390013 0
0.4354806689199211 -0.1866980250657613 0
0.4208726446232794 -0.1462225553870485 0
0.4107154699086927 -0.1721365290130249 0
0.3661612881258389 -0.01324029616093469 0
0.3632797943548708 -0.01829524032217101 0
0.3680940737391907 -0.02099948770600635 0
0.3709755675101587 -0.01594454354477003 0
0.3671276809325148 -0.01711989193347052 0
0.1697476923026571 -0.03073343378948849 0
0.1644512496572764 -0.02042652637283257 0
0.1670994709799667 -0.02557998008116053 0
0.2034575769352222 -0.09626306690121954 0
0.1989064175582757 -0.1140323098294603 0
0.2186650529892251 -0.1183304167991119 0
0.2232162123661716 -0.1005611738708711 0
0.2110613149622236 -0.1072967418501657 0
0.25200698717222 -0.02665758443183938 0
0.2555450269142703 -0.03512557568547742 0
0.2627427183500758 -0.03151444380521913 0
0.2592046786080255 -0.02304645255158109 0
0.2573748527611479 -0.02908601411852925 0
0.3437586559889277 -0.04805989032861872 0
0.3466993949843958 -0.05790838985450604 0
0.3576955898977793 -0.05399396380508374 0
0.3547548509023112 -0.04414546427919642 0
0.3507271229433535 -0.05102692706685123 0
0.1470353196872513 -0.02129958748695485 0
0.1424891427235294 -0.0175367359254892 0
0.1385648019280756 -0.02208300355997404 0
0.1428000608076634 -0.02169129552346445 0
0.0166605032087247 -0.01077038492582204 0
0.0193040771737201 -0.01184105923583914 0
0.02053111780580878 -0.009323422015863085 0
0.01788754384081339 -0.008252747705845992 0
0.01859581050726674 -0.01004690347084257 0
0.2225869934963599 -0.02516995831275153 0
0.2156159573602895 -0.02306729781068393 0
0.2133935969577421 -0.02933494021647089 0
0.2203646330938124 -0.0314376007185385 0
0.217990295227051 -0.02725244926461121 0
0.2580853590276165 -0.005653293671534038 0
0.256317717245875 -0.003649230385214743 0
0.2546251423693182 -0.005031946906230898 0
0.2563927841510596 -0.007036010192550192 0
0.2563552506984673 -0.005342620288882468 0
-0.19259714152148 -0.08692337073639261 0
-0.1483021141933555 -0.1155260776547808 0
-0.1129048673099491 -0.08168435864420344 0
-0.1571998946380735 -0.05308165172581522 0
-0.1527510044157145 -0.08430386469029802 0
0.3451552595375826 -0.1396541207663098 0
0.3560480075251176 -0.1693076778268363 0
0.3750575229099293 -0.1279214758997619 0
0.3655527652175234 -0.1486145768632991 0
0.3284025840258974 -0.02051887655799288 0
0.3238117669256116 -0.01785076937330146 0
0.3207258768946684 -0.0215297708296761 0
0.3245642304602829 -0.02102432369383449 0
0.37553879226757 -0.02160723232529418 0
0.3719464071863574 -0.0247804096344056 0
0.1772793403643762 -0.01523385438794839 0
0.1738646612492395 -0.01301438820323108 0
0.1707948760318922 -0.01601300837555168 0
0.1740371081981342 -0.01562343138175004 0
0.2801893193227454 -0.3337086505251408 0
0.231412075560406 -0.301910072770599 0
0.209094042227474 -0.3498301138308372 0
0.2578712859898133 -0.381628691585379 0
0.2446416807751097 -0.341769382177989 0
0.2459311813714939 -0.001805621711556508 0
0.2480037390003304 -0.004032530514263515 0
0.2500884306457369 -0.002226908802707006 0
0.2480098060086154 -0.002016265257131757 0
0.1791362347551209 -0.006423539954662178 0
0.1779475100248669 -0.008027427704199262 0
0.180294302542818 -0.00965983490521949 0
0.181483027273072 -0.008055947155682409 0
0.1797152686489694 -0.008041687429940835 0
0.2650578158948003 -0.1026214591023706 0
0.2869827543255649 -0.0983531331017895 0
0.2840811041788879 -0.0804652015667669 0
0.2621561657481234 -0.08473352756734795 0
0.2745694600368441 -0.09154333033456871 0
0.03143737407847796 -0.02438615158792089 0
0.03768547093901993 -0.02385360933558327 0
0.0369383516384421 -0.01842458840004973 0
0.03069025477790013 -0.01895713065238736 0
0.03418786285846003 -0.02140536999398531 0
-0.01309532988348178 -0.1333853183193062 0
0.01654577951551579 -0.1122217662023785 0
-0.002859789408475956 -0.08835413855845595 0
-0.03250089880747352 -0.1095176906753836 0
-0.007977559645978868 -0.110869728438881 0
0.0169960047639054 -0.02513867309451022 0
0.02323916968282048 -0.02524878556140306 0
0.02418097743444596 -0.0189343091098915 0
0.01793781251553088 -0.01882419664299866 0
0.02058849109917568 -0.02203649110220086 0
0.1785313924925068 -0.1067518197456839 0
0.1712898462965211 -0.1267481583448904 0
0.19166487136229 -0.1340286484286668 0
0.1850981319273984 -0.1203902340871754 0
0.3166916106623087 -0.02351541855212834 0
0.3105924261198827 -0.0256695517034761 0
0.3125590674032518 -0.0313552735465582 0
0.3146253390327802 -0.02743534604934327 0
0.2300705176940602 -0.02212188278383638 0
0.2232771854616225 -0.02053007331781966 0
0.2293803257287975 -0.02676176777876825 0
0.22632875559521 -0.02364592054829395 0
0.3615509992073938 -0.2041902028434036 0
0.3703391526671026 -0.2453449382450852 0
0.4093464486538147 -0.2392052380406828 0
0.3854487239306043 -0.2216977204420432 0
0.2377407003391645 -0.03928126801141529 0
0.2277278516412772 -0.0397308561220291 0
0.2282258879539742 -0.04810845801675571 0
0.2329832941465694 -0.04369486301408551 0
0.1661597566462833 -0.01301381796836864 0
0.1673718554151121 -0.01669751182201536 0
0.1695827772630635 -0.01232931452190496 0
0.1684773163390877 -0.01451341317196016 0
0.2074173690861387 -0.2103595167660254 0
0.1966249896028011 -0.2333659880027551 0
0.2177075636701052 -0.2461891112050909 0
0.2284999431534427 -0.2231826399683612 0
0.2125624663781219 -0.2282743139855581 0
0.4621282718806425 -0.01122313538963211 0
0.4646733639469731 -0.009077111725553064 0
0.4621734436840557 -0.007115385558853828 0
0.4596283516177252 -0.009261409222932872 0
0.4621508577823491 -0.009169260474242966 0
0.03418418708456397 -0.1322150887812499 0
0.05291884303567414 -0.1153281334769908 0
0.03528043546662596 -0.09533481089811935 0
0.03473231127559497 -0.1137749498396846 0
0.2289575000245456 -0.03261936851755586 0
0.219134984710544 -0.03854908832301175 0
0.2240462423675448 -0.0355842284202838 0
0.2953289507700265 -0.01687184003091386 0
0.2969248639327322 -0.02545817861822849 0
0.3001937927762215 -0.01928280471409396 0
0.2961269073513794 -0.02116500932457118 0
0.02624655083865461 -0.007268448007907441 0
0.02449082393470858 -0.009809972372577041 0
0.0267722042623711 -0.01128887936970256 0
0.02852793116631714 -0.008747355005032964 0
0.02650937755051286 -0.009278663688805002 0
0.113243689778624 -0.4388557650625851 0
0.2333322206636287 -0.4460511405747097 0
0.1590759104427261 -0.3849069056372948 0
0.1732879552211264 -0.4424534528186475 0
0.0564857919288828 -0.01146341294032973 0
0.05913768393036127 -0.01005355734667705 0
0.05792413376832369 -0.007772378873456096 0
0.05527224176684522 -0.009182234467108781 0
0.05720496284860324 -0.009617895906892913 0
0.2767165772166887 -0.06823338712207665 0
0.2766964660814519 -0.0554380777017506 0
0.2615848759234343 -0.05563198047755159 0
0.261604987058671 -0.06842728989787764 0
0.2691507265700615 -0.06193268379981412 0
0.2754853957405067 -0.02291668261043078 0
0.2735738340118667 -0.02790870662255917 0
0.2788130927067565 -0.02686103873927288 0
0.2807246544353963 -0.02186901472714449 0
0.2771492442236315 -0.02488886067485183 0
0.3314126765724671 -0.07383982283970669 0
0.3095426286697633 -0.07507250737551731 0
0.3109157907166613 -0.09562835583255658 0
0.3327858386193652 -0.09439567129674596 0
0.3211642336445643 -0.08473408933613163 0
0.3474380692594339 -0.0730395360172317 0
0.3390560357784315 -0.06587410634710636 0
0.372117905675844 -0.01234693736115612 0
0.3746902287487766 -0.01713814017579585 0
0.3758325669144619 -0.01354053399218194 0
0.3734040672123103 -0.01474253876847599 0
0.2787160741330219 -0.03556280036343847 0
0.2870837847264388 -0.03396191359831073 0
0.2829484387165976 -0.03041147616879181 0
0.2095752334067588 -0.03563605904788215 0
0.206330186638885 -0.02590612039984105 0
0.2025118230879017 -0.03220723923125231 0
0.2079527100228219 -0.0307710897238616 0
0.2149142064138697 -0.05643881961166276 0
0.2269755766752128 -0.05796419221190921 0
0.2161645176926312 -0.04658308541650927 0
0.221570047183922 -0.05227363881420924 0
0.2629740992265574 -0.2021932171992291 0
0.2341559192508861 -0.1938822397565685 0
0.257318123129114 -0.2314936174110218 0
0.24573702119 -0.2126879285837951 0
0.2442365424089332 -0.08565965175636152 0
0.2436853637194808 -0.06935341408689119 0
0.2529207647338022 -0.07704347082711957 0
0.2424512828786736 -0.1020796442895247 0
0.2419714647215221 -0.1218869618559314 0
0.2645779977376488 -0.1224287766687773 0
0.2535146403081612 -0.112254210479151 0
0.3141459547009102 -0.119466370998807 0
0.3200309797728126 -0.1444870210894992 0
0.3392702344656802 -0.1146334706756176 0
0.3296506071192464 -0.1295602458825584 0
0.03229816128493954 -0.01520124301844064 0
0.03535415095724595 -0.01506020939398434 0
0.03514739186079754 -0.01213590285368188 0
0.03209140218849112 -0.01227693647813818 0
0.03372277657286854 -0.01366857293606126 0
0.1815114445486698 -0.01338011140847818 0
0.1776623389741485 -0.01267611914183001 0
0.1811284459388975 -0.01593784665459657 0
0.179395392456523 -0.01430698289821329 0
0.133252060155508 -0.02368023883795636 0
0.1255056519714274 -0.02585328636306009 0
0.1288591725271676 -0.03503077106012088 0
0.1310556163413378 -0.02935550494903862 0
0.0465889326733096 -0.01044805510416343 0
0.04519065968372589 -0.01251257649083278 0
0.04722427745496831 -0.01369301187633579 0
0.04862255044455201 -0.01162849048966644 0
0.04690660506413895 -0.01207053349024961 0
-0.3289440151083476 -0.1860402598048888 0
-0.3822129259943539 -0.2255425581711691 0
-0.3392007416799325 -0.2734177842034537 0
-0.2859318307939263 -0.2339154858371734 0
-0.3340723783941401 -0.2297290220041712 0
0.1859073155501405 -0.01586448946958671 0
0.1856880438607606 -0.01990077970252287 0
0.1834082448998291 -0.01791931317855972 0
0.2986879267706509 -0.01311429359529013 0
0.2970308886364511 -0.01037090420693213 0
0.2951088952842996 -0.01165059984984265 0
0.2967659334184994 -0.01439398923820065 0
0.2968984110274753 -0.01238244672256639 0
0.2624381599075692 -0.008841231030503589 0
0.2601849177979308 -0.007416737624513137 0
0.2587519370658339 -0.009099562238110667 0
0.2610051791754722 -0.01052405564410112 0
0.2605950484867016 -0.008970396634307128 0
0.2939674600601339 -0.01331611470308659 0
0.2933951808505696 -0.01015913700337221 0
0.2922537456264039 -0.01182465185661615 0
0.2936813204553517 -0.0117376258532294 0
0.08356818010124513 -0.09687400043606109 0
0.06073426420863289 -0.09053002632347516 0
0.07575275892828638 -0.1216721075895767 0
0.06824351156845965 -0.1061010669565259 0
0.3707814078375395 -0.04950462788545822 0
0.3828678625375678 -0.0470520756248487 0
0.3750618542082862 -0.04284269020202935 0
0.4626093525030792 -0.2353708477042595 0
0.4677403344599605 -0.2039211964658315 0
-0.4361032369756112 -0.1002743829446536 0
-0.371006899859842 -0.03777438294480056 0
-0.435503449929921 -0.05013719147234422 0
0.3281287124970915 -0.01138277159327599 0
0.3293627279026082 -0.01350429065705533 0
0.3313753287162319 -0.01225417119696175 0
0.3301413133107151 -0.01013265213318242 0
0.3297520206066616 -0.01181847139511887 0
0.07410844954533877 -0.01146103664881216 0
0.0716234313661417 -0.01266884542713455 0
0.07279769691386095 -0.01608077691110826 0
0.07528271509305803 -0.01487296813278587 0
0.07345307322959987 -0.01377090677996021 0
0.2250014718964312 -0.08414118133770801 0
0.2337263773875524 -0.09311041281361633 0
0.4133376603510217 -0.2800795710391992 0
0.4666005642002862 -0.2762451807027759 0
0.4379735064270505 -0.2577252093717294 0
-0.06232802760569654 -0.4109980073122301 0
-0.1184215624311663 -0.4581118508482612 0
-0.006406465174790262 -0.4528861564639689 0
-0.0624140138029783 -0.4554990036561151 0
0.3370390653256936 -0.4355775510106693 0
0.2851856429946612 -0.4408143457926895 0
0.04433722460398069 -0.391741921526554 0
0.05341861230193429 -0.445870960763277 0
0.2186742941052502 -0.01225061291144032 0
0.2156969931367393 -0.01100464758154728 0
0.2142938508621478 -0.01367406431154914 0
0.2172711518306587 -0.01492002964144218 0
0.216484072483699 -0.01296233861149473 0
0.4255969093243875 -0.3285761131275719 0
0.4589963451241013 -0.3598730504328602 0
0.4627984546621937 -0.3180591155677988 0
0.07681600331456859 -0.01767535596995217 0
0.0802120576092141 -0.01538242166778249 0
0.07867876938770353 -0.01258003383061618 0
0.07774738635113607 -0.01512769490028417 0
-0.1468148695324877 -0.4164504222112689 0
-0.2158933071020961 -0.4583385713630077 0
-0.1671574347666312 -0.4582252111056345 0
0.03719809031201726 -0.2332101296356406 0
0.02904490189485645 -0.2684590697328321 0
0.06380829680113025 -0.2775565061295886 0
0.07196148521829106 -0.2423075660323971 0
0.05050319355657375 -0.2553833178826146 0
0.4322184846175988 -0.01225591014863712 0
0.4345529261093133 -0.01319324506097891 0
0.4350770987530374 -0.01167738046175199 0
0.432742657261323 -0.0107400455494102 0
0.4336477916853181 -0.01196664530519455 0
0.3594323260757216 -0.1091665809956968 0
0.3529479302294066 -0.08892878161682521 0
0.3461090823475435 -0.1017811261462214 0
0.3093248766956724 -0.009271758995028214 0
0.3076748799115169 -0.006855006336910796 0
0.3058700929070328 -0.008051006891153366 0
0.3075200896911883 -0.01046775954927079 0
0.3075974848013526 -0.008661382943090792 0
0.3125703367599962 -0.06090151250592094 0
0.299043489626436 -0.06145590500111998 0
0.296015781536203 -0.07562689987071636 0
0.3042930591480996 -0.06826420618831865 0
0.3903814311243651 -0.1172453960665401 0
0.3747562342901574 -0.09849050116247499 0
0.3749068786000433 -0.1132059885311185 0
0.4353927804897268 -0.009338918803625168 0
0.4340809183754847 -0.007666018745794619 0
0.4314307951470808 -0.009067145491579654 0
0.4334117878184038 -0.009203032147602411 0
0.3284677278005919 -0.2459241176392445 0
0.3320707349268373 -0.2930873560749329 0
0.3739421597933479 -0.2925081766807736 0
0.3512049437969699 -0.2692161471600091 0
-0.4374857394386569 -0.1529096396601716 0
-0.444727186555697 -0.260132918510524 0
-0.4411064629971769 -0.2065212790853478 0
0.3267441289684706 -0.3457251343199153 0
0.285515925281112 -0.2810708722801585 0
0.3061300271247913 -0.3133980033000369 0
0.4106360126682645 -0.009969541969572508 0
0.4076718196782369 -0.007469834017592769 0
0.4055010394885555 -0.009661271394910085 0
0.4084652324785831 -0.01216097934688982 0
0.40806852607841 -0.009815406682241295 0
0.2460370886222363 -0.0374922630788718 0
0.2569071432760984 -0.04229925780212148 0
0.2514721159491674 -0.03989576044049663 0
0.3956869511093852 -0.006735700184589461 0
0.3974054666029637 -0.00510510765435522 0
0.3952994772993185 -0.003399427435941063 0
0.3935809618057399 -0.005030019966175303 0
0.3954932142043518 -0.005067563810265262 0
0.2645510084198044 -0.0220617171660043 0
0.2633524006727497 -0.01818104341448306 0
0.2580060708609707 -0.01916577880005985 0
0.2612785396403876 -0.02061374798303207 0
0.07605251052556794 -0.02210175336682292 0
0.07049266777556178 -0.01925691512879701 0
0.06779318813081195 -0.02616487623900125 0
0.07335303088081813 -0.02900971447702716 0
0.07192284932818996 -0.02413331480291208 0
0.08296943637427877 -0.01884589758918407 0
0.0825822275422973 -0.01519265748484685 0
0.08059926644119557 -0.01903566177211971 0
0.08159074699174644 -0.01711415962848328 0
-0.0411802269604299 -0.08242114759294211 0
-0.08032733428214874 -0.09522206547059575 0
-0.07164800612919237 -0.1223186085530373 0
-0.05641411654481113 -0.1023698780729897 0
-0.1950260425663138 -0.1547113119103011 0
-0.2333052989195598 -0.1124785050199228 0
-0.2786771294829758 -0.1490009047103604 0
-0.2403978731297299 -0.1912337116007387 0
-0.2368515860246448 -0.1518561083103307 0
0.1893750967504035 -0.01512582344798445 0
0.1888849675154712 -0.0119299923732743 0
0.1854171863152082 -0.01266865839487656 0
0.1873961415328058 -0.01389724092143051 0
0.1907226594976705 -0.008247171645925923 0
0.1878729922747013 -0.009001939286536019 0
0.1898038135065709 -0.01008858200960011 0
0.2886512545740038 -0.06339508542602611 0
0.2978350468489049 -0.05261905705083774 0
0.2874428117964727 -0.05455823747574387 0
0.2932431507114543 -0.05800707123843193 0
0.405405571432486 -0.02484191050066833 0
0.4035411303115596 -0.03639634055188233 0
0.4133488023214648 -0.03951801929681138 0
0.4152132434423912 -0.02796358924559738 0
0.4093771868769754 -0.03217996489873987 0
0.09476844844637031 -0.01204688672207655 0
0.09721391634296458 -0.01359695533235354 0
0.09868820253470731 -0.01172118477235195 0
0.09624273463811303 -0.01017111616207497 0
0.09672832549053881 -0.01188403574721425 0
0.07109858446492645 -0.3377198080129123 0
0.1197407393136129 -0.3351429044900519 0
0.1124504516498167 -0.2749796026067282 0
0.09177451805737158 -0.3063497053098203 0
0.1810260039115758 -0.03350667864028441 0
0.1890197228260845 -0.0325704111979226 0
0.1874283007887835 -0.02443956468309616 0
0.1842271523501797 -0.02897312166169028 0
0.2804329100918518 -0.01505746708961569 0
0.2811500111690347 -0.01975435271802362 0
0.2834327090241283 -0.01412628928444078 0
0.2822913600965815 -0.0169403210012322 0
0.4298169536015063 -0.007156218694038777 0
0.427491694358691 -0.008779120627022196 0
0.4291055359042654 -0.01069004742456307 0
0.4294612447528859 -0.008923133059300925 0
0.2045407415575119 -0.0175130005898246 0
0.2099052943745617 -0.02090138607079948 0
0.2054354640981984 -0.02170956049483282 0
0.268468519165737 -0.0344973799287407 0
0.2678480331962056 -0.02492577049903761 0
0.2681582761809713 -0.02971157521388915 0
0.391906992287275 -0.006705658345656991 0
0.3913846048404868 -0.003379558324909358 0
0.3897106353220219 -0.005055196704391045 0
0.3916457985638809 -0.005042608335283174 0
0.4344097146661399 -0.003689666116813622 0
0.4320550968934302 -0.005455509729778259 0
0.4364355361481944 -0.005900175132829981 0
0.4342453165208123 -0.005677842431304121 0
0.2275701988063959 -0.07036184201275167 0
0.2353304701973468 -0.0636588031494002 0
0.3142007437806499 -0.03912237387326647 0
0.316082369651194 -0.04659300603451634 0
0.3197888870062305 -0.04139950585715488 0
0.1661888594212079 -0.0634394186937681 0
0.1724494150473987 -0.0537590586377683 0
0.1619787091908108 -0.04786087439333586 0
0.1640837843060093 -0.05565014654355198 0
0.1351625234836029 -0.01146785586894657 0
0.137201614221449 -0.01332671626093493 0
0.1389689512083453 -0.01189054280734319 0
0.1369298604704992 -0.01003168241535484 0
0.1370657373459741 -0.01167919933814488 0
0.1500101833067057 -0.1140772757478904 0
0.1365646408575045 -0.1395158348894458 0
0.1578443038473199 -0.1521867174864458 0
0.1539272435770128 -0.1331319966171681 0
0.3577579002313718 -0.01053267691644319 0
0.3597214205575585 -0.008789544801642277 0
0.3581303641300484 -0.007203214238662891 0
0.3561668438038618 -0.008946346353463808 0
0.3579441321807101 -0.008867945577553042 0
0.398215286356022 -0.02283875890768077 0
0.3923571550425342 -0.01874128266726394 0
0.3884534732363156 -0.02378357920333429 0
0.3943116045498034 -0.02788105544375111 0
0.3933343797961688 -0.02331116905550752 0
0.04339551582169268 -0.01452086604782228 0
0.0429144290691451 -0.01063727353887839 0
0.04111928520711189 -0.01264556309586789 0
0.04315497244541888 -0.01257906979335033 0
0.238872559878774 -0.01297205757397567 0
0.2411226711879907 -0.01201345801667376 0
0.2402551033309135 -0.009922671640588486 0
0.2380049920216968 -0.0108812711978904 0
0.2395638316048438 -0.01144736460728208 0
0.1122104203879109 -0.01142775527900917 0
0.1097050149543744 -0.01357678017249142 0
0.1122224467582531 -0.01611639775232041 0
0.1147278521917896 -0.01396737285883816 0
0.112216433573082 -0.01377207651566479 0
0.12344162463254 -0.009171597143900733 0
0.1263188621108675 -0.01068784015970853 0
0.1274243792342582 -0.008622617301666566 0
0.1245471417559308 -0.007106374285858768 0
0.1254330019333991 -0.008897107222783649 0
0.275942186681967 -0.0150560392869792 0
0.2733391643343407 -0.01390073185148123 0
0.2710494432991206 -0.01634206807477186 0
0.2736524656467469 -0.01749737551026983 0
0.2734958149905438 -0.01569905368087553 0
0.3107297605571482 -0.01316399424394586 0
0.314239278852545 -0.01302821051409493 0
0.3145478166441245 -0.01057278506139709 0
0.3110382983487276 -0.01070856879124802 0
0.3126387886006363 -0.01186838965267147 0
0.273100748832336 -0.01033775104530578 0
0.2709080937275676 -0.01228799198940356 0
0.2755318194391091 -0.01195049090738346 0
0.2732199565833383 -0.01211924144839351 0
0.317024231758205 -0.01578141832530171 0
0.3170438555268307 -0.01280673304273773 0
0.3142196550839194 -0.0160028957966589 0
0.315631755305375 -0.01440481441969832 0
0.2075749556805531 -0.009077691006385249 0
0.2045557868034372 -0.008013452422311378 0
0.2034587931883214 -0.01056600419703911 0
0.2064779620654373 -0.01163024278111299 0
0.2055168744344373 -0.009821847601712182 0
0.1077517442303401 -0.01089615485416091 0
0.1051602736032714 -0.01239914832671683 0
0.1071135443273057 -0.01507977364504734 0
0.1074326442788229 -0.01298796424960412 0
0.3433457945466277 -0.01447908850469009 0
0.3463131200671741 -0.01303519216089922 0
0.345055966142943 -0.01052006108642274 0
0.3420886406223967 -0.01196395743021361 0
0.3442008803447854 -0.01249957479555642 0
0.2686148213792184 -0.01426089880858906 0
0.2686897651834454 -0.01049393373118454 0
0.2663964928350963 -0.01246684055037004 0
0.2686522932813319 -0.0123774162698868 0
0.1253092784353667 -0.01305279755965082 0
0.1219832054274139 -0.01173202310989879 0
0.1211218580883145 -0.01395615299838285 0
0.1244479310962673 -0.01527692744813489 0
0.1232155682618406 -0.01350447527901684 0
0.2640555412878325 -0.01432947893498437 0
0.2644907697355301 -0.01055583071833801 0
0.2621498181882664 -0.01241846910295235 0
0.2642731555116814 -0.0124426548266612 0
0.1219748033070752 -0.01701758877946316 0
0.1190191275290376 -0.0141333386952744 0
0.1198720727477984 -0.01719477447635471 0
0.1204969654180564 -0.01557546373736878 0
0.005277035335029942 -0.007084135929122062 0
0.003415247674407803 -0.008340298499702621 0
0.004622711925701165 -0.01002449142136023 0
0.006484499586323304 -0.008768328850779671 0
0.004949873630365553 -0.008554313675241145 0
0.1036763851951749 -0.0103424582983377 0
0.1054390375025576 -0.008783507711553597 0
0.1032729955581398 -0.006897217743237346 0
0.1015103432507571 -0.008456168330021442 0
0.1034746903766573 -0.008619838020787519 0
0.1979949524635494 -0.01154432933487226 0
0.2008871017952001 -0.01045054880902658 0
0.1999442690847044 -0.007912400189310003 0
0.1970521197530536 -0.009006180715155682 0
0.1989696107741268 -0.009728364762091133 0
0.3185601162572566 -0.01095965245051371 0
0.3209549658996582 -0.008827554013143552 0
0.3190045682471673 -0.007063177291981642 0
0.3166097186047657 -0.009195275729351795 0
0.3187823422522119 -0.009011414871247674 0
0.3610453656046845 -0.01183919570859199 0
0.3634832412719018 -0.01063100088595344 0
0.3621592962247758 -0.007581349979003728 0
0.3616023309147302 -0.00971027284379786 0
0.2750856088081842 -0.008538947494534406 0
0.2727220602405993 -0.00686488217903204 0
0.2707372002647512 -0.008663685729803418 0
0.2729114045364677 -0.008601316612168911 0
-0.002445863072962612 -0.007891841204447966 0
-0.004540843631087749 -0.0109148240281233 0
-0.001944776578682781 -0.01245640486819774 0
0.0001502039794423568 -0.009433422044522409 0
-0.002195319825822696 -0.01017412303632285 0
0.3399791547889274 -0.01292930589815834 0
0.3373812137622499 -0.01262373118982518 0
0.3367559624267086 -0.01478200644718327 0
0.339353903453386 -0.01508758115551643 0
0.338367558607818 -0.0138556561726708 0
0.001970853991066634 -0.01043850038499306 0
0.001594597662783526 -0.007335220159231971 0
0.00178272582692508 -0.008886860272112515 0
0.1170583436495516 -0.01202417008274752 0
0.1166886360712755 -0.01607654147136504 0
0.1168734898604136 -0.01405035577705628 0
0.2664904318600786 -0.00877624055395642 0
0.2644378220321177 -0.007061640866121996 0
0.2644642958838239 -0.008808735792230004 0
0.1364000154262001 -0.01742858462928228 0
0.1310872736536325 -0.01902581990726459 0
0.134826037790854 -0.02055441173361932 0
0.08843187976124603 -0.01115224761349794 0
0.08997949964835206 -0.008907934692389765 0
0.08733410548922257 -0.007232100392208669 0
0.08578648560211655 -0.009476413313316846 0
0.0878829926252343 -0.009192174002853305 0
0.04076434327888145 -0.008979835797498073 0
0.03827601182994315 -0.007606824851734187 0
0.03707654260888484 -0.009337530168896165 0
0.03956487405782314 -0.01071054111466005 0
0.03892044294388315 -0.009158682983197119 0
0.1958557170558547 -0.006771454912635195 0
0.193359329342302 -0.007840824794421513 0
0.1952057245476778 -0.008423502754788599 0
0.2685378669413844 -0.006945992552575298 0
0.2686138160624149 -0.00871996314187992 0
0.3475823387054257 -0.008908455421602351 0
0.3460627131686435 -0.006938045093464485 0
0.3435363406061608 -0.008549650758284875 0
0.3455593396557932 -0.008729053089943614 0
0.1174433608608795 -0.005617004626060873 0
0.1203467058374959 -0.00743572701589426 0
0.1216811578740338 -0.005419936707405012 0
0.1187778128974173 -0.003601214317571624 0
0.1195622593674566 -0.005518470666732942 0
0.4111126720910183 -0.003576510715436666 0
0.4094765103194092 -0.005533031836061318 0
0.4116406183539515 -0.007232538054252781 0
0.4132767801255606 -0.00527601693362813 0
0.4113766452224849 -0.005404524384844725 0
0.4152225426181923 -0.006899846008088149 0
0.4168803163479304 -0.005116772233684995 0
0.4149345538552986 -0.003492943159224977 0
0.4150785482367454 -0.005196394583656564 0
0.04026771402681625 -0.005440744928834476 0
0.03797309564299822 -0.00367293734874417 0
0.03598139344612512 -0.005839017271643879 0
0.03812455373647069 -0.005639881100239177 0
0.266336163562051 -0.005241202629988921 0
0.2641983765998895 -0.003529956635247713 0
0.2623000350699564 -0.005350394871380789 0
0.2643180993160036 -0.005295798750684855 0
0.3484089843436752 -0.005252145900789339 0
0.3467553479273409 -0.003451393652925673 0
0.3444090767523092 -0.00513729284560082 0
0.3464090305479922 -0.005194719373195079 0
0.09245652929210989 -0.01049212017713264 0
0.09388181736272169 -0.008571975633026325 0
0.09140478771896386 -0.006987790148283449 0
0.09193065850553687 -0.008739955162708046 0
0.1132065052170719 -0.00554741050660561 0
0.1105243689639407 -0.003588841240848341 0
0.1089083345684065 -0.005427514999767269 0
0.1115904708215376 -0.007386084265524537 0
0.1110574198927392 -0.00548746275318644 0
0.4694556534228347 -0.01367884617308629 0
0.4731635028962761 -0.01868406790182738 0
0.4778595780335735 -0.01634325086526915 0
0.4741517285601321 -0.01133802913652805 0
0.4736576157282041 -0.01501104851917772 0
0.1096448026390162 -0.009250079175275094 0
0.1073320959112335 -0.007137432032667785 0
0.1075419200707869 -0.009016793443414346 0
0.1141560885704324 -0.009563760369258613 0
0.1119004456047243 -0.009406919772266854 0
0.2902129183098137 -0.1221911482680399 0
0.3005643545132375 -0.1089097520502983 0
0.242037059716993 -0.001745969743531894 0
0.2439206220398515 -0.003551591455088403 0
0.2439841205442435 -0.001775795727544201 0
0.4603288569938539 -0.001761839116475579 0
0.4563665925297732 -0.001813164887940956 0
0.4583621161904671 -0.003575004004416535 0
0.4583477247618136 -0.001787502002208268 0
0.4789129433362569 -0.005121192945973128 0
0.4759453182199145 -0.003420860344239802 0
0.474624650180958 -0.004780314723730934 0
0.4775922752973005 -0.006480647325464259 0
0.4767687967586075 -0.00495075383485203 0
0.3538768033885438 -0.01092172655491213 0
0.3541875959416287 -0.007119262204665743 0
0.3518975555263107 -0.009094642406114064 0
0.3540321996650863 -0.009020494379788937 0
0.06824793509283206 -0.005242581083499179 0
0.07042247759421554 -0.00705117263436803 0
0.07228273246456085 -0.005297661917725771 0
0.07010818996317737 -0.00348907036685692 0
0.07026533377869645 -0.005270121500612475 0
0.3741408452634248 -0.009621789819899187 0
0.3713334032248562 -0.007809685257504342 0
0.3693104636372754 -0.01053483279876128 0
0.3717256544503501 -0.01007831130933023 0
0.1449979718549145 -0.005461920283664106 0
0.1424316523384315 -0.003558836668514884 0
0.1411294736353398 -0.005278747369318727 0
0.1436957931518228 -0.007181830984467948 0
0.1430637227451272 -0.005370333826491416 0
0.1048385882778062 -0.005226603080743697 0
0.1023761480641774 -0.00343672742457987 0
0.100810555344511 -0.005107342087073518 0
0.1028245718111586 -0.005166972583908608 0
0.1654549412405107 -0.005265661342784648 0
0.1626131804828865 -0.003425565188252394 0
0.161544316751246 -0.005121109382526188 0
0.1643860775088702 -0.006961205537058443 0
0.1634996289958784 -0.005193385362655418 0
0.05003682299787245 -0.007015512606615593 0
0.05187778514600769 -0.00530142191840812 0
0.04990661176888168 -0.003518283646441728 0
0.04806564962074644 -0.005232374334649201 0
0.04997171738337707 -0.005266898126528661 0
0.06239683104601994 -0.007613633205254664 0
0.06434553662774908 -0.005334016647690444 0
0.06202227825614338 -0.00364869880113157 0
0.06007357267441424 -0.005928315358695788 0
0.06220955465108166 -0.005631166003193116 0
0.02233743324032009 -0.007594127400696305 0
0.02419549074054754 -0.005538806183788812 0
0.02202747442742892 -0.003751117736331406 0
0.02016941692720147 -0.0058064389532389 0
0.02218245383387451 -0.005672622568513855 0
0.08890888955815655 -0.005289510782966723 0
0.08638584707294757 -0.003513751528748767 0
0.08481106300401359 -0.005456341137990713 0
0.08685997628108508 -0.005372925960478718 0
0.03389988046004505 -0.007509635864287238 0
0.03389425777215978 -0.003662504337706604 0
0.03181274478607972 -0.005333122930349961 0
0.03389706911610242 -0.005586070100996921 0
0.2198683261482759 -0.007029804124478713 0
0.221912709517159 -0.005247491179935797 0
0.2200988655223624 -0.003517665995454076 0
0.2180544821534793 -0.005299978939996991 0
0.2199835958353192 -0.005273735059966395 0
0.1980099485932678 -0.005427769604626784 0
0.1964318409420763 -0.003426914496249538 0
0.1942776094046632 -0.004770599804257948 0
0.1961437789989655 -0.005099184704442366 0
0.4387328134399009 -0.007610095796310007 0
0.440900284253078 -0.005361920913218161 0
0.4386030069613714 -0.003652000249738136 0
0.4386679102006362 -0.005631048023024072 0
0.3603635025673347 -0.005466706054477015 0
0.3586773565881705 -0.003579629907211198 0
0.3564442181508841 -0.005316138091397074 0
0.3584038603591094 -0.005391422072937044 0
0.4187024695930408 -0.006807365678027707 0
0.4205329180820957 -0.005136611787753848 0
0.4187107648369853 -0.003446018343411136 0
0.4187066172150131 -0.005126692010719421 0
0.3421139733138326 -0.006786088066618833 0
0.3427886038099048 -0.003408249984425746 0
0.3404935003714282 -0.005057045205443759 0
0.3424512885618688 -0.005097169025522289 0
0.2966287458982075 -0.006730899896421975 0
0.2983096436393062 -0.005024977941672423 0
0.2961329551574942 -0.003322719466451516 0
0.2944520574163955 -0.005028641421201069 0
0.2963808505278508 -0.005026809681436746 0
0.3211075587043885 -0.005268232277443208 0
0.3192689739721276 -0.003494751723174214 0
0.3171659835149064 -0.005289696737712648 0
0.3191367711096474 -0.005278964507577928 0
0.2704377732262563 -0.005169537907032134 0
0.2682360698469228 -0.003464747984445757 0
0.2683869683941537 -0.005205370268510527 0
0.3757745236907196 -0.007379558572660181 0
0.3776414732438711 -0.005343446147752156 0
0.3753287226116678 -0.003622874815352424 0
0.3734617730585162 -0.005658987240260449 0
0.3755516231511936 -0.005501216694006302 0
0.1188882866323698 -0.009996152981892312 0
0.1211649556324549 -0.009583875062896522 0
0.2273316168702279 -0.007446590593293967 0
0.2295613301934677 -0.005770629372646596 0
0.2279002239729956 -0.003714817389467783 0
0.2256705106497558 -0.005390778610115155 0
0.2276159204216118 -0.005580703991380876 0
0.4770834190110421 -0.001667872231428792 0
0.4799656171531541 -0.003254665642874278 0
0.4810568013166244 -0.001586793411445487 0
0.4790701101638338 -0.001627332821437139 0
0.4839319763441006 -0.003035520014892538 0
0.485018032170259 -0.001448726603447052 0
0.4830374167434415 -0.001517760007446269 0
0.1575769942358085 -0.005248756581406561 0
0.1545805814970495 -0.003668623467543139 0
0.153513443088358 -0.005925014831236705 0
0.1565098558271169 -0.007505147945100127 0
0.1555452186620832 -0.005586885706321633 0
0.315097011312151 -0.007058278009288389 0
0.3130351093515098 -0.00843578734133368 0
0.3148224139781378 -0.008815531535342739 0
-0.2011167065646586 -0.02781515028225999 0
-0.1625107619519031 -0.02654082586290761 0
0.1595207801649653 -0.008205308647997204 0
0.156332420197338 -0.009529444777296701 0
0.1593433445351864 -0.01022960548019378 0
0.1579266001811516 -0.008867376712646952 0
0.3114809218655248 -0.003464280825684875 0
0.3095174193159623 -0.005199197538493242 0
0.3113216876984546 -0.006998977545113876 0
0.313285190248017 -0.005264060832305508 0
0.3114013047819897 -0.005231629185399375 0
0.4730682484151142 -0.00175298811281101 0
0.4750758337130786 -0.001710430172119901 0
0.4687946035079588 -0.002206549399037575 0
0.4716247566851017 -0.003959537511848585 0
0.470931425961537 -0.001979768755924293 0
0.2084485555025478 -0.003681000001076276 0
0.2066920381943608 -0.005610963521353041 0
0.2087091102012407 -0.007247309979016658 0
0.2104656275094277 -0.005317346458739893 0
0.2085788328518943 -0.005464154990046466 0
0.4484555412044054 -0.001764589417706976 0
0.4504367540895503 -0.003648854663909151 0
0.4523780382817639 -0.001884265246202175 0
0.4504167897430853 -0.001824427331954575 0
0.4543795514466477 -0.00369743013414313 0
0.4543723154057686 -0.001848715067071565 0
0.1792049902950013 -0.001631365055777029 0
0.1817606060766693 -0.003305880580503217 0
0.1831111713379756 -0.001674515524726188 0
0.1811580808164884 -0.001652940290251608 0
0.1396812642420826 -0.001753762975909911 0
0.1436234039699515 -0.001805073692604973 0
0.141652334106017 -0.001779418334257442 0
0.1907597273091526 -0.001573166263617842 0
0.1927884402122119 -0.003194526327881909 0
0.1944890303641783 -0.001621360064264066 0
0.1926243788366654 -0.001597263163940954 0
0.2142721268443407 -0.001769721748097929 0
0.2162037240584236 -0.003529324680739626 0
0.2182014384848249 -0.001759602932641697 0
0.2162367826645828 -0.001764662340369813 0
0.2260453973943393 -0.001811149422016548 0
0.2300294297542098 -0.001903667967451235 0
0.2280374135742745 -0.001857408694733892 0
0.2319511343814783 -0.003853739742116994 0
0.2340645617710924 -0.001950071774665759 0
0.2320469957626511 -0.001926869871058497 0
0.09978045141958393 -0.001704255561928491 0
0.1037861728354911 -0.001732471862651379 0
0.1017833121275375 -0.001718363712289935 0
0.1556910699414911 -0.001793758928869551 0
0.158622884832482 -0.003526462283781322 0
0.1596778466376754 -0.00173270335491177 0
0.1576844582895833 -0.001763231141890661 0
0.1516672893339725 -0.001874864538673588 0
0.1536791796377318 -0.001834311733771569 0
0.185561477696366 -0.00331899462374548 0
0.1869741158829684 -0.001644479099019292 0
0.185042643610472 -0.00165949731187274 0
0.07577080679052198 -0.001791862647402818 0
0.07817702338870974 -0.003617508257081545 0
0.07978716897946241 -0.001825645609678728 0
0.07777898788499218 -0.001808754128540773 0
0.05973705858291194 -0.001861021714553632 0
0.06379315618142414 -0.001787677086577937 0
0.06176510738216804 -0.001824349400565785 0
0.08785064925440897 -0.001741062762832365 0
0.09040089564764697 -0.003449120322248001 0
0.09183596067932416 -0.001708057559415636 0
0.08984330496686654 -0.001724560161124 0
0.1636496195601661 -0.001692861833340623 0
0.1616637330989207 -0.001712782594126197 0
0.0477852574625475 -0.00174747677018077 0
0.0517245289097154 -0.001770806876260958 0
0.04975489318613144 -0.001759141823220864 0
0.05568541132792641 -0.001844283491021228 0
0.05788278737091615 -0.00370530520557486 0
0.05771123495541917 -0.00185265260278743 0
0.1318131153938178 -0.001691246855941899 0
0.1345977998469721 -0.003406355803273559 0
0.1357211923902159 -0.00171510894733166 0
0.1337671538920168 -0.00170317790163678 0
0.1665577642030085 -0.003307342750685607 0
0.1675906843260679 -0.001614480917344984 0
0.165620151943117 -0.001653671375342803 0
0.01582858518406277 -0.00197981327206685 0
0.01789454300279084 -0.0039018769798685 0
0.0199231006759453 -0.00192206370780165 0
0.01787584293000404 -0.00195093848993425 0
0.1064148269349792 -0.003516686047843181 0
0.1077873842586562 -0.001784214185191802 0
0.1057867785470737 -0.001758343023921591 0
0.22213552227655 -0.001758063062812378 0
0.2201684803806875 -0.001758832997727038 0
0.05383851166599011 -0.003615090367282186 0
0.05370497011882091 -0.001807545183641093 0
0.02786242176586892 -0.001789666497284897 0
0.02990821781928495 -0.003598105489056536 0
0.03180770081544475 -0.00180843899177164 0
0.02983506129065683 -0.001799052744528268 0
0.03581671568701425 -0.001854065345934964 0
0.03985479265455368 -0.001818872002809206 0
0.03783575417078397 -0.001836468674372085 0
0.02392977057697135 -0.001829054028529756 0
0.02599854154908204 -0.003618720525814654 0
0.02589609617142014 -0.001809360262907327 0
0.0338122082512295 -0.001831252168853302 0
0.02192643562645833 -0.001875558868165703 0
0.04202354392391278 -0.003586610726352804 0
0.04383541793619931 -0.001767738723543597 0
0.04184510529537649 -0.001793305363176402 0
0.01176822861694867 -0.001893637901374571 0
0.0137079249120647 -0.003873451173441422 0
0.01379840690050572 -0.001936725586720711 0
0.2360506446147017 -0.003783708378220377 0
0.2380971939557038 -0.001833636603554619 0
0.2360808778633981 -0.001891854189110189 0
0.07178345833695082 -0.001743705773894356 0
0.07414156671446864 -0.003535568421297174 0
0.07377713256373639 -0.001767784210648587 0
0.08385265813635426 -0.001772688765916402 0
0.08585165369538159 -0.001756875764374383 0
0.06776917607096024 -0.001745364592962564 0
0.06977631720395554 -0.00174453518342846 0
0.1704194582431018 -0.003196174721720626 0
0.1714795675685299 -0.001581693804375642 0
0.1695351259472989 -0.001598087360860313 0
0.0459857547636361 -0.003515215493724367 0
0.04581033769937341 -0.001757607746862183 0
0.1476066662330374 -0.001872814461181913 0
0.1504644317568663 -0.0037476789998555 0
0.1496369777835049 -0.00187383949992775 0
0.09578743387324079 -0.001698777038065933 0
0.0983456630701976 -0.003403032599994424 0
0.09778394264641235 -0.001701516299997212 0
0.0943694262982083 -0.00340683459748157 0
0.09381169727628247 -0.001703417298740785 0
0.06608614177592119 -0.003533041679540501 0
0.06578116612619218 -0.00176652083977025 0
0.1118639688327232 -0.001804627055656538 0
0.1098256765456897 -0.001794420620424171 0
0.08229062076627147 -0.00359833437559513 0
0.08181991355790832 -0.001799167187797565 0
0.1384976947269664 -0.003468871923241571 0
0.1377012283161493 -0.001734435961620786 0
0.1463888003611158 -0.003677888153786886 0
0.1456150351014944 -0.001838944076893443 0
0.1892417796992725 -0.003217645362637135 0
0.1888669215960605 -0.001608822681318567 0
0.1983713820072874 -0.001805554431985471 0
0.1964302061857329 -0.001713457248124769 0
0.1741918852988188 -0.003183074640822568 0
0.1753313653500554 -0.001601380836446925 0
0.1734054664592927 -0.001591537320411284 0
0.2103716809788306 -0.001793303885365922 0
0.2123422205206999 -0.003563025633463851 0
0.2123219039115857 -0.001781512816731925 0
0.2239745704636062 -0.003569212484828927 0
0.2240904598354446 -0.001784606242414463 0
0.2003483933471585 -0.003740357120947442 0
0.2023738367375311 -0.001934802688961971 0
0.2003726093724093 -0.001870178560473721 0
0.1779490540570197 -0.003232745892223954 0
0.1772681778225284 -0.001616372946111977 0
0.4445639222205847 -0.001699500512353275 0
0.4465908919966415 -0.003464089930060251 0
0.4465097317124951 -0.001732044965030126 0
0.2400548885923319 -0.003579606347086513 0
0.2400671268363485 -0.001789803173543257 0
0.4405931901360665 -0.001787453967361837 0
0.4426967948965718 -0.003486954479715111 0
0.442578556178326 -0.001743477239857556 0
0.4365018803171234 -0.001864546282376299 0
0.4385475352265947 -0.001826000124869068 0
0.4324316438725906 -0.001825119834437322 0
0.4344667620948571 -0.001844833058406811 0
0.4284411285225926 -0.001759731936774111 0
0.4303172168398396 -0.003584851771211433 0
0.4304363861975921 -0.001792425885605717 0
0.3851849783596082 -0.001703997756252024 0
0.3874365909374774 -0.003395197218277674 0
0.3891563744827223 -0.00169119946202565 0
0.3871706764211652 -0.001697598609138837 0
0.4167442275489012 -0.001726052811682991 0
0.4206173309387485 -0.001719965531728145 0
0.4186807792438243 -0.001723009171705568 0
0.4225028820756755 -0.003450949515879394 0
0.4245045987558179 -0.001730983984151249 0
0.4225609648472832 -0.001725474757939697 0
0.3569136361784958 -0.001769301785348527 0
0.3608907045369427 -0.001810328121862671 0
0.3589021703577194 -0.001789814953605599 0
0.393101246230844 -0.001688358862883708 0
0.3970395009097804 -0.001711068573057355 0
0.3950703735703125 -0.001699713717970531 0
0.4049747942255445 -0.001813907479213785 0
0.4071828542959537 -0.003623527847108465 0
0.4089540918163944 -0.001809620367894681 0
0.4069644430209689 -0.001811763923554233 0
0.4263584256912932 -0.00349071592092536 0
0.4264728636392051 -0.00174535796046268 0
0.3410452145190864 -0.001694663392226989 0
0.3449973575451808 -0.001713586592198757 0
0.343021286032135 -0.001704124992212873 0
0.2899833271225248 -0.001671663710576337 0
0.292236231814877 -0.0033344503393639 0
0.2939195713597709 -0.001662786628787564 0
0.291951449241148 -0.00166722516968195 0
0.2620448481335909 -0.001785340708354206 0
0.2660424173561323 -0.001744615926893507 0
0.2640436327448625 -0.001764978317623856 0
0.3213286321141315 -0.001744695159504103 0
0.3231949922586088 -0.003471887149738268 0
0.3252790585577074 -0.001727191990234165 0
0.3233038453359187 -0.001735943574869134 0
0.2978483044333685 -0.001659932837663953 0
0.2958839378965706 -0.001661359733225758 0
0.4009962803499233 -0.001759658246577819 0
0.403193296797709 -0.003573565725791605 0
0.4029855372877339 -0.001786782862895802 0
0.2820687148601099 -0.00168727057739465 0
0.2843730951320186 -0.003364330481174622 0
0.2860345390028747 -0.001677059903779972 0
0.284051626931492 -0.001682165240587311 0
0.3056507039490903 -0.001685197877291821 0
0.3076543131582916 -0.003404055705917041 0
0.3095432917495257 -0.00171885782862522 0
0.3075969978493085 -0.001702027852958521 0
0.3627237589640258 -0.003704003938374003 0
0.3649282925225775 -0.001893675816511333 0
0.3629094985297611 -0.001852001969187002 0
0.3173847863029998 -0.001750056563670111 0
0.3193567092085654 -0.001747375861587107 0
0.2700507953488506 -0.00172013205755225 0
0.2680466063524917 -0.001732373992222879 0
0.2740634807037365 -0.001707532666833353 0
0.2763445487797015 -0.003402592360041415 0
0.2780747188704779 -0.001695059693208061 0
0.276069099787108 -0.001701296180020707 0
0.31344556662455 -0.001745422997059655 0
0.3114944291870382 -0.001732140412842437 0
0.3017621353613214 -0.001659756530622345 0
0.3038414107383138 -0.003344954407914166 0
0.3037064196552063 -0.001672477203957083 0
0.3331531152341701 -0.001698125491381927 0
0.3349196047423061 -0.003387578906899876 0
0.3370839498260454 -0.001689453415517949 0
0.335118532530108 -0.001693789453449938 0
0.3690358644228279 -0.001892919352179786 0
0.371141898877216 -0.003742786812326537 0
0.3731377804863355 -0.001849867460146751 0
0.3710868224545815 -0.001871393406163269 0
0.2722888792263007 -0.003427664724385604 0
0.2720571380262938 -0.001713832362192802 0
0.3811967618365097 -0.001731886928312656 0
0.3834452322594912 -0.003435884684564679 0
0.3831908700980597 -0.00171794234228234 0
0.3911288103567829 -0.001689779162454679 0
0.329212196947697 -0.001710687822376629 0
0.331016105832184 -0.003408813313758557 0
0.3311826560909329 -0.001704406656879278 0
0.2803815289678483 -0.003382330270602711 0
0.2800717168652924 -0.001691165135301356 0
0.3153541624507725 -0.003495479560729766 0
0.3154151764637748 -0.001747739780364883 0
0.3388434500589959 -0.003384116807744937 0
0.3390645821725673 -0.001692058403872469 0
0.2883194534262072 -0.003348723614356309 0
0.2880089330627001 -0.001674361807178154 0
0.3000072651908183 -0.003319689368286298 0
0.2998052198973452 -0.001659844684143149 0
0.3271103031239477 -0.003437879812610794 0
0.3272456277527015 -0.001718939906305397 0
0.2580762630876583 -0.001801610210047484 0
0.260200476299642 -0.00358695091840169 0
0.2600605556106243 -0.001793475459200845 0
0.4128728659888355 -0.001766890347541986 0
0.4148085467688684 -0.001746471579612488 0
0.348980212604749 -0.001737807060726916 0
0.3469887850749651 -0.001725696826462837 0
0.3507311707467048 -0.003497449051934271 0
0.3529414343327711 -0.001759641991207355 0
0.3509608234687605 -0.001748724525967135 0
0.3669006648816845 -0.003786595168691119 0
0.3669820784727029 -0.001893297584345559 0
0.3771909421255061 -0.001773007355205673 0
0.3794194499936155 -0.003504894283518329 0
0.3791938519810079 -0.001752447141759165 0
0.3751643613059203 -0.001811437407676212 0
0.3992262574501713 -0.003470726819635174 0
0.3990178906298513 -0.001735363409817587 0
0.3546963403522253 -0.003528943776555882 0
0.3549275352556343 -0.001764471888277941 0
0.4109134789026149 -0.001788255357718333 0
0.3782411997750332 -0.008895259871548159 0
0.3766075213477384 -0.01113749111878717 0
0.376191022519229 -0.009258524845723674 0
0.4371124868134744 -0.01201560887381581 0
0.4374281685501639 -0.009677147215688988 0
0.4362526336516006 -0.01067726383872049 0
0.0968285036619454 -0.005081173418805098 0
0.0992933959362588 -0.006785482905884191 0
0.0988195295032282 -0.005094257752939308 0
0.1372337377632605 -0.005128378320528505 0
0.1398655166716338 -0.00693825376660566 0
0.1391816056993001 -0.005203562844923616 0
0.06650732994465994 -0.007043556051649123 0
0.06629673586029056 -0.005288298865594812 0
0.1068734614231063 -0.005327059040255482 0
0.1604984261545725 -0.006843403680151429 0
0.1595606554935272 -0.005184932981966374 0
0.08054076033841931 -0.005634584066951545 0
0.08306120257616142 -0.007492590829347128 0
0.08267591167121645 -0.005545462602471129 0
0.2022827138385952 -0.006224987705630661 0
0.2001463312159315 -0.005826378655128723 0
0.2236086497033085 -0.007069057305222026 0
0.2237916100834574 -0.005319134895025477 0
0.3645195526214668 -0.005818647862900718 0
0.3624415275944008 -0.005642676958688865 0
0.2745731662406438 -0.00512300899638551 0
0.27250546973345 -0.005146273451708821 0
0.3152255868814617 -0.005276878785009077 0
0.4501687310217047 -0.007696591980858854 0
0.4522245497578715 -0.006465383378100924 0
0.4483809353533836 -0.004880063266667081 0
0.4503027425556275 -0.005672723322384002 0
0.413821248596326 -0.008324636793592355 0
0.412816642910639 -0.01106164070891208 0
0.4122286306322953 -0.009147089381582429 0
0.2263456803863832 -0.01093647827036958 0
0.2286137024250261 -0.009576452003752541 0
0.225063594831585 -0.008806616859911002 0
0.2268386486283056 -0.009191534431831771 0
0.4890188894742717 -0.001320670085369696 0
0.4918563121277533 -0.002465367308732397 0
0.4929167877328053 -0.0011446972233627 0
0.490967838603538 -0.001232683654366198 0
0.4879258105334774 -0.002769396688816748 0
0.4870184608222651 -0.001384698344408374 0
0.07631708923001757 -0.009696737792150575 0
0.07446208417352654 -0.007299053376535461 0
0.07225344448884774 -0.009063352233197047 0
0.07428526685943265 -0.00938004501267381 0
0.444929482887945 -0.005062494529491823 0
0.4467195262446871 -0.006478467866098655 0
0.4466552091206643 -0.004971278898079454 0
0.325026018054587 -0.00518017634037298 0
0.3267962410115645 -0.006862326097690923 0
0.3288805260809252 -0.005120029569928738 0
0.3269532720677562 -0.005150102955150859 0
0.2044189652295187 -0.003822498804672324 0
0.204487376016478 -0.005917975613491852 0
0.4259697911423316 -0.006982534471207207 0
0.4238968391310152 -0.008656758047526476 0
0.4254187423473746 -0.01045334420334147 0
0.4256942667448531 -0.008717939337274336 0
0.4053781636547814 -0.005560330028639917 0
0.4074273369870953 -0.005546680932350617 0
0.01313813324958584 -0.008161975708122654 0
0.01024554863550249 -0.0093946010029234 0
0.01119110980661175 -0.0114396419400842 0
0.0140836944206951 -0.01020701664528345 0
0.0121646215280988 -0.009800808824103426 0
0.2335464275041445 -0.01695936094860694 0
0.2330025715435814 -0.02136208233200833 0
0.2359812817378843 -0.02149960114037623 0
0.2365251376984474 -0.01709687975697485 0
0.2347638546210144 -0.01922948104449159 0
0.369013529043556 -0.005893484829570431 0
0.3712376510510361 -0.005776236034915441 0
0.1146638345247008 -0.003628671864263079 0
0.1159860315532505 -0.007535743268403405 0
0.1153249330389757 -0.005582207566333242 0
0.2064102078579182 -0.001887696115710353 0
0.2083909444183744 -0.001840500000538138 0
0.2043920222977246 -0.001911249402336162 0
0.3857343545985743 -0.005113580812231221 0
0.3880083989831188 -0.006773580298344592 0
0.3877224949602981 -0.005084388758311133 0
-0.1578268122777809 -0.190394836771636 0
-0.1111028839048226 -0.1512096025161157 0
-0.1530644632355682 -0.1529604572132084 0
0.1256956769730691 -0.00520048227844905 0
0.1228296930911721 -0.003514044699995294 0
0.1236884174235514 -0.005310209492927031 0
0.1158951037876867 -0.00182404480860654 0
0.1199462011737102 -0.001777169508965084 0
0.1179206524806985 -0.001800607158785812 0
0.1138795363102049 -0.001814335932131539 0
0.3994893638720403 -0.006936256578124429 0
0.4013101547192478 -0.005301875743404383 0
0.3993578106611058 -0.005203491698879802 0
0.4565455473823464 -0.005018761772270633 0
0.4583389291327848 -0.006727193065530665 0
0.4601554979409055 -0.005283435297676567 0
0.458350522661626 -0.0051510985349736 0
0.4431329722444513 -0.006937460962994873 0
0.4429148835705115 -0.005212207721354993 0
0.3229385845003667 -0.006976521468077921 0
0.3230667883794877 -0.005224204308908093 0
0.3004172255961225 -0.006696466864454393 0
0.3021148471476346 -0.004991178291068268 0
0.3002122453934704 -0.005008078116370345 0
0.3306041870899289 -0.006790046538090762 0
0.3327397668411878 -0.005078830281920581 0
0.3308101464610564 -0.00509942992592466 0
0.3799252986561497 -0.007035821333711818 0
0.3817032754058942 -0.005197269469477991 0
0.3796723743248827 -0.005270357808615073 0
0.1151649633525071 -0.04576298080957569 0
0.1269816793310493 -0.04744829186255427 0
0.1220120679398373 -0.04039687593484829 0
0.07021913803949648 -0.010765967046158 0
0.06838817114486428 -0.008753787447328982 0
0.07032080781685601 -0.008908569840263015 0
0.1516145438803459 -0.01357258995667563 0
0.1544036718433703 -0.0145332516118362 0
0.154905278136655 -0.01217475445616411 0
0.1521161501736306 -0.01121409280100354 0
0.1532599110085004 -0.01287367220641987 0
-0.004060468731995543 -0.001933903672650139 0
-0.002226129244826402 -0.00381274901148449 0
-0.0001050040207266129 -0.00187884533883435 0
-0.002082736376361057 -0.001906374505742245 0
0.2315850880926103 -0.008243601078446981 0
0.2339748922806208 -0.006326711447917379 0
0.2317681112370443 -0.006048670410281988 0
0.1284621295522428 -0.006832297043082241 0
0.1295421586283509 -0.005068190666349197 0
0.1267757060491772 -0.003436375901716006 0
0.12761891780071 -0.005134336472399124 0
0.07632091842343433 -0.005536959880106865 0
0.07430182544399759 -0.005417310898916318 0
0.003604442933153075 -0.005345714907284157 0
0.001756552520434631 -0.003689512595452454 0
-0.0002532927499349177 -0.005679017847400269 0
0.001675575091609079 -0.005512366377342213 0
0.4034950215763201 -0.007288640046252696 0
0.4033441591870146 -0.00543110288602215 0
0.3839923977449772 -0.006874965597144532 0
0.3837188150022343 -0.005155425140854606 0
0.1165221876014011 -0.009779956675575463 0
-0.007592739636026784 -0.01374360193920466 0
-0.01295194456176736 -0.02131585046958778 0
-0.008267465644781202 -0.02408858997139682 0
-0.002908260719040628 -0.01651634144101371 0
-0.007930102640403993 -0.01891609595530075 0
0.0557333484648256 -0.005549368720335166 0
0.05790346056961992 -0.005738842039515479 0
0.2906081677725209 -0.005028417349984975 0
0.2928239933740393 -0.006722608431822144 0
0.2925301125944582 -0.005028529385593023 0
0.07868465537314391 -0.007554035689976864 0
0.07843083938092682 -0.005585771973529205 0
0.05377262194484318 -0.0072357002714611 0
0.05380556680541664 -0.005425395319371643 0
0.2890159324037435 -0.006725403513990928 0
0.2867272180574298 -0.005045709778362262 0
0.2886676929149753 -0.005037063564173619 0
0.3365965127150446 -0.005045012596734718 0
0.3382465630274769 -0.006717940994433539 0
0.3385450065432364 -0.005051028901089239 0
0.08104633553082988 -0.01043733172844247 0
0.083771618556785 -0.01242115421241219 0
0.08341641056647321 -0.009956872520879656 0
0.3111799930235911 -0.008853773168180947 0
0.4623768780434691 -0.003609557786713539 0
0.4643496083510456 -0.00184771867023796 0
0.46233923267245 -0.00180477889335677 0
0.123915237949712 -0.001736875191030211 0
0.1219307195617111 -0.001757022349997647 0
0.07868171238042372 -0.01006703476029652 0
-0.004418699567854096 -0.006025572368532186 0
-0.002335996158894507 -0.005852295107966228 0
0.08647997553273856 -0.01699211791783557 0
0.08766936654722628 -0.01422061464540091 0
0.08512579704476178 -0.01470663606512388 0
0.4711235694819844 -0.005991004278339949 0
0.4741234629778407 -0.006811781490222298 0
0.4728741098314712 -0.005385659501035442 0
0.3501175317399402 -0.007086764738679618 0
0.3493623624917963 -0.0109163330890368 0
0.3497399471158683 -0.009001548913858208 0
0.09289679380845428 -0.005147399687564726 0
0.09090284168330541 -0.005218455235265724 0
0.3344166748139263 -0.006736263971755424 0
0.3346681397781163 -0.005061921439327649 0
0.481945545379923 -0.006788446552010691 0
0.4829982191968202 -0.004921919248911842 0
0.4809555812665385 -0.005021556097442485 0
0.4864152995165218 -0.004025807115516205 0
0.4854815423692415 -0.005912206349535509 0
0.484706759356671 -0.004473863182214024 0
0.003845683525296493 -0.001810667256618104 0
0.00187033975228494 -0.001844756297726227 0
0.2297106315954714 -0.01223416939606282 0
0.2326820172630557 -0.01090131847075726 0
0.2306478598440409 -0.0102388852372549 0
0.04420504113105654 -0.005292715977019824 0
0.04628493598816688 -0.007009874817944659 0
0.04613534537590148 -0.005262545155834514 0
0.3524397181429698 -0.00533206788982455 0
0.354441968146927 -0.005324102990610811 0
0.007336258448760903 -0.005360469588308821 0
0.005663666046884036 -0.003622048566470915 0
0.005470350690956988 -0.005353092247796488 0
0.09535587117219141 -0.006821738508888255 0
0.09486264873519985 -0.005114286553184912 0
0.04244921123396001 -0.007146850179501497 0
0.0422363775789364 -0.00536673045292715 0
0.3504243512433225 -0.005292106895306944 0
0.3976237191236383 -0.008355020972598619 0
0.3940787833924033 -0.008245566553421936 0
0.3960155514066564 -0.009864887341431094 0
0.3958512512580208 -0.008300293763010278 0
0.007770363473993316 -0.001811381309852811 0
0.009617957170265716 -0.003705019211227382 0
0.009769296045471006 -0.001852509605613691 0
0.1278604680999858 -0.001699500710685795 0
0.1307053295250125 -0.003390747566627694 0
0.1298367917469018 -0.001695373783313847 0
0.4543905456935703 -0.007786715016228426 0
0.454385048570109 -0.005742072575185778 0
0.01561266991640276 -0.006348185732475592 0
0.01789104342180212 -0.006077312342857247 0
0.1333938099133719 -0.00504605676772501 0
0.1360297478296603 -0.006768079284979956 0
0.1353137738383162 -0.005087217544126758 0
0.3666324167833384 -0.00792553752378003 0
0.3667665408325114 -0.005856066346235574 0
0.1490005627327658 -0.005641681760947919 0
0.1520495740642574 -0.007819017592329124 0
0.1512570029105619 -0.005783348296092313 0
0.005808023499644918 -0.001811024283235457 0
0.4946233785133696 -0.003201298734387007 0
0.491218438486266 -0.004276442533522025 0
0.4939855048718823 -0.005012373959176636 0
0.4929209084998178 -0.003738870633954517 0
0.1476097342265645 -0.00742571389082514 0
0.1469992672938402 -0.005551801022306013 0
0.4897079274693105 -0.005532852960221483 0
0.4888168690013939 -0.004151124824519115 0
0.4219925566603265 -0.01030612735965402 0
0.4222791792921292 -0.00687335192853507 0
0.4203748968214405 -0.008522721240662608 0
0.4221358679762279 -0.008589739644094541 0
0.2119148257229745 -0.01643598954899397 0
0.2117028877503874 -0.01212815215825225 0
0.2093238626112141 -0.01489007739569708 0
0.2118088567366809 -0.01428207085362311 0
0.4668743705893035 -0.004054268069275535 0
0.4665721059295016 -0.002027134034637767 0
-0.006815386139468102 -0.008034221214963021 0
-0.006217051135448001 -0.003820833993334207 0
-0.008613737707062008 -0.005829482839765041 0
-0.006516218637458052 -0.005927527604148613 0
0.26158176958309 -0.0159303696651052 0
0.2598560536249435 -0.01361628509778436 0
0.2562803549028242 -0.01685169423273901 0
0.2589310622429571 -0.0163910319489221 0
0.1258878530248489 -0.001718187950858003 0
0.1282184759041692 -0.01433766569909038 0
0.1292280595796699 -0.01197270829914809 0
0.1272686690075183 -0.01251275292939946 0
0.3862014087667137 -0.3410047187691462 0
0.3997695345588677 -0.3105421449041728 0
0.212302875865761 -0.007077418680224549 0
0.2141794688770332 -0.005323097854948507 0
0.2123225481932305 -0.005320222156844199 0
0.2160302269720888 -0.007093752114205872 0
0.2161169755152563 -0.005311538397472748 0
0.2216507651474629 -0.008584320198141454 0
0.2231057102757394 -0.01032187975283043 0
0.2233571799895239 -0.008695468529026227 0
0.4643948237866192 -0.005441508047890799 0
0.4622751608637624 -0.005362471672783684 0
0.2794550213882104 -0.008531204223134472 0
0.2769346899472354 -0.00682083268248102 0
0.2776059402491592 -0.01024931903518786 0
0.2772703150981973 -0.008535075858834441 0
0.3498339752690893 -0.0322043829746156 0
0.3461601507242783 -0.03898098709194904 0
0.3522944130857003 -0.03817492362690601 0
0.00777835869808283 -0.01082023832753315 0
0.008951689523742968 -0.007342691526169922 0
0.008365024110912899 -0.009081464926851534 0
-0.007974612927139762 -0.001886930320684068 0
-0.006017540829567652 -0.001910416996667104 0
0.01123338824524778 -0.005687241149088484 0
0.009284823347004341 -0.005523855368698652 0
0.01342302908082527 -0.006017713440782037 0
0.09738822147188533 -0.03194996894863956 0
0.104595390143614 -0.03713600854468016 0
0.1034269941626939 -0.03097301611536884 0
0.4280790735479157 -0.005285560735471951 0
0.4242491432857091 -0.005187689656660616 0
0.4261641084168124 -0.005236625196066283 0
0.4223910306839024 -0.005162150722207231 0
0.3248217305654058 -0.008580712662244038 0
0.3265342397027664 -0.01018856476365038 0
0.328508750148925 -0.008470178199097261 0
0.3266652403571654 -0.00852544543067065 0
0.1322306390167103 -0.006723499867446512 0
0.1314679842708614 -0.005057123717037103 0
0.1018284767445421 -0.01134581644386836 0
0.09993373576208101 -0.01009156446207415 0
0.1005829435171684 -0.01297543675414616 0
0.1002583396396247 -0.01153350060811016 0
0.3038295748788635 -0.01209305041441075 0
0.3009509363506467 -0.01030830846619753 0
0.3015665652988677 -0.01489903554350334 0
0.3012587508247572 -0.01260367200485044 0
0.1625321286318655 -0.01474076180999918 0
0.1596115228740299 -0.0184697763608164 0
0.163491689144571 -0.01758364409141588 0
-0.01899753952978656 -0.001354787355056418 0
-0.01717073366546063 -0.00306939790156953 0
-0.01562728570673532 -0.001714610546513112 0
-0.01731241261826094 -0.001534698950784765 0
-0.02215202100259295 -0.002226312435107304 0
-0.01981678194552784 -0.003581099790163721 0
-0.02057478026618976 -0.001790549895081861 0
0.439989512195103 -0.01085421371704366 0
0.439107451072032 -0.0122254519696578 0
0.4405589302274763 -0.01291703442676607 0
0.4414409913505473 -0.01154579617415193 0
0.4402742212112897 -0.01188562407190486 0
0.4425888700210162 -0.01359923004603134 0
0.4446379654263878 -0.01246679234600759 0
0.4434900867559189 -0.01041335847412818 0
0.4430394783884676 -0.01200629426007976 0
0.03743984150961348 -0.01195465043814531 0
0.03899425265890223 -0.01388967241935314 0
0.03927956335836268 -0.0123001067670066 0
0.3964029927971079 -0.04230671323688075 0
0.3953572986734556 -0.03509388434031593 0
0.06327819103182054 -0.03264988256254103 0
0.05625344334599323 -0.04121623060753236 0
0.06508956436533561 -0.04880889968669042 0
0.07211431205116292 -0.0402425516416991 0
0.06418387769857807 -0.04072939112461572 0
0.3412131469380928 -0.01006444162099219 0
0.3391036611046234 -0.01102979008893692 0
0.34059615086351 -0.01149687375957527 0
0.2419754550120562 -0.005182697067907527 0
0.2437288056351471 -0.006878290368628822 0
0.2456739726629424 -0.005247184755809698 0
0.2438247138374993 -0.005214940911858612 0
0.3210257224897671 -0.01237354321043445 0
0.3231122758676643 -0.01382789926406817 0
0.3249246653425945 -0.01188610126094338 0
0.3228381119646972 -0.01043174520730967 0
0.3229751939161808 -0.01212982223568892 0
0.332236750251719 -0.008452520472175916 0
0.330372750200322 -0.00846134933563659 0
0.1767183799415123 -0.004800521222891318 0
0.1803669088706282 -0.004855764623994815 0
0.1785426444060703 -0.004828142923443067 0
-0.0118114728001397 -0.001850383867748653 0
-0.01008936818780056 -0.003737314188432721 0
-0.009893042863639727 -0.001868657094216361 0
-0.0138633539516047 -0.003564994414261766 0
-0.01371937925343751 -0.001782497207130883 0
-0.1594744076236393 -0.2671292145307718 0
-0.1970306342385918 -0.3129505816836888 0
-0.1533174378982397 -0.3462273192971157 0
-0.1157612112832871 -0.3004059521441986 0
-0.1563959227609395 -0.3066782669139437 0
0.3810447680401402 -0.01366014435836318 0
0.3825862838190024 -0.01218502203288419 0
0.3805608528051936 -0.01052643695815284 0
0.3790193370263314 -0.01200155928363184 0
0.3808028104226668 -0.01209329065825801 0
0.07326224260028319 -0.0643456776189727 0
0.08280852229281657 -0.0757587156557695 0
0.09522352474978907 -0.06314423483658738 0
0.08567724505725567 -0.05173119679979058 0
0.08424288367503613 -0.06374495622778004 0
0.2562889321781024 -0.01195120754950006 0
0.2526922808388137 -0.01720234740184758 0
0.2544906065084581 -0.01457677747567382 0
0.2810961860993546 -0.006801371306888473 0
0.2827716425809097 -0.00508328553135426 0
0.2787060724862932 -0.005100416046136924 0
0.2807388575336015 -0.005091850788745592 0
0.2601926970487864 -0.005501844271457413 0
0.04546560122206534 -0.02016895467790553 0
0.04059991050514147 -0.0298310250100608 0
0.04838004078818688 -0.02614637035238307 0
0.04303275586360341 -0.02499998984398317 0
0.322888348232532 -0.008704133337693796 0
0.02804960164718912 -0.005348362349933283 0
0.02995412861398388 -0.007083379791226707 0
0.02993117321663442 -0.005340742640141622 0
0.4300670852206729 -0.005370535232625106 0
0.3376036026195224 -0.009922386928342606 0
0.3397907796457646 -0.00830087892932615 0
0.3360593860012347 -0.008339448993449995 0
0.3379250828234996 -0.008320163961388074 0
0.3822449516863101 -0.008666998420316496 0
0.3802430757306716 -0.008781129145932327 0
0.2536604887736132 -0.007120326473680292 0
0.2522981387721855 -0.004074528977874265 0
0.2513334851764807 -0.006162908545323659 0
0.2529793137728994 -0.005597427725777279 0
0.3863615075316545 -0.008562104458870163 0
0.388737540516274 -0.0101708950537057 0
0.3903844319677382 -0.008382370893180129 0
0.3883729697496964 -0.008472237676025146 0
0.3534554379341532 -0.02603110668414169 0
0.3468501306947933 -0.02212273010871591 0
0.3432286680297295 -0.02829600639918983 0
0.3483420529819413 -0.02716355654166576 0
-0.004645405386109981 -0.03150758789391252 0
0.006132802220460036 -0.02823927508708565 0
0.002510741961788815 -0.02082027716456996 0
-0.001067331712160583 -0.02616393252924124 0
0.2912947380636288 -0.008383853395728461 0
0.2875746910459736 -0.008459976048273147 0
0.2898534967058589 -0.01011842593001068 0
0.2894347145548012 -0.008421914722000802 0
0.08687432104619877 -0.02918727011551995 0
0.09143973904573198 -0.03584424784423362 0
0.09282280347235214 -0.02529299121992588 0
0.09213127125904205 -0.03056861953207975 0
0.1625623865578206 -0.09862979245719267 0
0.1476816486412606 -0.08604387861749335 0
0.1351294453901457 -0.1014913619081911 0
0.1488459159739831 -0.1000605771826919 0
0.1249061205810852 -0.01999377793616843 0
0.1190159519884292 -0.02038129423603723 0
0.1222608019799283 -0.02311729029954866 0
0.174447910657927 -0.007862157239621245 0
0.1767797189107934 -0.009556400607505084 0
0.1756157017720006 -0.006333184336315424 0
0.176197710341397 -0.007944792471910253 0
-0.2606928618267793 -0.02795318895970624 0
-0.2190402698250069 -0.05576833924196622 0
-0.2309047841956825 -0.02788416962098311 0
0.05484346417305032 -0.02180115601239126 0
0.0516472802464223 -0.03276446075449844 0
0.05811070363128573 -0.02841924641450663 0
0.0532453722097363 -0.02728280838344485 0
0.3058117737538462 -0.005059864504334596 0
0.3076645965349042 -0.005129531021413919 0
0.1299746047339193 -0.01009693531064831 0
0.1310123550519038 -0.008306615052063988 0
0.129218367143081 -0.008464616176865277 0
0.2180120938662281 -0.008853382777083295 0
0.2137151262426001 -0.009245016918669857 0
0.2158636100544141 -0.009049199847876577 0
0.0347840929600689 -0.009518782584432735 0
0.03611196723484119 -0.01073671651128902 0
0.2364081460900486 -0.03222802192988026 0
0.2368309717943006 -0.02637042119109265 0
0.2328942359094231 -0.02949489485432425 0
0.09771678844758275 -0.008420879037936899 0
0.0996135658491699 -0.00843852368397917 0
0.1460303070142446 -0.009293866262728219 0
0.1422515485818231 -0.008823383189412257 0
0.1445860624442449 -0.01093541846767253 0
0.1441409277980339 -0.009058624726070238 0
0.4235200628881562 -0.01264547944277447 0
0.4201749863790857 -0.01156653594810753 0
0.4217024926069154 -0.01390588803122799 0
0.421847524633621 -0.012106007695441 0
0.2885459981064669 -0.01154321006094225 0
0.2909462470270118 -0.01324943598754772 0
0.2903998718664353 -0.0116839309587792 0
0.3925562230728665 -0.009922279100945074 0
0.3922316076800707 -0.008313968723301032 0
0.351401582325585 -0.01884048307123816 0
0.3483082280470575 -0.0155503828100188 0
0.3437567764162658 -0.01883262984749656 0
0.3475791793709254 -0.01883655645936736 0
-0.01205127601476285 -0.005274803296839293 0
-0.01057564553402429 -0.007366971948171611 0
-0.01033250686091243 -0.005552143068302167 0
0.2766396193634685 -0.005111712521261217 0
-0.01593454020261346 -0.00615151443082331 0
-0.0141224622657716 -0.007861323313400836 0
-0.01399290810868815 -0.005713158863831301 0
0.1966551753298238 -0.01458285489563391 0
0.1988778449832056 -0.013566226356729 0
0.1973250638966866 -0.01306359211525308 0
0.1826356384195421 -0.006531694767459059 0
0.1840293356255832 -0.00498181072396746 0
0.1821981222481057 -0.004918787673981138 0
0.4379563508144447 -0.1052433076056975 0
0.4080029463133916 -0.1183766976675302 0
0.4294144977188621 -0.125732931496373 0
0.2241254945965507 -0.01186970699257435 0
0.2249707824839281 -0.0139683053515197 0
0.2271909682737606 -0.01303507662931492 0
0.2256582314351556 -0.01245239181094464 0
0.3069318182530952 -0.01281502819325314 0
0.3063227082707393 -0.01620798884100374 0
0.3101206505747923 -0.01655695489169646 0
0.3085262344139438 -0.0146859915424748 0
-0.380615392378324 -0.4401715140677371 0
-0.4431153923782374 -0.3776715140675725 0
-0.4403076961891232 -0.4388357570337862 0
0.4168944285882104 -0.008385538122456408 0
0.4185668558166101 -0.01010089368509131 0
0.4186346627048255 -0.008454129681559508 0
0.4235269241074739 -0.02834280283323812 0
0.4264961109314499 -0.04013365175596439 0
0.4346472883998754 -0.02517753778192939 0
0.4305716996656627 -0.0326555947689469 0
0.08023362332377584 -0.04134282489244134 0
0.08147234215343105 -0.0301099877277694 0
0.07679332710229698 -0.03517626968473424 0
0.1927121976304554 -0.005879317681684862 0
0.1900755277858239 -0.006285664533189273 0
0.1917174285640629 -0.007063244663805392 0
0.03018007385911005 -0.009932942550713598 0
0.0316062713067768 -0.008268967336907341 0
0.03006710123654697 -0.008508161170970153 0
0.3265191381369196 -0.013080308090569 0
0.326526688919843 -0.01163443642710969 0
0.02612254619386833 -0.005443584266861047 0
0.2851257655063209 -0.006764664828541898 0
0.2847494303191698 -0.005064497654858261 0
0.2541938351115975 -0.001847620175167259 0
0.2521411328786662 -0.002037264488937133 0
0.1654818688713649 -0.008521892297184398 0
0.1625049935238422 -0.007731928554873046 0
0.1636007848863368 -0.009292615314999003 0
0.1639934311976035 -0.008126910426028724 0
0.04827457163725282 -0.008653642001226279 0
0.04459929702422366 -0.008804287920881811 0
0.04643693433073823 -0.008728964961054044 0
-0.04375615797987889 -0.02580774788180832 0
-0.04612195330573178 -0.01290387394090416 0
0.09039581243339798 -0.01524761322862275 0
0.09115832564741773 -0.01217924619671978 0
0.089413846097322 -0.01319993042106034 0
0.4154931345663441 -0.009810328907960613 0
0.4153578385922682 -0.008355087458024379 0
0.4659916035391342 -0.007155146448155554 0
0.4684711503418184 -0.005767906469540288 0
0.4664329870642188 -0.005604707258715544 0
0.4684675725009276 -0.008264003453766346 0
0.4711199916410936 -0.008487101262566006 0
0.469795570991456 -0.007127503866053149 0
0.3416635601259627 -0.008425264843805512 0
0.2491826168730801 -0.005750175735923159 0
0.2486820329617282 -0.008290493362941274 0
0.2500077590691044 -0.007226700954132467 0
0.1408530144427524 -0.01352456995309681 0
0.1426402684112452 -0.01201143950610706 0
0.1407562051768381 -0.01037741236035344 0
0.1408046098097953 -0.01195099115672512 0
0.06279232703823849 -0.01343260337648027 0
0.06458240589581521 -0.01218332711262145 0
0.06349014320674956 -0.01055942468021652 0
0.06170006434917284 -0.01180870094407533 0
0.06314123512249402 -0.0119960140283484 0
0.1950915047030559 -0.03813838130054809 0
0.195765772956993 -0.03238882521458746 0
0.304085210163167 -0.006706088387488697 0
0.3039633104507404 -0.005025521397701432 0
0.4952868942860684 -0.002145774212471009 0
0.4964177256008573 -0.001001076989108309 0
0.4946672566668307 -0.001072887106235505 0
0.2820128858433266 -0.01029916996701601 0
0.2836540505544707 -0.008569337050770013 0
0.2815545359713406 -0.008550270636952243 0
0.168491224410478 -0.006631444920234688 0
0.1695940473729758 -0.004673126328135647 0
0.1675244943067433 -0.004969393835460147 0
0.3186622410921677 -0.01780184817476449 0
0.3211474710933039 -0.01624105365212127 0
0.3195094617593413 -0.01422062380265848 0
0.3190858514257545 -0.01601123598871149 0
0.1033123651526386 -0.01340250647224749 0
0.1034943751739067 -0.01187248238529259 0
0.2386312511508591 -0.00848861582245021 0
0.2361577692353455 -0.008003708006826229 0
0.2355315101061832 -0.01039636338226642 0
0.2370813806285211 -0.009442489602358314 0
0.01077423941962675 -0.01529642397926793 0
0.007273137653643592 -0.01891461403728386 0
0.01065379181229184 -0.02151597204226573 0
0.01415489357827499 -0.01789778198424981 0
0.01071401561595929 -0.01840619801076683 0
0.191223028438004 -0.004303244205308823 0
0.1880942790470924 -0.005200065690517584 0
0.1896586537425482 -0.004751654947913204 0
0.06469367108734386 -0.0087886359490473 0
0.0665745122875482 -0.01049886734472716 0
0.06654092111610407 -0.00877121169818814 0
0.1557754585181849 -0.01879444245711085 0
0.1492472161359194 -0.0162896719026109 0
0.1514053891027181 -0.02004701497203285 0
0.06619847476558433 -0.01416244933475121 0
0.06819058115731733 -0.01247798956685691 0
0.06638649352656625 -0.01233065833973918 0
0.1592905839483525 -0.01173978076321122 0
0.1571694693611561 -0.01212769640678025 0
0.1582397361992152 -0.01420858551554175 0
0.1603608507864116 -0.01382066987197272 0
0.1587651600737838 -0.01297418313937648 0
0.3846140614729875 -0.01035413728204213 0
0.3843032296089823 -0.008614551439593329 0
0.2417779401692051 -0.008497851476088518 0
0.2401540879891507 -0.007063795657950241 0
0.2402045956600321 -0.008493233649269365 0
0.3190347890082989 -0.01259013812658609 0
0.210527717391896 -0.008282484846189393 0
0.2119399677687351 -0.0104500830846347 0
0.212121421817248 -0.008763750882429623 0
0.2330419477957073 -0.01433324466926954 0
0.2358914406388348 -0.01382828958077869 0
0.2342867289509452 -0.01236480402576798 0
0.3372141464293676 -0.0364675609084204 0
0.3404864012091476 -0.04226372561851956 0
0.2775800423134581 -0.01888868283712227 0
0.2780053990470964 -0.0167740208280014 0
0.2793650267412464 -0.01932151777757295 0
0.206604766388846 -0.04367005614137968 0
0.212869875549695 -0.0411095722321957 0
0.02268450850019727 -0.01153926698774382 0
0.02251097087025868 -0.009566697194220063 0
0.3782443825930548 -0.01440460215702661 0
0.3774259519703966 -0.01277104663790689 0
0.04268182015155256 -0.008892061859189941 0
0.3361683680109055 -0.02303118878971994 0
0.3366912572201366 -0.02974937484907017 0
0.1485180680527314 -0.01132475993855518 0
0.1500974952650512 -0.009456607566652103 0
0.1480639011396479 -0.009375236914690159 0
0.166808647085399 -0.03959985378304994 0
0.1780869586943177 -0.04237309863384586 0
0.1739173254984874 -0.03655326621166718 0
0.2157375042053486 -0.1395561268868101 0
0.2390439159376456 -0.1431126719436296 0
0.2288544844634353 -0.1307215443713707 0
0.2930150299725915 -0.2053955379529899 0
0.2941046503193814 -0.1749123335785092 0
0.2640637195733473 -0.1717100128247483 0
0.2785393747729694 -0.1885527753888691 0
0.1333711510687041 -0.009890593947405425 0
0.1345894350335106 -0.008307478762787947 0
0.1328008950427072 -0.008307046907425968 0
0.1320526455383841 -0.01104010226281556 0
0.1338440179532829 -0.01261736418435671 0
0.1336075845109935 -0.01125397906588107 0
0.1526958555902924 -0.04330770468917569 0
0.1597522513378457 -0.04145377923611281 0
0.4013011384838002 -0.008815178665931046 0
0.4033071563960355 -0.01118781001458843 0
0.4034010889861778 -0.009238225030420566 0
0.3964963451239367 -0.4308571354599003 0
0.3616202370462037 -0.3882911348899077 0
0.05178602591532593 -0.008743567576620807 0
0.05328564573732797 -0.01069010177226849 0
0.05352913384108558 -0.008962901021864794 0
0.06494372838993547 -0.01879592629693615 0
0.06728984534566336 -0.01755700616552221 0
0.06385235780985643 -0.01540136946616514 0
0.06557110157775989 -0.01647918781584368 0
-0.04318799987897493 -0.1600723948999793 0
-0.08264287765460515 -0.1889633888630577 0
-0.07714544189189876 -0.1556409987080475 0
0.475060271613472 -0.009290597013355606 0
0.4702114485877537 -0.01053453338573845 0
0.4726358601006129 -0.00991256519954703 0
0.002025181158091571 -0.01271140859692242 0
0.001061697017733723 -0.01677134516973838 0
-0.0004415397804745288 -0.01461387501896806 0
0.4008631222170853 -0.01172378346713086 0
0.4017903258714749 -0.01446083225033203 0
0.4042343600504251 -0.01392485879778961 0
0.4025487411337552 -0.01282432113246023 0
0.2655968309397242 -0.1463221880805877 0
0.2912317515118891 -0.1460845596798504 0
0.277904874624769 -0.1342566681743138 0
-0.1990183418032573 -0.2313491830868303 0
-0.1182828780981629 -0.2261748682155775 0
-0.1586506099507101 -0.2287620256512038 0
0.2197945328654151 -0.01040789885074604 0
0.2198314295068455 -0.008718851487612374 0
0.2454660588619549 -0.008581248361720981 0
0.243515193396013 -0.01020080946918068 0
0.2436219995155801 -0.00853954991890475 0
0.1857755907471173 -0.01003014837951492 0
0.1833121243022555 -0.009415343271941812 0
0.1829537198703463 -0.01205385328730346 0
0.1843646553087318 -0.01104200083340919 0
0.173089207129307 -0.004715737754246673 0
0.1749037935354097 -0.004758129488568996 0
-0.2445522994674537 -0.274030957323265 0
-0.2424750862985918 -0.2326323344620018 0
0.3049499357480931 -0.02059175801159435 0
0.3032582505234804 -0.01774539677754885 0
0.1389182379517388 -0.0456958773772782 0
0.1458070467710156 -0.04450179103322695 0
0.08503926775113738 -0.1659216703169262 0
0.09134347160693357 -0.1956088923918183 0
0.1260416062559386 -0.1868025567320123 0
0.1197374024001424 -0.1571153346571201 0
0.105540437003538 -0.1763621135244692 0
0.2006783388953213 -0.01315251543666387 0
0.2032500302884426 -0.0132679708246764 0
0.2020685660418214 -0.01185925981685149 0
0.394630274050788 -0.01101879706318045 0
0.3962231699591163 -0.01259504441815491 0
0.3976084473149847 -0.01144113469640556 0
0.3961193606828863 -0.011229965879793 0
0.1872292364693904 -0.1571830706939878 0
0.2113018693124491 -0.1627105491521311 0
0.2014833703373695 -0.148369598790399 0
0.2861029760941234 -0.01026464827050126 0
0.2856143708002222 -0.00851465654952158 0
0.1922982355717399 -0.07632894866480942 0
0.1979809184878718 -0.06416895146253034 0
0.1844133162297679 -0.05875646034021627 0
0.178730633313636 -0.07091645754249537 0
0.1883557759007539 -0.06754270450251285 0
-0.05417071119155427 -0.05780891834250918 0
-0.08353778925075166 -0.06974663849335631 0
0.1383701732666489 -0.008492282937546844 0
0.140310860924236 -0.008657833063479552 0
0.426078633963251 -0.05476812140263461 0
0.4248364777968475 -0.07032173925009218 0
0.443602160561722 -0.07064121491362756 0
0.4348403972624865 -0.06270466815813108 0
0.44129415708484 -0.008787162297664675 0
0.4393611628175019 -0.009232154756676832 0
-0.3419669064358323 -0.06804828957788761 0
-0.2940269578771989 -0.03027390663308706 0
-0.3325169288685204 -0.03402414478894381 0
0.2015641215624771 -0.05290217517712543 0
0.2113310033392644 -0.06770559589706768 0
0.2064475624508708 -0.06030388553709655 0
0.4249551118193279 -0.01402308904632422 0
0.4268537912785464 -0.01183095380689122 0
0.4251869270833513 -0.01223821662483284 0
0.3513574704716797 -0.01343152373815638 0
0.3538720525309517 -0.01556907414660126 0
0.3563913854478157 -0.01305927696335701 0
0.3538744279597477 -0.01324540035075669 0
0.1364798041500798 -0.008399880850167397 0
0.2091564828528607 -0.01179093494717554 0
0.2066453418237907 -0.01472938522963453 0
0.2079009123383257 -0.01326016008840504 0
0.1553960101919165 -0.1801374554985987 0
0.184780942813987 -0.1851338087061408 0
0.1713126233306534 -0.1686602630962933 0
0.1614367016258162 -0.01205987619375151 0
0.16148946221265 -0.01054970091073407 0
0.1603900230805013 -0.01114474083697264 0
-0.02184863572888227 -0.3647023622465689 0
-0.07180771855695803 -0.3308390350266887 0
-0.1122871104337723 -0.3771346800923498 0
-0.06706787308132728 -0.3709185211694593 0
0.2494887529494342 -0.02078529222903888 0
0.2448775508916292 -0.0177498632645422 0
0.2487849158652214 -0.01747610533319489 0
0.09579930290515222 -0.008496427335481612 0
0.2468528505356921 -0.006964829977469343 0
0.2474282947680113 -0.005498680245866428 0
0.2470740459118416 -0.008435870862331128 0
0.3851323708156751 -0.01411172567559056 0
0.3871601484696601 -0.0122808409247485 0
0.3848732161443313 -0.01223293147881634 0
-0.01806835912932715 -0.1866489369465983 0
0.012024310866166 -0.1599618603659252 0
-0.01558184450640446 -0.1600171276329522 0
0.06056251032657063 -0.01496406747036156 0
0.06162254109818858 -0.01693283356004643 0
0.06220743406821354 -0.01518271846826335 0
-0.2663173152251455 -0.4366653828630588 0
-0.3344327076028681 -0.3768368969307959 0
-0.3234663538016931 -0.438418448465398 0
0.1158325153119064 -0.01926306123104756 0
0.108428725129995 -0.01974474245915754 0
0.1121306202209507 -0.01950390184510255 0
-0.1878451969969551 -0.3855430614160348 0
-0.1500661537153636 -0.3813388707541923 0
-0.2382692051200044 -0.3638698729160859 0
-0.2270812561110503 -0.4111042221395468 0
-0.3607381425883213 -0.1517464399853849 0
-0.3593556401252757 -0.09911118326986681 0
-0.3984206897819662 -0.1260104114650192 0
0.09688336077921181 -0.04623261975158287 0
0.1074529339881049 -0.05485959201647839 0
0.1060241620658595 -0.04599780028057927 0
0.1869935360776624 -0.09110708034400494 0
0.2087622764292997 -0.08148493522202402 0
0.1978779062534811 -0.08629600778301448 0
0.1461507403083049 -0.01404184188449045 0
0.1488826420943254 -0.01380721592058304 0
0.2279630865706563 -0.01565090867556377 0
0.2304827498923671 -0.01485000144231167 0
0.2288368590830639 -0.0139425390358133 0
0.1788520272211415 -0.01098609302639421 0
0.1809028735457439 -0.01151997315684884 0
0.1865621369763096 -0.006862881790739565 0
0.1844647354487256 -0.007891090883718463 0
0.1861688638617134 -0.00844651508512724 0
0.2561350490996296 -0.001824615192607372 0
0.2225270342363829 -0.01285976133333398 0
0.2203870111554068 -0.01315464815428434 0
0.2206236437402461 -0.01501142785223232 0
0.2227636668212222 -0.01471654103128196 0
0.2215753389883145 -0.01393559459278315 0
-0.3878425789339344 -0.3253044325785875 0
-0.4439212894669672 -0.3189022162890482 0
0.3338794614390274 -0.01005570549387049 0
0.3341480681264768 -0.008395984732812955 0
0.3850129801769018 -0.01897053010224009 0
0.3801894140304289 -0.02135895807185969 0
0.3843214436333723 -0.02257126863759699 0
0.2215072499155716 -0.01131193409359006 0
0.2228163722560612 -0.0115908205430822 0
0.2965838551674813 -0.04313934421000123 0
0.2964329299325823 -0.03294727889537056 0
0.2872347099613378 -0.0441539789129414 0
0.2918338199469601 -0.03855062890415598 0
0.429853124198485 -0.01281329020645542 0
0.4305092796384486 -0.01581957761075816 0
0.4328746400575625 -0.01526219755293987 0
0.4313638821280238 -0.01403774387969764 0
0.1829738813608988 -0.007973519019700436 0
0.03249048380680064 -0.01027811405705284 0
0.02978099224080053 -0.01193176497179894 0
0.03113573802380059 -0.01110493951442589 0
0.4086385258512777 -0.09225461449566288 0
0.3910170106622511 -0.09112331289467271 0
0.3995099784878214 -0.1047500052811015 0
0.1343669190827333 -0.2241075082485252 0
0.1637213230187112 -0.2174424070151117 0
0.1448814646373249 -0.202122481873562 0
0.2093935628712084 -0.01011286587355798 0
0.2105482253107979 -0.01112050901590512 0
0.3333770225543533 -0.01371479373232213 0
0.3321165916669921 -0.0158217672503352 0
0.3354955315393474 -0.01688897996519634 0
0.3344362770468504 -0.01530188684875923 0
0.03319518213342285 -0.008893874960670036 0
0.2783696977267224 -0.01333948554859349 0
0.2804438185367725 -0.01163831367639789 0
0.2779878189879408 -0.01179440229189067 0
0.2176254887087024 -0.01860190128887842 0
0.213765391541632 -0.01975164367983895 0
0.1540682289728369 -0.009576502826680563 0
0.152082862118944 -0.009516555196666332 0
0.1722637962591811 -0.006192689360661694 0
0.1713416272511414 -0.00469443204119116 0
0.0500237745547063 -0.01038169697123149 0
0.05003029877628937 -0.008698604788923543 0
-0.2857908703488663 -0.3249502485556621 0
-0.3368167246414003 -0.3251273405671248 0
0.2375108045712688 -0.1685004966877902 0
0.2515538177554965 -0.157411342384189 0
0.1860618073363378 -0.005090938207242523 0
0.4453289019155302 -0.008563657139458381 0
0.443311529500185 -0.008675409718561528 0
0.04015918417782094 -0.1825079826930199 0
0.0623190603962189 -0.1547612111083446 0
0.03717168563119246 -0.1573615357371349 0
0.1556188491669965 -0.01085209961673041 0
0.02615886519517614 -0.01369781243154976 0
0.02916765317360557 -0.01434069803364614 0
0.02796992871798834 -0.01281478870167435 0
0.1464923774809264 -0.2648164445781855 0
0.1003249932516236 -0.2342706662770679 0
0.123408685366275 -0.2495435554276267 0
0.05009449577312315 -0.01336498131781403 0
0.05149571988327745 -0.01211818779937909 0
0.05005913516391473 -0.01187333914452276 0
0.2930758875106022 -0.2431223355875091 0
0.2497581608996237 -0.2694421541036711 0
0.2714170242051129 -0.2562822448455901 0
0.4068693020945263 -0.01894591608028198 0
0.3996790170180624 -0.01694276448729442 0
0.4025422942252742 -0.02089233749398137 0
0.3026329635730908 -0.00840086326676372 0
0.2987351983736784 -0.008603912063888207 0
0.3006840809733846 -0.008502387665325963 0
0.3045214575171451 -0.03340885499995824 0
0.305013391517295 -0.02591975472281617 0
0.3007231607249387 -0.02943351680909337 0
0.2949244361609802 -0.008497892039465898 0
0.2931095871123044 -0.00844087271759718 0
0.437107996529346 -0.01462947065229288 0
0.4391029607879035 -0.01483931374813487 0
0.438107723800689 -0.01342746131097534 0
0.4597857050785558 -0.02479435874517412 0
0.4693857002641484 -0.02642637157806177 0
0.4635635077106836 -0.01705205506893973 0
0.466474603987416 -0.02173921332350075 0
0.008925412314945229 -0.01338852073669585 0
0.01303993691129327 -0.01334754518265628 0
0.01098267461311925 -0.01336803295967606 0
0.322903878580305 -0.1733147949881579 0
0.3284068702625812 -0.2081973200047253 0
0.3422274388938494 -0.1887524989157808 0
0.2382335215694264 -0.005460704937129227 0
0.2361042069250237 -0.005893708192523303 0
0.2662408092790322 -0.04396839870425037 0
0.2592460095997663 -0.04896561913983654 0
-0.3104712569629495 -0.1147070848908565 0
-0.3197076360356486 -0.1503736723478726 0
0.09847296628320484 -0.1328325667981583 0
0.08039601333971186 -0.1437968889532515 0
0.1288446912470257 -0.05958561211253648 0
0.1338814645993822 -0.05264074474490735 0
0.2587114146121493 -0.01172187163893313 0
0.256329454631787 -0.009328898148677597 0
0.2575204346219682 -0.01052538489380537 0
0.1661146767397651 -0.01078233253960491 0
0.1682013720653517 -0.01052399215657639 0
0.1675685641969515 -0.008263551914155879 0
0.1668416204683583 -0.009522942226880396 0
0.4276013795727659 -0.01395419658878356 0
0.4283534577385156 -0.01232212200667332 0
0.2968298172673293 -0.008550902051677052 0
0.3107413788865917 -0.2256598277961172 0
-0.2930825232735061 -0.08364419119887725 0
-0.2597484272230867 -0.08132347352549643 0
-0.2768876925501427 -0.05579869007929174 0
0.161527347534235 -0.009093833522718822 0
0.1610128868444037 -0.007968618601435124 0
0.4253939891520933 -0.09066710916288875 0
0.408081014496032 -0.07190924458286629 0
0.4167375018240626 -0.08128817687287754 0
0.0058240927095885 -0.01486568204245229 0
0.004167417335688658 -0.01784297960351112 0
0.4129313253532659 -0.0541524889434816 0
0.4197137181423579 -0.047143070349723 0
0.2090513365362246 -0.008680087926287321 0
0.2421863001503347 -0.02456672479453627 0
0.2447045343731204 -0.03043901699733676 0
0.2470966436612773 -0.02561215461318782 0
0.2549949717027001 -0.008224612311178945 0
0.08855849205149383 -0.04378772232201211 0
0.4984018525849925 -0.002995654882776862 0
0.4982088628004281 -0.001497827441388417 0
0.1927503189213336 -0.004536922004783386 0
-0.03110028709205867 -0.01018195231754979 0
-0.02529958619646658 -0.02119844167187104 0
-0.01779134956291363 -0.02110721537796205 0
-0.02359205045850572 -0.0100907260236408 0
-0.02444581832748615 -0.01564458384775592 0
0.3900604561362349 -0.01386243456259688 0
0.3916378481828487 -0.01175248869155407 0
0.3893989983262544 -0.01201666480815129 0
0.3074143255759667 -0.05065566816750303 0
0.3061631338945432 -0.04117595532666651 0
0.301999090371724 -0.04689750618875213 0
0.01561674569932288 -0.01391091346319488 0
0.01485022006000899 -0.01205896505423916 0
0.2850017763306824 -0.0127871455750589 0
0.2827227974337275 -0.01221272962572839 0
0.2401044882907413 -0.005321701002518376 0
0.3869391896392266 -0.05698472014935577 0
0.4004743198987667 -0.05223935776138781 0
0.3916710912181672 -0.04964571669311825 0
0.3105289703506809 -0.02034155499225429 0
0.3077711809339879 -0.02313065485753523 0
0.1636079794712701 -0.01297996813177798 0
0.1619844151288408 -0.01340031900187535 0
0.2079469839920665 -0.1880922922209094 0
0.2227288942816676 -0.1782963944543498 0
0.4169307363399164 -0.01184216189879185 0
0.4185388669023919 -0.01330780416180807 0
0.418552861359501 -0.01170434892344969 0
0.2011454300221638 -0.01605158618486647 0
0.1993449361100481 -0.0164652971049316 0
0.2000116375026847 -0.01480890627079774 0
-0.03782790577794343 -0.2882812947016979 0
-0.08178139850427257 -0.2578482118192079 0
-0.0767945585306153 -0.2943436234229483 0
0.3143263532055951 -0.05374725927021864 0
0.1442049462753051 -0.01511786292292498 0
0.1391372108909766 -0.01594344295566102 0
0.1416710785831409 -0.015530652939293 0
0.307067815046097 -0.1596996773340041 0
0.3543293913691575 -0.02077070666425112 0
0.3604008051082666 -0.02142874230627943 0
0.3569281215212099 -0.02372992449521056 0
0.2863661793764458 -0.07193014349639651 0
0.2764883642463171 -0.04503381913894814 0
0.272478441706027 -0.03976559953384442 0
0.4248384591905803 -0.01592968311569469 0
0.4274847269440183 -0.01586079065815403 0
0.4262199193816731 -0.01494193985223913 0
0.4234185949468056 -0.02057362829900171 0
0.4151049142817228 -0.02019441471136097 0
0.4193159191945984 -0.02426860877229955 0
0.2309872296008043 -0.01747611772164907 0
0.2320145886982558 -0.01590468119545931 0
0.2200907720104109 -0.01178127350251519 0
-0.326219081699391 -0.09137768723437203 0
-0.04614139806071478 -0.2206367324666881 0
-0.01369572801515047 -0.2460601157016028 0
0.01437731091623717 -0.212072320181513 0
-0.0158820435722388 -0.2163545263241006 0
0.1034230810361639 -0.09702893080302918 0
0.1026634232277354 -0.07591364602273758 0
0.09311580166449027 -0.08639382322939934 0
0.3937118991607703 -0.01284900665378945 0
0.3931340611168184 -0.01138564287736726 0
0.325776571699972 -0.01543761498524836 0
0.323462021396638 -0.01583933431868482 0
-0.08221213807943886 -0.2234058003411328 0
0.3994354937353983 -0.01023394306040524 0
0.3994624288037193 -0.008585099819264832 0
0.2395062569383866 -0.01624064775017183 0
0.2376988487886108 -0.01503446866547526 0
0.3793408505116356 -0.01688986592236136 0
0.3774398213896027 -0.01924854912382777 0
0.1313061003841347 -0.01291587525131533 0
0.130640352559027 -0.01150640528098182 0
0.190050859876687 -0.04737050033629384 0
0.1983278131327665 -0.04552027823883675 0
0.01704400909663933 -0.07388389878109383 0
0.03293859755811569 -0.07805064996771024 0
0.04025083205582215 -0.06138288511705933 0
0.02435624359434579 -0.05721613393044292 0
0.02864742057623074 -0.06763339194907658 0
0.06297996357360103 -0.2036457921471475 0
0.03867863724491911 -0.2078590561643303 0
0.02328393078367508 -0.03411294498761844 0
0.03148213517933256 -0.03325031101413627 0
0.02736065243107652 -0.02924954828776967 0
0.3093611006488975 -0.03626561443661235 0
0.1372041804667171 -0.07524383459064427 0
0.1584827562505481 -0.07550801420678646 0
0.1478434683586326 -0.07537592439871536 0
0.3358811552771488 -0.01151632802923086 0
0.3336282419966903 -0.01188524961309631 0
0.2233918826324185 -0.01651029364458562 0
0.2255989982951244 -0.01576205796482336 0
0.2241813325581733 -0.01523929949805266 0
0.3632380329286213 -0.06816834406566327 0
0.3763238508683816 -0.06367900814603775 0
0.3670097203830804 -0.05883648597556074 0
0.1842513279080593 -0.2074010332512567 0
0.1760949847134531 -0.24340736176661 0
0.1801731563107562 -0.2254041975089334 0
0.1148928324660512 -0.0676290032026286 0
0.1232523216857427 -0.08328722568073638 0
0.1260485064663842 -0.07143641889663643 0
0.1710245301429761 -0.08298505305551371 0
0.168606694782092 -0.07321223587464092 0
0.1697588710983608 -0.3000661126835943 0
0.1644173907705435 -0.3424865091604445 0
0.4671493329087665 -0.01018596873116386 0
0.4665704682239503 -0.008670557589659705 0
0.09347024480167815 -0.01373401274166369 0
0.09296338704689402 -0.01211306645939817 0
0.0925106835533486 -0.01768473046276274 0
0.09558511592162877 -0.01617112997580369 0
0.09299046417751339 -0.01570937160221322 0
0.08165247841261231 -0.2189582292121077 0
0.2819655880213949 -0.049796028307346 0
0.05021974806517505 -0.05770908746078379 0
0.05839242630012263 -0.07324586539306607 0
0.06174099533272913 -0.06102738253987824 0
0.1443955043597751 -0.01302664069529875 0
0.004912724132063492 -0.3106802487329272 0
0.02462497436802209 -0.3512110851297406 0
0.03372174381244492 -0.04174483327017003 0
0.02060122117831886 -0.04850985242520892 0
0.03747676622847186 -0.05045111477540402 0
0.02903899370339536 -0.04948048360030648 0
0.04744568223782476 -0.04677731711912848 0
0.04384825714682346 -0.05408010111809391 0
0.05964444511410848 -0.0124778363543285 0
0.05710068402053222 -0.01385219259826615 0
0.05801874923299437 -0.01633842371429921 0
0.05883159717355142 -0.01440813003431386 0
0.3044178463169566 -0.009745781770428388 0
0.3042515282400618 -0.008225935078958543 0
0.4561645222240734 -0.08521741335643626 0
0.4407792556880833 -0.08794226125966251 0
0.1570075973587001 -0.0165015139863263 0
0.1747779613177415 -0.0948684364005988 0
0.01939966463657877 -0.01483732812194372 0
0.02278009596305594 -0.0145355358738484 0
0.02104208656838802 -0.01318829755484377 0
0.1812501374620428 -0.05056477948703107 0
0.115300204740567 -0.1152330670304839 0
0.1192762632131548 -0.09926014635561015 0
-0.2261727843722833 -0.08412342213094452 0
0.0124750151720736 -0.03186197613933013 0
0.01156440349218272 -0.02668897409079794 0
0.2604306164002079 -0.01207017037094274 0
0.009792305566717369 -0.04625888357692061 0
0.01653811817519623 -0.04018591428226952 0
-0.02232202912877102 -0.07026291426338598 0
-0.03531251335989539 -0.04565068501295305 0
-0.03824637016016264 -0.06403591630294758 0
-0.2414107522937291 -0.3189504151196754 0
0.1960991559500628 -0.1977466627360831 0
0.1050581786079201 -0.06538661901960799 0
-0.01685594157648308 -0.04104137880301578 0
-0.002418230623655732 -0.05579267448602387 0
-0.003531818004882856 -0.04365013118996819 0
0.1175188035703547 -0.136174200843802 0
0.3374924081908862 -0.01127305905908389 0
-0.002639010016065844 -0.07207340652223992 0
0.4977383368122937 -0.00405117940469286 0
0.4965126155491811 -0.003098476808581935 0
0.3687478938985941 -0.08405758966525678 0
0.358092981579014 -0.07854856284124423 0
0.1713978941189088 -0.007488414757928621 0
0.1735820085176547 -0.009157882636888172 0
0.1729229023884179 -0.007675285998774933 0
0.1993614783308875 -0.2786570298720188 0
0.2245598196152556 -0.274049591987845 0
0.3956240090415328 -0.06999611340077251 0
0.4042776671973993 -0.06207430117212705 0
0.08874829170342247 -0.0206855618853925 0
0.09266674351285037 -0.02148886084134431 0
0.3850086702706877 -0.07669040139745449 0
0.3798824522804226 -0.08759045127996476 0
0.2413366100939184 -0.01969590474381985 0
0.2390837909441095 -0.02303316296745625 0
0.1704752339053823 -0.009120521751849811 0
0.1694832291579302 -0.007875983336042249 0
0.06959487448396254 -0.01438086794783347 0
0.06990700626172952 -0.01257341749699573 0
0.3990360757966717 -0.01293097510313119 0
0.399235784766035 -0.01158245908176821 0
0.1755900306638003 -0.01124642672294088 0
0.1772210289424709 -0.01111625987466755 0
0.171856639103094 -0.01092584411717838 0
0.1700290055842229 -0.01072491813687738 0
0.06119330316542563 -0.00938442193642388 0
0.06294348712638476 -0.009086528942735591 0
0.2658261723774922 -0.01658015268436223 0
0.2682607942973944 -0.01866132195054504 0
0.2684378078383064 -0.01646111037956705 0
0.2181662376178478 -0.07592338861738784 0
0.3859739299549572 -0.06683756077340512 0
0.429858996684043 -0.01975816271615853 0
0.4268344439896127 -0.0197993757635544 0
0.4286718618140307 -0.01780947668715628 0
-0.004391501941543488 -0.2783701822172651 0
0.1908810145324335 -0.01820532781299761 0
0.1891546576606085 -0.02132244624804688 0
0.04283951913825383 -0.03832554726609456 0
0.04954648124212353 -0.03977088893681346 0
0.2715578190737956 -0.02152537528357834 0
0.2680544137467999 -0.02179354622479132 0
0.05264605807263282 -0.01376856170187465 0
0.05443598392668334 -0.01234047567476405 0
0.0529658519049804 -0.01222933173707157 0
0.0371608271587932 -0.03578792914011542 0
0.3056748322850259 -0.01128040498184077 0
0.04683643088337429 -0.08429033814559272 0
0.2781875483869095 -0.01505675318829745 0
0.2745689306936268 -0.02020702906035031 0
0.2637039709802911 -0.01625526117473372 0
0.2256910874757512 -0.01834706746273671 0
0.2280551757512831 -0.01823591817347712 0
0.2268270870232038 -0.01699898806915024 0
0.06041887413976706 -0.01093112914537619 0
0.1635628995647518 -0.01074848270301425 0
0.1625451235494934 -0.009921158112866537 0
0.05505087601833276 -0.01472925533270047 0
0.05576833397360778 -0.0130963341365151 0
0.172926927905907 -0.2717367372251022 0
0.2412226173561425 -0.03486014250437603 0
0.08523775254496266 -0.022539341556741 0
0.07983577365219492 -0.02346205916899046 0
0.08335504734919685 -0.0263246646422552 0
0.06262570073027715 -0.02193424009096684 0
0.06295194588104885 -0.02729206132675394 0
0.1737233348834472 -0.01108613542005963 0
0.1648613281055176 -0.01188115033569144 0
0.4962471680595886 -0.006944928235489463 0
0.4969927524359412 -0.005498053820091161 0
0.05355769996751443 -0.01806843237261335 0
0.05930451343853026 -0.02007114735407712 0
0.05643110670302234 -0.01906978986334523 0
0.4482481725619684 -0.4299365252164293 0
0.4782097895165829 -0.04760884487269677 0
0.4780822611120367 -0.07487616129988713 0
0.4892552565210452 -0.02646432517608603 0
0.4737977448903656 -0.03701760822537926 0
0.49297823942763 -0.01033396320119908 0
0.4822334959486752 -0.01718191614507786 0
0.4911167479743376 -0.01839914418864256 0
0.4889456584210188 -0.007718972460978332 0
0.4856767297890602 -0.01110800742668795 0
0.4909619489243244 -0.009026467831088705 0
-0.02391913506388565 -0.005605226943410422 0
-0.02456530033326379 -0.002802613471705211 0
-0.03397390687103761 -0.005090976158774895 0
-0.01858058848268065 -0.006663216319417501 0
-0.01825350387730072 -0.01114871539964788 0
-0.02108631947059319 -0.008376971171529152 0
0.194457103291137 -0.01674013637451254 0
0.1919161000207703 -0.0159329799112485 0
0.2925304774116609 -0.01579396549579979 0
0.2874447983430258 -0.01406570736549989 0
0.2899876378773434 -0.01492983643064984 0
0.2946482054150802 -0.01509397736700022 0
0.1969010197005926 -0.01660271673972207 0
0.2038953859229773 -0.0153904857072505 0
0.3596788508211284 -0.0143657957555058 0
0.3567998615745241 -0.01749929773961422 0
0.3600398279646975 -0.01789726903089262 0
0.3541007219500546 -0.01816989040542619 0
0.314627974859808 -0.01978749589721673 0
0.3176769258772382 -0.02065863336344641 0
0.2867738872185747 -0.01216517781800057 0
0.3286201614656606 -0.01586159755173469 0
0.3275696498012901 -0.01447095282115184 0
0.3318990142272289 -0.02047904625659338 0
0.3302595878464448 -0.01817032190416404 0
0.3397648853230241 -0.0194411224983229 0
0.3415553399348259 -0.01696010550150649 0
0.3358319497751265 -0.01996008437745814 0
0.2305288736474322 -0.01979900025274273 0
0.2209779806182898 -0.01869329949966857 0
0.2233345340470205 -0.01852018348120264 0
0.2430471977360974 -0.01429460627089418 0
0.2421919039150079 -0.01699525550735701 0
0.2191245662244742 -0.01680666457055537 0
0.1344644187566725 -0.01481185793455618 0
0.1368008148238245 -0.0153776504451086 0
0.1319265011875243 -0.01511036900151481 0
0.1328852595704036 -0.01386386659293576 0
0.1273792483702773 -0.01825311660484016 0
0.1296528747789008 -0.01668174280317749 0
0.1178522940298524 -0.01822891785370113 0
0.1246770258386763 -0.01763535269215166 0
0.04057845334009837 -0.01725405142541853 0
0.03796630214867217 -0.01615713040970143 0
0.04828266370365965 -0.01743576930030928 0
0.04443055852187901 -0.01734491036286391 0
0.02755974666656616 -0.01809658566759286 0
0.02992895397575285 -0.01664891434301675 0
0.02516992131481105 -0.01631606077072063 0
0.1004319031677851 -0.01532757328147239 0
0.1031613248032553 -0.01575464299957372 0
0.1018721341602119 -0.01436503987685994 0
0.1057950249666252 -0.01774969272936563 0
0.09800850954470694 -0.01574935162863804 0
0.01677727910742688 -0.01636755505309677 0
0.07832588848338175 -0.02056870756947132 0
0.07004377112976216 -0.01681889153831524 0
0.05115288202181449 -0.01710773874178752 0
0.0491885797383914 -0.01540037530906166 0
0.3123743127173002 -0.01817222539445659 0
-0.03030604977818099 -0.03342456334241204 0
0.2432811955660552 -0.01224770787003743 0
0.004677039092726102 -0.01229739963328959 0
0.003323946541896368 -0.01136795000914132 0
0.006801225703835664 -0.01284296018499272 0
0.0858588640388506 -0.01976572973728829 0
0.3663968524545886 -0.01058291684235736 0
0.3587183755262501 -0.0124492363359745 0
0.3488352952694269 -0.0132333579495278 0
-0.009867282144407137 -0.01086299912604439 0
-0.007204062887747443 -0.01088891157708384 0
-0.01341409887615445 -0.01135735049127361 0
-0.01199487220508937 -0.009362161219722612 0
-0.01787566107407065 -0.004866307110493515 0
-0.01560272421953404 -0.01623228293461783 0
0.3944134961449131 -0.0156668695757281 0
0.3969247669432591 -0.01541290734009357 0
0.3953183330520147 -0.01413095699694151 0
0.4458892593285755 -0.02257230889269656 0
0.4545625726517193 -0.0179149867247125 0
0.4528374822035657 -0.02368333381893534 0
0.4214226101477732 -0.016703935651142 0
0.424128527068693 -0.0182516557073482 0
0.4402180021934275 -0.0221177982100247 0
0.4354297104775952 -0.01669842314425384 0
0.4350384994387352 -0.02093798046309162 0
0.3880041150338559 -0.01693684765413271 0
0.3912088055893845 -0.01630185861493041 0
0.382141235958721 -0.01614540812369793 0
0.3850726754962884 -0.01654112788891532 0
0.3801928092758879 -0.01527500514036227 0
0.4182589844432498 -0.01610585178172209 0
0.4199807385250826 -0.01500586990647504 0
0.4142542446842113 -0.01309347369974332 0
0.4111001745226843 -0.0171820366293822 0
0.414679579482967 -0.01664394420555214 0
0.05310187902007362 -0.015918497037244 0
0.4349913182934543 -0.01494583410261638 0
0.4468041577165913 -0.015976020050072 0
0.4411329005814433 -0.01552150936740013 0
0.4435110799550094 -0.01904690913004835 0
0.4408459154044598 -0.0142192718970831 0
0.4509442989827513 -0.01329100895828299 0
0.4487781066925478 -0.00978178125421858 0
0.4477911322045696 -0.01287890065214529 0
0.4592982418474786 -0.01494490894006014 0
0.4556799681785106 -0.01032093117363063 0
0.455121270415115 -0.01411795894917157 0
0.4477488164686175 -0.008130124560158616 0
0.4570094486556477 -0.008524062119580648 0
0.4663935377438475 -0.01333028151851169 0
0.462845889795663 -0.01413759522928592 0
0.4683024931658006 -0.01193240745212507 0
0.4785290839329318 -0.008959462848597567 0
0.4763262734553863 -0.007885622169409932 0
0.4148736896252777 -0.01145190130385196 0
0.4076672672865547 -0.0155534477135859 0
0.399357546407367 -0.0149368697952128 0
0.06212412091423286 -0.01943353682550664 0
0.4813028118739586 -0.01026934214687924 0
0.4817681539113168 -0.01372562914597855 0
0.4847192733209498 -0.008098325850292357 0
0.4816241786269408 -0.008528894349444961 0
0.4872136003951301 -0.00681558940525692 0
-0.03091467649526006 -0.002252609672202079 0
-0.02832888515139905 -0.002252609672202079 0
-0.04153467510999663 -0.00453535853949778 0
-0.03894888376613468 -0.00453535853949778 0
2 2 0 2975
3649
3650
3651
3652
3653
3654
3655
3656
3657
3658
3659
3660
3661
3662
3663
3664
3665
3666
3667
3668
3669
3670
3671
3672
3673
3674
3675
3676
3677
3678
3679
3680
3681
3682
3683
3684
3685
3686
3687
3688
3689
3690
3691
3692
3693
3694
3695
3696
3697
3698
3699
3700
3701
3702
3703
3704
3705
3706
3707
3708
3709
3710
3711
3712
3713
3714
3715
3716
3717
3718
3719
3720
3721
3722
3723
3724
3725
3726
3727
3728
3729
3730
3731
3732
3733
3734
3735
3736
3737
3738
3739
3740
3741
3742
3743
3744
3745
3746
3747
3748
3749
3750
3751
3752
3753
3754
3755
3756
3757
3758
3759
3760
3761
3762
3763
3764
3765
3766
3767
3768
3769
3770
3771
3772
3773
3774
3775
3776
3777
3778
3779
3780
3781
3782
3783
3784
3785
3786
3787
3788
3789
3790
3791
3792
3793
3794
3795
3796
3797
3798
3799
3800
3801
3802
3803
3804
3805
3806
3807
3808
3809
3810
3811
3812
3813
3814
3815
3816
3817
3818
3819
3820
3821
3822
3823
3824
3825
3826
3827
3828
3829
3830
3831
3832
3833
3834
3835
3836
3837
3838
3839
3840
3841
3842
3843
3844
3845
3846
3847
3848
3849
3850
3851
3852
3853
3854
3855
3856
3857
3858
3859
3860
3861
3862
3863
3864
3865
3866
3867
3868
3869
3870
3871
3872
3873
3874
3875
3876
3877
3878
3879
3880
3881
3882
3883
3884
3885
3886
3887
3888
3889
3890
3891
3892
3893
3894
3895
3896
3897
3898
3899
3900
3901
3902
3903
3904
3905
3906
3907
3908
3909
3910
3911
3912
3913
3914
3915
3916
3917
3918
3919
3920
3921
3922
3923
3924
3925
3926
3927
3928
3929
3930
3931
3932
3933
3934
3935
3936
3937
3938
3939
3940
3941
3942
3943
3944
3945
3946
3947
3948
3949
3950
3951
3952
3953
3954
3955
3956
3957
3958
3959
3960
3961
3962
3963
3964
3965
3966
3967
3968
3969
3970
3971
3972
3973
3974
3975
3976
3977
3978
3979
3980
3981
3982
3983
3984
3985
3986
3987
3988
3989
3990
3991
3992
3993
3994
3995
3996
3997
3998
3999
4000
4001
4002
4003
4004
4005
4006
4007
4008
4009
4010
4011
4012
4013
4014
4015
4016
4017
4018
4019
4020
4021
4022
4023
4024
4025
4026
4027
4028
4029
4030
4031
4032
4033
4034
4035
4036
4037
4038
4039
4040
4041
4042
4043
4044
4045
4046
4047
4048
4049
4050
4051
4052
4053
4054
4055
4056
4057
4058
4059
4060
4061
4062
4063
4064
4065
4066
4067
4068
4069
4070
4071
4072
4073
4074
4075
4076
4077
4078
4079
4080
4081
4082
4083
4084
4085
4086
4087
4088
4089
4090
4091
4092
4093
4094
4095
4096
4097
4098
4099
4100
4101
4102
4103
4104
4105
4106
4107
4108
4109
4110
4111
4112
4113
4114
4115
4116
4117
4118
4119
4120
4121
4122
4123
4124
4125
4126
4127
4128
4129
4130
4131
4132
4133
4134
4135
4136
4137
4138
4139
4140
4141
4142
4143
4144
4145
4146
4147
4148
4149
4150
4151
4152
4153
4154
4155
4156
4157
4158
4159
4160
4161
4162
4163
4164
4165
4166
4167
4168
4169
4170
4171
4172
4173
4174
4175
4176
4177
4178
4179
4180
4181
4182
4183
4184
4185
4186
4187
4188
4189
4190
4191
4192
4193
4194
4195
4196
4197
4198
4199
4200
4201
4202
4203
4204
4205
4206
4207
4208
4209
4210
4211
4212
4213
4214
4215
4216
4217
4218
4219
4220
4221
4222
4223
4224
4225
4226
4227
4228
4229
4230
4231
4232
4233
4234
4235
4236
4237
4238
4239
4240
4241
4242
4243
4244
4245
4246
4247
4248
4249
4250
4251
4252
4253
4254
4255
4256
4257
4258
4259
4260
4261
4262
4263
4264
4265
4266
4267
4268
4269
4270
4271
4272
4273
4274
4275
4276
4277
4278
4279
4280
4281
4282
4283
4284
4285
4286
4287
4288
4289
4290
4291
4292
4293
4294
4295
4296
4297
4298
4299
4300
4301
4302
4303
4304
4305
4306
4307
4308
4309
4310
4311
4312
4313
4314
4315
4316
4317
4318
4319
4320
4321
4322
4323
4324
4325
4326
4327
4328
4329
4330
4331
4332
4333
4334
4335
4336
4337
4338
4339
4340
4341
4342
4343
4344
4345
4346
4347
4348
4349
4350
4351
4352
4353
4354
4355
4356
4357
4358
4359
4360
4361
4362
4363
4364
4365
4366
4367
4368
4369
4370
4371
4372
4373
4374
4375
4376
4377
4378
4379
4380
4381
4382
4383
4384
4385
4386
4387
4388
4389
4390
4391
4392
4393
4394
4395
4396
4397
4398
4399
4400
4401
4402
4403
4404
4405
4406
4407
4408
4409
4410
4411
4412
4413
4414
4415
4416
4417
4418
4419
4420
4421
4422
4423
4424
4425
4426
4427
4428
4429
4430
4431
4432
4433
4434
4435
4436
4437
4438
4439
4440
4441
4442
4443
4444
4445
4446
4447
4448
4449
4450
4451
4452
4453
4454
4455
4456
4457
4458
4459
4460
4461
4462
4463
4464
4465
4466
4467
4468
4469
4470
4471
4472
4473
4474
4475
4476
4477
4478
4479
4480
4481
4482
4483
4484
4485
4486
4487
4488
4489
4490
4491
4492
4493
4494
4495
4496
4497
4498
4499
4500
4501
4502
4503
4504
4505
4506
4507
4508
4509
4510
4511
4512
4513
4514
4515
4516
4517
4518
4519
4520
4521
4522
4523
4524
4525
4526
4527
4528
4529
4530
4531
4532
4533
4534
4535
4536
4537
4538
4539
4540
4541
4542
4543
4544
4545
4546
4547
4548
4549
4550
4551
4552
4553
4554
4555
4556
4557
4558
4559
4560
4561
4562
4563
4564
4565
4566
4567
4568
4569
4570
4571
4572
4573
4574
4575
4576
4577
4578
4579
4580
4581
4582
4583
4584
4585
4586
4587
4588
4589
4590
4591
4592
4593
4594
4595
4596
4597
4598
4599
4600
4601
4602
4603
4604
4605
4606
4607
4608
4609
4610
4611
4612
4613
4614
4615
4616
4617
4618
4619
4620
4621
4622
4623
4624
4625
4626
4627
4628
4629
4630
4631
4632
4633
4634
4635
4636
4637
4638
4639
4640
4641
4642
4643
4644
4645
4646
4647
4648
4649
4650
4651
4652
4653
4654
4655
4656
4657
4658
4659
4660
4661
4662
4663
4664
4665
4666
4667
4668
4669
4670
4671
4672
4673
4674
4675
4676
4677
4678
4679
4680
4681
4682
4683
4684
4685
4686
4687
4688
4689
4690
4691
4692
4693
4694
4695
4696
4697
4698
4699
4700
4701
4702
4703
4704
4705
4706
4707
4708
4709
4710
4711
4712
4713
4714
4715
4716
4717
4718
4719
4720
4721
4722
4723
4724
4725
4726
4727
4728
4729
4730
4731
4732
4733
4734
4735
4736
4737
4738
4739
4740
4741
4742
4743
4744
4745
4746
4747
4748
4749
4750
4751
4752
4753
4754
4755
4756
4757
4758
4759
4760
4761
4762
4763
4764
4765
4766
4767
4768
4769
4770
4771
4772
4773
4774
4775
4776
4777
4778
4779
4780
4781
4782
4783
4784
4785
4786
4787
4788
4789
4790
4791
4792
4793
4794
4795
4796
4797
4798
4799
4800
4801
4802
4803
4804
4805
4806
4807
4808
4809
4810
4811
4812
4813
4814
4815
4816
4817
4818
4819
4820
4821
4822
4823
4824
4825
4826
4827
4828
4829
4830
4831
4832
4833
4834
4835
4836
4837
4838
4839
4840
4841
4842
4843
4844
4845
4846
4847
4848
4849
4850
4851
4852
4853
4854
4855
4856
4857
4858
4859
4860
4861
4862
4863
4864
4865
4866
4867
4868
4869
4870
4871
4872
4873
4874
4875
4876
4877
4878
4879
4880
4881
4882
4883
4884
4885
4886
4887
4888
4889
4890
4891
4892
4893
4894
4895
4896
4897
4898
4899
4900
4901
4902
4903
4904
4905
4906
4907
4908
4909
4910
4911
4912
4913
4914
4915
4916
4917
4918
4919
4920
4921
4922
4923
4924
4925
4926
4927
4928
4929
4930
4931
4932
4933
4934
4935
4936
4937
4938
4939
4940
4941
4942
4943
4944
4945
4946
4947
4948
4949
4950
4951
4952
4953
4954
4955
4956
4957
4958
4959
4960
4961
4962
4963
4964
4965
4966
4967
4968
4969
4970
4971
4972
4973
4974
4975
4976
4977
4978
4979
4980
4981
4982
4983
4984
4985
4986
4987
4988
4989
4990
4991
4992
4993
4994
4995
4996
4997
4998
4999
5000
5001
5002
5003
5004
5005
5006
5007
5008
5009
5010
5011
5012
5013
5014
5015
5016
5017
5018
5019
5020
5021
5022
5023
5024
5025
5026
5027
5028
5029
5030
5031
5032
5033
5034
5035
5036
5037
5038
5039
5040
5041
5042
5043
5044
5045
5046
5047
5048
5049
5050
5051
5052
5053
5054
5055
5056
5057
5058
5059
5060
5061
5062
5063
5064
5065
5066
5067
5068
5069
5070
5071
5072
5073
5074
5075
5076
5077
5078
5079
5080
5081
5082
5083
5084
5085
5086
5087
5088
5089
5090
5091
5092
5093
5094
5095
5096
5097
5098
5099
5100
5101
5102
5103
5104
5105
5106
5107
5108
5109
5110
5111
5112
5113
5114
5115
5116
5117
5118
5119
5120
5121
5122
5123
5124
5125
5126
5127
5128
5129
5130
5131
5132
5133
5134
5135
5136
5137
5138
5139
5140
5141
5142
5143
5144
5145
5146
5147
5148
5149
5150
5151
5152
5153
5154
5155
5156
5157
5158
5159
5160
5161
5162
5163
5164
5165
5166
5167
5168
5169
5170
5171
5172
5173
5174
5175
5176
5177
5178
5179
5180
5181
5182
5183
5184
5185
5186
5187
5188
5189
5190
5191
5192
5193
5194
5195
5196
5197
5198
5199
5200
5201
5202
5203
5204
5205
5206
5207
5208
5209
5210
5211
5212
5213
5214
5215
5216
5217
5218
5219
5220
5221
5222
5223
5224
5225
5226
5227
5228
5229
5230
5231
5232
5233
5234
5235
5236
5237
5238
5239
5240
5241
5242
5243
5244
5245
5246
5247
5248
5249
5250
5251
5252
5253
5254
5255
5256
5257
5258
5259
5260
5261
5262
5263
5264
5265
5266
5267
5268
5269
5270
5271
5272
5273
5274
5275
5276
5277
5278
5279
5280
5281
5282
5283
5284
5285
5286
5287
5288
5289
5290
5291
5292
5293
5294
5295
5296
5297
5298
5299
5300
5301
5302
5303
5304
5305
5306
5307
5308
5309
5310
5311
5312
5313
5314
5315
5316
5317
5318
5319
5320
5321
5322
5323
5324
5325
5326
5327
5328
5329
5330
5331
5332
5333
5334
5335
5336
5337
5338
5339
5340
5341
5342
5343
5344
5345
5346
5347
5348
5349
5350
5351
5352
5353
5354
5355
5356
5357
5358
5359
5360
5361
5362
5363
5364
5365
5366
5367
5368
5369
5370
5371
5372
5373
5374
5375
5376
5377
5378
5379
5380
5381
5382
5383
5384
5385
5386
5387
5388
5389
5390
5391
5392
5393
5394
5395
5396
5397
5398
5399
5400
5401
5402
5403
5404
5405
5406
5407
5408
5409
5410
5411
5412
5413
5414
5415
5416
5417
5418
5419
5420
5421
5422
5423
5424
5425
5426
5427
5428
5429
5430
5431
5432
5433
5434
5435
5436
5437
5438
5439
5440
5441
5442
5443
5444
5445
5446
5447
5448
5449
5450
5451
5452
5453
5454
5455
5456
5457
5458
5459
5460
5461
5462
5463
5464
5465
5466
5467
5468
5469
5470
5471
5472
5473
5474
5475
5476
5477
5478
5479
5480
5481
5482
5483
5484
5485
5486
5487
5488
5489
5490
5491
5492
5493
5494
5495
5496
5497
5498
5499
5500
5501
5502
5503
5504
5505
5506
5507
5508
5509
5510
5511
5512
5513
5514
5515
5516
5517
5518
5519
5520
5521
5522
5523
5524
5525
5526
5527
5528
5529
5530
5531
5532
5533
5534
5535
5536
5537
5538
5539
5540
5541
5542
5543
5544
5545
5546
5547
5548
5549
5550
5551
5552
5553
5554
5555
5556
5557
5558
5559
5560
5561
5562
5563
5564
5565
5566
5567
5568
5569
5570
5571
5572
5573
5574
5575
5576
5577
5578
5579
5580
5581
5582
5583
5584
5585
5586
5587
5588
5589
5590
5591
5592
5593
5594
5595
5596
5597
5598
5599
5600
5601
5602
5603
5604
5605
5606
5607
5608
5609
5610
5611
5612
5613
5614
5615
5616
5617
5618
5619
5620
5621
5622
5623
5624
5625
5626
5627
5628
5629
5630
5631
5632
5633
5634
5635
5636
5637
5638
5639
5640
5641
5642
5643
5644
5645
5646
5647
5648
5649
5650
5651
5652
5653
5654
5655
5656
5657
5658
5659
5660
5661
5662
5663
5664
5665
5666
5667
5668
5669
5670
5671
5672
5673
5674
5675
5676
5677
5678
5679
5680
5681
5682
5683
5684
5685
5686
5687
5688
5689
5690
5691
5692
5693
5694
5695
5696
5697
5698
5699
5700
5701
5702
5703
5704
5705
5706
5707
5708
5709
5710
5711
5712
5713
5714
5715
5716
5717
5718
5719
5720
5721
5722
5723
5724
5725
5726
5727
5728
5729
5730
5731
5732
5733
5734
5735
5736
5737
5738
5739
5740
5741
5742
5743
5744
5745
5746
5747
5748
5749
5750
5751
5752
5753
5754
5755
5756
5757
5758
5759
5760
5761
5762
5763
5764
5765
5766
5767
5768
5769
5770
5771
5772
5773
5774
5775
5776
5777
5778
5779
5780
5781
5782
5783
5784
5785
5786
5787
5788
5789
5790
5791
5792
5793
5794
5795
5796
5797
5798
5799
5800
5801
5802
5803
5804
5805
5806
5807
5808
5809
5810
5811
5812
5813
5814
5815
5816
5817
5818
5819
5820
5821
5822
5823
5824
5825
5826
5827
5828
5829
5830
5831
5832
5833
5834
5835
5836
5837
5838
5839
5840
5841
5842
5843
5844
5845
5846
5847
5848
5849
5850
5851
5852
5853
5854
5855
5856
5857
5858
5859
5860
5861
5862
5863
5864
5865
5866
5867
5868
5869
5870
5871
5872
5873
5874
5875
5876
5877
5878
5879
5880
5881
5882
5883
5884
5885
5886
5887
5888
5889
5890
5891
5892
5893
5894
5895
5896
5897
5898
5899
5900
5901
5902
5903
5904
5905
5906
5907
5908
5909
5910
5911
5912
5913
5914
5915
5916
5917
5918
5919
5920
5921
5922
5923
5924
5925
5926
5927
5928
5929
5930
5931
5932
5933
5934
5935
5936
5937
5938
5939
5940
5941
5942
5943
5944
5945
5946
5947
5948
5949
5950
5951
5952
5953
5954
5955
5956
5957
5958
5959
5960
5961
5962
5963
5964
5965
5966
5967
5968
5969
5970
5971
5972
5973
5974
5975
5976
5977
5978
5979
5980
5981
5982
5983
5984
5985
5986
5987
5988
5989
5990
5991
5992
5993
5994
5995
5996
5997
5998
5999
6000
6001
6002
6003
6004
6005
6006
6007
6008
6009
6010
6011
6012
6013
6014
6015
6016
6017
6018
6019
6020
6021
6022
6023
6024
6025
6026
6027
6028
6029
6030
6031
6032
6033
6034
6035
6036
6037
6038
6039
6040
6041
6042
6043
6044
6045
6046
6047
6048
6049
6050
6051
6052
6053
6054
6055
6056
6057
6058
6059
6060
6061
6062
6063
6064
6065
6066
6067
6068
6069
6070
6071
6072
6073
6074
6075
6076
6077
6078
6079
6080
6081
6082
6083
6084
6085
6086
6087
6088
6089
6090
6091
6092
6093
6094
6095
6096
6097
6098
6099
6100
6101
6102
6103
6104
6105
6106
6107
6108
6109
6110
6111
6112
6113
6114
6115
6116
6117
6118
6119
6120
6121
6122
6123
6124
6125
6126
6127
6128
6129
6130
6131
6132
6133
6134
6135
6136
6137
6138
6139
6140
6141
6142
6143
6144
6145
6146
6147
6148
6149
6150
6151
6152
6153
6154
6155
6156
6157
6158
6159
6160
6161
6162
6163
6164
6165
6166
6167
6168
6169
6170
6171
6172
6173
6174
6175
6176
6177
6178
6179
6180
6181
6182
6183
6184
6185
6186
6187
6188
6189
6190
6191
6192
6193
6194
6195
6196
6197
6198
6199
6200
6201
6202
6203
6204
6205
6206
6207
6208
6209
6210
6211
6212
6213
6214
6215
6216
6217
6218
6219
6220
6221
6222
6223
6224
6225
6226
6227
6228
6229
6230
6231
6232
6233
6234
6235
6236
6237
6238
6239
6240
6241
6242
6243
6244
6245
6246
6247
6248
6249
6250
6251
6252
6253
6254
6255
6256
6257
6258
6259
6260
6261
6262
6263
6264
6265
6266
6267
6268
6269
6270
6271
6272
6273
6274
6275
6276
6277
6278
6279
6280
6281
6282
6283
6284
6285
6286
6287
6288
6289
6290
6291
6292
6293
6294
6295
6296
6297
6298
6299
6300
6301
6302
6303
6304
6305
6306
6307
6308
6309
6310
6311
6312
6313
6314
6315
6316
6317
6318
6319
6320
6321
6322
6323
6324
6325
6326
6327
6328
6329
6330
6331
6332
6333
6334
6335
6336
6337
6338
6339
6340
6341
6342
6343
6344
6345
6346
6347
6348
6349
6350
6351
6352
6353
6354
6355
6356
6357
6358
6359
6360
6361
6362
6363
6364
6365
6366
6367
6368
6369
6370
6371
6372
6373
6374
6375
6376
6377
6378
6379
6380
6381
6382
6383
6384
6385
6386
6387
6388
6389
6390
6391
6392
6393
6394
6395
6396
6397
6398
6399
6400
6401
6402
6403
6404
6405
6406
6407
6408
6409
6410
6411
6412
6413
6414
6415
6416
6417
6418
6419
6420
6421
6422
6423
6424
6425
6426
6427
6428
6429
6430
6431
6432
6433
6434
6435
6436
6437
6438
6439
6440
6441
6442
6443
6444
6445
6446
6447
6448
6449
6450
6451
6452
6453
6454
6455
6456
6457
6458
6459
6460
6461
6462
6463
6464
6465
6466
6467
6468
6469
6470
6471
6472
6473
6474
6475
6476
6477
6478
6479
6480
6481
6482
6483
6484
6485
6486
6487
6488
6489
6490
6491
6492
6493
6494
6495
6496
6497
6498
6499
6500
6501
6502
6503
6504
6505
6506
6507
6508
6509
6510
6511
6512
6513
6514
6515
6516
6517
6518
6519
6520
6521
6522
6523
6524
6525
6526
6527
6528
6529
6530
6531
6532
6533
6534
6535
6536
6537
6538
6539
6540
6541
6542
6543
6544
6545
6546
6547
6548
6549
6550
6551
6552
6553
6554
6555
6556
6557
6558
6559
6560
6561
6562
6563
6564
6565
6566
6567
6568
6569
6570
6571
6572
6573
6574
6575
6576
6577
6578
6579
6580
6581
6582
6583
6584
6585
6586
6587
6588
6589
6590
6591
6592
6593
6594
6595
6596
6597
6598
6599
6600
6601
6602
6603
6604
6605
6606
6607
6608
6609
6610
6611
6612
6613
6614
6615
6616
6617
6618
6619
6620
6621
6622
6623
0.2455694745282442 0.003493962286918993 0
0.2063136328358016 0.003690030266706024 0
0.1662413088557946 0.003431711016874025 0
0.1254061933045774 0.003315392379526041 0
0.08631455589126219 0.003305657395936058 0
0.04593270492032158 0.00339817925448121 0
0.00647690235244619 0.003328276119417076 0
0.2819549457666825 0.003793374057188705 0
0.313455326589736 0.003550161943484329 0
0.3416687504482123 0.003482496218147999 0
0.3694788361498345 0.003518241183097225 0
0.3933969991539563 0.004744839859538687 0
0.4135834370904805 0.003496688770528869 0
0.4339313480751104 0.003423503001840335 0
0.4530250853357786 0.003738358463293567 0
0.2653127340975391 0.003426462740764108 0
0.3293911773988581 0.00344894671428055 0
0.2974498154688587 0.003257632186229421 0
0.464753622698487 0.003837253999523101 0
0.4783069969508776 0.003443555848355675 0
0.4355851290632587 0.2330461081485329 0
-0.09417063723673404 0.04204326965739472 0
-0.02131263668672487 0.003258654342603578 0
-0.009500963040889552 0.003579536786604977 0
-0.03273503669892477 0.005047042400708644 0
0.4843742628096991 0.003840348479119885 0
-0.2538999344559786 0.06213063250387161 0
0.07524268823420416 0.3791350438313432 0
-0.2426499237558077 0.3439612794602556 0
0.497673569992165 0.006546438707632479 0
-0.4044457357410238 0.1782767212608575 0
0.4549145101807112 0.06405110841922602 0
0.4473846975653604 0.1177912918881113 0
0.4167542540790747 0.07939527625423579 0
-0.06712332128294168 0.3714029051151099 0
-0.140516846644296 0.2916626725291981 0
-0.06314871788257416 0.2313054174443795 0
-0.1128405648287394 0.1701588506374029 0
-0.009500591908681934 0.1783213187365308 0
0.04328229047865695 0.2082040156823348 0
0.06635200269100749 0.1558249852945051 0
0.02847153518908455 0.08643539915414403 0
0.06641026538224852 0.003536775712474747 0
0.02625920250844158 0.0035345415543643 0
0.1019994613871902 0.2242150228346195 0
0.1604483543440418 0.1660181213893168 0
0.1745837233954664 0.2359513833106441 0
0.2045082292854984 0.1444866391397003 0
0.178056727746085 0.12038906641688 0
0.1457572413970639 0.00372260877957371 0
0.1862432575248284 0.00343499280154128 0
0.2297348624973151 0.1037452501540614 0
0.2257693714723424 0.00341556134552787 0
0.2489405480324286 0.1342917240403542 0
0.2334635115123647 0.003587747853586183 0
0.2181448525713473 0.003547949761553654 0
0.2621004862455157 0.1006804586930116 0
0.2794096129564411 0.1166587391231469 0
0.2737904804290474 0.1702835145480861 0
0.3035034472278967 0.08927798751582919 0
0.2056233784719636 0.07882565499000824 0
0.2777326331958645 0.0618751735587077 0
0.3315228368447028 0.1132833563209614 0
0.3493107381319278 0.086676699091927 0
0.322315163630308 0.05636471141001345 0
0.2312037013456859 0.3550546288041795 0
0.1185890682967108 0.1207286896093988 0
0.1057827138383812 0.003672056721462376 0
0.1558377660918513 0.08948193452777316 0
0.3628420222684975 0.1346784563760019 0
0.3402044087235073 0.1717491080639144 0
0.24549832533606 0.07644374456974164 0
-0.1758011317499015 0.05308423635237434 0
-0.2288209833677262 0.1296088588181109 0
-0.02861036071650112 0.003471560715245091 0
-0.060803074228593 0.02777627248163901 0
-0.04911166713286819 0.1357111685396888 0
0.4061445922979122 0.2963579843906741 0
0.3502454631180892 0.2517461802002666 0
0.3550588339752516 0.3561895982038351 0
0.1376625870598469 0.3147860662859218 0
-0.3912154611166659 0.254244083106226 0
-0.3133659359759142 0.06799485906743777 0
0.224102087359036 0.2764600940478594 0
0.4892721646240301 0.004329440911072138 0
0.4923955311854029 0.009235888369035283 0
0.496002270599589 0.007979635920969943 0
0.4811510197601551 0.002442320474254035 0
0.4822780129612801 0.01004501866526656 0
-0.2884795225975624 0.2375110540742874 0
-0.02435339692846339 0.002260042050163101 0
-0.04663745904410646 0.01533450705130893 0
-0.0366824941016439 0.04168643506109806 0
0.493563699497198 0.003945672942170085 0
-0.402516621901881 0.08544885411724434 0
0.3994321492951051 0.4033334749994826 0
0.400661896504369 0.1548842162279522 0
0.4467679819102593 0.1708009907019452 0
0.3816995582320225 0.2025896141246001 0
0.3072612608946226 0.210182143381978 0
0.2315028139572224 0.1983943369623236 0
0.3771190950498126 0.1004009208264634 0
0.3576609813906742 0.06244669500464236 0
0.4021205170281326 0.04891009972047936 0
0.422878592234091 0.04898054022977875 0
0.4133866721472862 0.02923393424688031 0
0.3868617644391868 0.02215325463620749 0
0.3808286485936283 0.003429087243262465 0
0.4401660643590395 0.0261858566317366 0
0.4645012471892523 0.03129532178367699 0
0.4232944194882504 0.01949602693176258 0
0.4253261315682265 0.003558436659083268 0
0.4089000860918022 0.01916819867000683 0
0.4018095623671133 0.003834669576714946 0
0.4153501664834517 0.01551009922760095 0
0.4057020311090307 0.003806984771957109 0
0.4023794893250473 0.007914408479193261 0
0.4065043445501618 0.007882669422360489 0
0.3995642233793911 0.007233010733384318 0
0.4019654344555458 0.01281475908944129 0
0.3975373830817794 0.01154237418945637 0
0.4073321775454065 0.01269442652141969 0
0.4121267103414997 0.01126022934641962 0
0.4296126711375414 0.003599951991457451 0
0.4303881087339179 0.007565391493213272 0
0.4413424963322473 0.003419746464846994 0
0.4212966575651611 0.003448538510782711 0
0.4216880979324396 0.0068227747122684 0
0.4180701813577213 0.006824758682119398 0
0.4217864147821303 0.009344838558707418 0
0.4244395627320711 0.01078282950822159 0
0.4174072048152612 0.003432989784213891 0
0.397929311054722 0.003908688152435602 0
0.4106175913717088 0.007408736141101002 0
0.4380085385829661 0.003264061797765681 0
0.4392007223717345 0.005877722284870573 0
0.4096535513947507 0.003675760357527668 0
0.425541634265707 0.007194658165784816 0
0.4299237648171294 0.01256421326781752 0
0.4360274993559183 0.006969239364511588 0
0.4384979479341073 0.01246847237279668 0
0.4143965452998606 0.0069936552034524 0
0.4187323424090267 0.01096095603779142 0
0.422218230771556 0.01331085520261162 0
0.4005070548231833 0.01976047574319677 0
0.3044486007862693 0.3006731243450116 0
-0.1471478256360143 0.1094739055004199 0
0.414965790741122 0.009775190514350645 0
0.3062837695778073 0.1425039006378326 0
0.08957071862048323 0.2754465364151698 0
0.0166038384121412 0.290535351507206 0
0.003630853224982284 0.4212112779096535 0
-0.07049332135421288 0.08191688660225971 0
-0.01765309939547946 0.07845168758065378 0
0.001025714709526663 0.04962310340330263 0
-0.007621564862526522 0.02995120396870288 0
-0.02630905932630883 0.006974448301222999 0
0.01237147405192362 0.06788124924819146 0
0.03361752210582378 0.05555873384945243 0
0.02546786654481776 0.02705232937023424 0
0.05257406240029899 0.06810835519830359 0
0.05659931784724698 0.05487663980071673 0
0.05310011960264482 0.02353264649377206 0
0.06662861177435479 0.07603986057715401 0
0.09405164939970807 0.05470488168869594 0
0.08043735268399224 0.03242259138600055 0
0.09103919161069071 0.08072186930603868 0
0.1129318547910804 0.05134394991794885 0
0.108794423955608 0.03876441492144841 0
0.12761837382932 0.03836201346127236 0
0.121112216758311 0.02183001586533602 0
0.08231790146584572 0.114479364296794 0
0.1414996528702788 0.0527082576907056 0
0.1496428341671696 0.03673783747587372 0
0.1635220909616502 0.05931416313931109 0
0.1351472631520407 0.02046971690825896 0
0.1815542677239498 0.09779594740878236 0
0.1910400592335918 0.05272944271828335 0
-0.03092131944446973 0.002701393751538816 0
0.09681039215937604 0.03407597180722743 0
0.09334881286964911 0.02115928733916964 0
0.08333011375974117 0.01959725228314515 0
0.07440359092093031 0.00349320616812077 0
0.08739703176220304 0.0138572411519642 0
0.09791111299521048 0.003462802866015472 0
0.08405431130973781 0.01216680063724547 0
0.1006170177466771 0.0183097257572674 0
0.09569321337505024 0.009598273582472174 0
0.06917902128308322 0.0265086529198285 0
0.07299884614900845 0.01629953237381514 0
0.07662022616695169 0.01304564242367715 0
0.07840462032526985 0.00341587274686875 0
0.07756166602029788 0.00685084302845744 0
0.07354212903396239 0.007088385321891039 0
0.08155552957245389 0.006659821040821129 0
0.1018111544359692 0.003606725503703682 0
0.1046217967209737 0.007578130250309796 0
0.1138778898212921 0.003524503428438673 0
0.1089402977600525 0.007431161355215099 0
0.1178098009631725 0.003380747524814941 0
0.1169944480930766 0.006695905011106017 0
0.1204429294754195 0.006435457258985924 0
0.1099083672083384 0.003654804677091985 0
0.09408372616388806 0.003355611234571619 0
0.0902289411838125 0.003310428437837039 0
0.08933946472709192 0.006624344701792147 0
0.08239497908687429 0.003347098756609925 0
0.1216553512673866 0.003291769212409524 0
0.07041850926988277 0.0035447070822858 0
0.0931242164565812 0.006672315809320585 0
0.1004989950679511 0.007404457932617161 0
0.08548802730200961 0.006602650331436944 0
0.06950146958678072 0.007195918002032863 0
0.06547062184418519 0.007156085491914817 0
0.05437394460693327 0.003439360057732636 0
0.06463976547848327 0.01082929050366729 0
0.06062929969562626 0.01073962649451905 0
0.06146011804858194 0.007058167977820184 0
0.05844157826934586 0.003462882063723239 0
0.06244730100062963 0.003509722367433883 0
0.05747916120519857 0.006898106732283835 0
0.05345119785750644 0.006874698124884876 0
0.0530930949139986 0.009580662478940953 0
0.05017769443849508 0.003421230027414424 0
0.04899213612762585 0.006914326772900012 0
0.04383775446479481 0.006690769302835984 0
0.03387315589472081 0.003424594129480131 0
0.04872698722552046 0.0115910251268196 0
0.03784005192359573 0.003418158448139151 0
0.03607101078105902 0.006872147516574024 0
0.04185322650730186 0.003406797870445989 0
0.03005647913435345 0.003457386094063321 0
0.02845389374523561 0.006893091420805251 0
0.01816562277890863 0.003773826978253447 0
0.02230017859125205 0.003694264428089684 0
0.02125899976831442 0.007227754425429052 0
0.04010964890766607 0.006850300588732122 0
0.03884655031368611 0.01062359543330006 0
0.06865887563009973 0.01109530312257721 0
0.07287859860633306 0.0109848830744109 0
0.104055045253596 0.01182208065797412 0
0.1085088244694186 0.01146030581950011 0
0.1130674998285408 0.01098239711497636 0
0.1132008764614822 0.007135600841085877 0
0.06272202619055085 0.02010801360633761 0
0.06403240843353705 0.01380728260679155 0
0.05634829718689401 0.01037980375416252 0
0.05490279144381543 0.01483715061902975 0
0.04485801003858583 0.01691898238477732 0
0.1071876538183093 0.02331497511015146 0
0.04002431353481975 0.03040454503577674 0
0.09675541665711834 0.006941595120877068 0
0.08097812187895836 0.009870941092228485 0
0.0809890032359887 0.0132880925862662 0
0.06700535794536869 0.01548103086506357 0
0.09264406479491226 0.01005156817347271 0
0.06047846540882449 0.01492673486594753 0
0.1132093729781067 0.01934757951503746 0
0.1080788841552628 0.01595789712186645 0
0.1134647048460968 0.01555296746921581 0
0.1172410013685334 0.009970368881637368 0
0.1198319590677917 0.01389890962552785 0
0.1281145298391317 0.01749461509768071 0
0.1375542283188675 0.003842804904473244 0
0.125807393999863 0.01379922510432618 0
0.1333563268640597 0.00367604138558331 0
0.1363167802603506 0.008379216013259572 0
0.1410919595152728 0.007586828636726357 0
0.1317126461247704 0.007325747124403936 0
0.1333665251452806 0.01176542687771339 0
0.1290833121804932 0.01300224897868784 0
0.141778194113083 0.003824568314527071 0
0.1293167987157256 0.003453384563811481 0
0.1276410662822543 0.006862062889827899 0
0.1238444326358639 0.006553832893980453 0
0.1214184785204191 0.009824933131431492 0
0.1198356145959238 0.008843739437988852 0
0.1406007927668108 0.01617574285953264 0
0.134159555694792 0.01583002384023144 0
0.1457069286348531 0.02111375335183723 0
0.1536702396586855 0.004831041858417061 0
0.1549898208037865 0.02358562509052073 0
0.144462799696238 0.01396758932803224 0
0.1617636085100614 0.01575525663338781 0
0.1680850098854723 0.01934971782109573 0
0.1740865898006776 0.003439639697873785 0
0.1665702313763359 0.01327359304943725 0
0.1525556155339715 0.01476863728296441 0
0.1558514843821341 0.01167835838949872 0
0.1675777004321561 0.03106726954719696 0
0.1790737594426383 0.02527406456679534 0
0.1753868231601197 0.01701801096853423 0
0.170903507641993 0.01356400850265577 0
0.1859163436525914 0.0199701309455908 0
0.194217532298433 0.003398907801271578 0
0.181692456491513 0.01087057220793491 0
0.1920558711717755 0.02479524333788281 0
0.1959005665901605 0.0183008732759932 0
0.1904366905874103 0.01475415532905227 0
0.2004186301943024 0.0290733727829373 0
0.2045381558995319 0.01922616267878316 0
0.2020931132215716 0.01376761163079668 0
0.209418466393563 0.03467941033550976 0
0.2175663223552527 0.02087610379081811 0
0.2240722375531257 0.03338367825380768 0
0.2304928961025545 0.02195295734092467 0
0.2361298304068067 0.03367959426249589 0
0.2437455584122162 0.02260688464501528 0
0.2524310354387399 0.04080174818871004 0
0.2544100005111828 0.02821244091878125 0
0.2564901052747856 0.01967100189541552 0
0.2574461689885941 0.003381118749827463 0
0.2665275852431044 0.01854597440425056 0
0.2613732170805642 0.01367377383651489 0
0.2663836851289706 0.02980387262799414 0
0.2761052985404182 0.01976580711939017 0
0.27334363407118 0.003751169177843442 0
0.2718725199905959 0.01446471981158418 0
0.281497523440045 0.02845498445691767 0
0.289161197913914 0.02020652556950782 0
0.2899226449759163 0.003462043410684707 0
0.2821171428176563 0.01657214279716547 0
0.2861036689580113 0.01431968379694802 0
0.277595385317456 0.01406051183431205 0
0.2960473017022446 0.03164742024954693 0
0.2994541751809493 0.0189786444954279 0
0.21932752428327 0.04271056468146232 0
0.2418337941685523 0.01555052670347649 0
0.2491298946927916 0.01257051202344691 0
0.3075959313659818 0.03228596280383689 0
0.3093601423757759 0.02227336998417373 0
0.2300604503142107 0.01569701109181829 0
0.2950299919441711 0.04649262612696372 0
0.3193989430293309 0.04183759367880987 0
0.3268623862870848 0.02606161890676299 0
0.3071195161166461 0.01356700681476156 0
0.305066686805891 0.003375372154817747 0
0.3118267089245295 0.01542119817871867 0
0.3215833225565261 0.003456303494182421 0
0.310975368395147 0.01019121191867814 0
0.2119078037189384 0.01410815261602314 0
0.2059211935695365 0.01262368189869513 0
0.2996638148983327 0.01213850836418603 0
0.2922842210398215 0.0142278127739037 0
0.2941647803598477 0.01113355722020086 0
0.3029325017028392 0.008788234311022727 0
0.3043098161356236 0.01075653398379319 0
0.2637031656242784 0.04359217047647233 0
0.1860819544408067 0.03313573083838037 0
0.1981914447758026 0.003453149006650982 0
0.1940590603772458 0.006782226390767483 0
0.1979944585444421 0.006851554601134877 0
0.1901179207586757 0.006813481780498 0
0.1978430109012638 0.01016124115231555 0
0.2017063800435599 0.01030441159903584 0
0.1781129187203583 0.003475050330038719 0
0.1734975912448833 0.006925346308036366 0
0.169633955519231 0.006793923127007689 0
0.1776088577895128 0.007079288909666 0
0.172662821317985 0.0104771363096312 0
0.1583825835212135 0.003915112643247614 0
0.1623603624564683 0.003555914203979786 0
0.162103736324666 0.00693857246204056 0
0.1701459871884085 0.0034184286687118 0
0.1902599133810187 0.003409595375902045 0
0.182187079561745 0.00347894649856945 0
0.2534965397155676 0.003381488253693422 0
0.2531073859766526 0.006755150520308818 0
0.2570623670066558 0.006772055562579373 0
0.2492135379305077 0.006813965334747992 0
0.2528123317279087 0.01011106727638819 0
0.256848082320239 0.01025210182376441 0
0.2495634419887547 0.00342085938593825 0
0.325512320676246 0.00346934101795879 0
0.3255890300147311 0.00705771447821828 0
0.3357038118671035 0.003169808184627781 0
0.2692547425708463 0.003535690032499926 0
0.264782782065039 0.006800355524188272 0
0.309205084218272 0.003548231117993298 0
0.2937151477264522 0.003356705432314706 0
0.2903312539865454 0.006915494708279661 0
0.2866313318328946 0.007147965330735175 0
0.2879054571097028 0.01110749345913733 0
0.283453415080321 0.01084734806308066 0
0.3011895468265048 0.00323377095545654 0
0.2973445688408707 0.006423316071936095 0
0.2776478869763095 0.003913899542188884 0
0.2725297970073426 0.007450501580325643 0
0.3175795543185719 0.003489528008617033 0
0.3177146778750986 0.007043523386272067 0
0.1495736421506992 0.003874854037163655 0
0.148556346628216 0.007392703881733016 0
0.2022253653411066 0.003591257487458227 0
0.2614014766933291 0.003393354031563604 0
0.3330952559587534 0.003333595084025071 0
0.3333459588255382 0.007006811022093411 0
0.2860554841305722 0.003598946675474676 0
0.3390199456644798 0.003213202541518407 0
0.3414676409858786 0.007014547282258103 0
0.3535488904609789 0.00357314920010474 0
0.3495606589467084 0.003714505564349396 0
0.3539782075822137 0.007132118891870377 0
0.3615014379381171 0.003529143825413834 0
0.3455292125613539 0.003759856004725793 0
0.357512428291029 0.003532406551159624 0
0.3618654299270425 0.007119544121148039 0
0.3655172601729575 0.003542645244089424 0
0.3700394661036156 0.007051539701882761 0
0.201950474481741 0.007071392292985065 0
0.2063887428829164 0.007879781936489203 0
0.204550722298923 0.010378208865819 0
0.2103549915884228 0.003641934614200463 0
0.210610261076001 0.007146633476740142 0
0.2825805290669647 0.007577134961454663 0
0.2803615458622082 0.01189502514811096 0
0.1584127453327301 0.0073914196320549 0
0.1618484573504497 0.01034793353949381 0
0.1511140677210417 0.007555715264432304 0
0.1481426580505917 0.01090692659481752 0
0.3216808423260641 0.007037504763719065 0
0.321734084559578 0.01075322188034594 0
0.268562198719503 0.006984105746065621 0
0.2677376324615177 0.01020393750472332 0
0.2643699631109636 0.01003287002741712 0
0.2663585956088015 0.0135135752397819 0
0.2938873177400669 0.006731998180882943 0
0.2609924000503459 0.006774126486122541 0
0.1449952677313886 0.007421035724376759 0
0.1408424911423625 0.01126952912641641 0
0.1379697505663859 0.01132109760574233 0
0.1658829164921893 0.006820181084340853 0
0.2142754327435843 0.003583364599466014 0
0.2775193812745611 0.008571528897687237 0
0.1818705973819589 0.007065106534948882 0
0.1861280609580236 0.01041279322227124 0
0.245256450905149 0.007032209953125005 0
0.2411047997968735 0.00738133482425766 0
0.2415498136159267 0.003619923772971286 0
0.2368362174008993 0.007580966401340977 0
0.2411069320365636 0.01133447992660531 0
0.2362173695758217 0.01255262277060694 0
0.237485392311194 0.0036767247866965 0
0.2326919671575182 0.007351909818351376 0
0.2288693244347686 0.006893986689691996 0
0.2295711418199236 0.003479877567381836 0
0.2250504896796012 0.01407256358555477 0
0.2276539398345061 0.01025731627781606 0
0.2180602795774511 0.01180322232896849 0
0.2712123381859158 0.01074864857340133 0
0.2745345811212029 0.01199933917938307 0
0.2254035225304787 0.006729197238518293 0
0.2218963956827745 0.007010921276504895 0
0.2219943685339809 0.003486977978287142 0
0.1549358512700335 0.008664425684812769 0
0.2453571707764136 0.01058723331529591 0
0.214257390345712 0.007197368822735726 0
0.2608348193906846 0.01014742081161699 0
0.3029031948878014 0.06240536444237425 0
0.1691622277716875 0.009960717685812614 0
0.3087456377932604 0.007563800873747753 0
0.1445615984454413 0.01109850275036269 0
0.1477789384967999 0.01519101085619195 0
0.2569213091022847 0.0141933868729855 0
0.231549647657127 0.01131989770605588 0
0.1860769229747854 0.006939428204776397 0
0.251022036216729 0.05723542487088798 0
0.165740603716468 0.01019007792445598 0
0.3041477139768015 0.006564299343421545 0
0.1975041183596763 0.01366334014770443 0
0.1939238422250972 0.01260703122561771 0
0.2800956495015916 0.04001241823775988 0
0.176950008849376 0.01110712016372871 0
0.159484493186427 0.04146882741571354 0
0.2643399567466902 0.01258911572368073 0
0.3007126447047708 0.006262159670833879 0
0.3136236179059957 0.007092886004128417 0
0.1939873127806903 0.01012712238405367 0
0.1901453063450854 0.01025959494694918 0
0.2180939419244004 0.007305096146100349 0
0.3176257340764247 0.01094932770873316 0
0.2110247614687585 0.009694661152425956 0
0.2224151215738009 0.01076362130352174 0
0.3140230796467328 0.01041712277027902 0
0.1864131919223372 0.01278655209860127 0
0.2821717003288921 0.01354700236164139 0
0.07677275588108132 0.01017863383350834 0
0.2041059752440216 0.04257604247130315 0
0.2089485871512995 0.05631060872171683 0
0.2265632239443238 0.06763674373331342 0
0.2329871203819546 0.05073251696153337 0
0.4508162600484202 0.01677426325698101 0
0.2908341501285719 0.00960217888316218 0
0.2893951795750208 0.01601449215306849 0
0.3422731738800532 0.06013476317080822 0
0.337803574082338 0.04792187316559669 0
0.3557421457473551 0.03629370634010458 0
0.3783536996110269 0.03935749516782241 0
0.3409938885384171 0.02735977906940994 0
0.3525065448282388 0.021338835974893 0
0.3650030228003019 0.02344333087353515 0
0.3583785171711495 0.01889830663527296 0
0.3668904140957376 0.01619986222569635 0
0.3556227976466185 0.01434443280432503 0
0.3455265066786377 0.01972947662091401 0
0.3471521070478764 0.01421213065931798 0
0.3339366748019101 0.01910191093362496 0
0.3278118072330046 0.01570976501538554 0
0.3403973066128733 0.01541092170686894 0
0.3337290885678227 0.01164971962818416 0
0.3760041879186723 0.02503719352486172 0
0.3832511235258119 0.0150082873790701 0
0.3748419619090484 0.01568200923435496 0
0.3773185215794811 0.01155605509029813 0
0.3737138176518621 0.00697923634629288 0
0.3666797029509413 0.01116561431060118 0
0.3712598651806776 0.01076057418765133 0
0.3660316442016513 0.007184856131835875 0
0.3733322360381764 0.003489537648090241 0
0.3772083388291217 0.00693665119498631 0
0.3770932868855068 0.003451544065603684 0
0.3806024034472678 0.006741075311907614 0
0.3839906838746044 0.006831530475505997 0
0.3827228322399476 0.009829690380991149 0
0.3863368372533533 0.01071823067522672 0
0.3876520714570459 0.007405553586690933 0
0.3845663068007711 0.003530051472908645 0
0.3885178134900903 0.003873815894097952 0
0.391345457566615 0.008347208966383451 0
0.3958150549359121 0.007434803530851436 0
0.3620533311603226 0.01083753118661636 0
0.3581482962022865 0.01051729040163919 0
0.3578727993495602 0.007080117299206245 0
0.3740736830099552 0.00980157944955997 0
0.3254576384287243 0.01076224946669607 0
0.3294431518268561 0.007197554293050817 0
0.3545422637256421 0.01067844342988276 0
0.3508626237812144 0.01099920279242867 0
0.350141133876065 0.007425127836941022 0
0.3458009026026987 0.008283540118006066 0
0.3434646572834618 0.01196084282329149 0
0.3480526657738349 0.01123353467847936 0
0.3932412021737512 0.01611019746136185 0
0.3928902163390565 0.01202702184034595 0
0.3905198804817501 0.01133784306433732 0
0.3910109394510557 0.01436595078516993 0
0.3804077888651674 0.009112884540506801 0
0.1859230610308741 0.07239530009766625 0
0.1583110061567339 0.009711679658905291 0
-0.1939370566045929 0.2064774940938454 0
0.3172268654496218 0.02189471970801178 0
0.3236366044952596 0.01953378742475064 0
0.3172588147529787 0.01569375223458181 0
0.3613583925612825 0.01476328533490472 0
0.3583338390106018 0.01326008144568877 0
0.127898368231596 0.02655042678998187 0
0.04122605658020303 0.0199047073962285 0
0.03171792648849505 0.02171904333705488 0
0.03698401052995517 0.01737898668705995 0
0.02010595085639448 0.02061069000636917 0
0.02502702474997364 0.01436662911529424 0
0.01023188729872024 0.02745654350105457 0
0.005922279871277907 0.01737913283768697 0
0.01387159347476574 0.01541043719313574 0
0.01152563722875611 0.01145945136653186 0
0.01630244237858472 0.008273590069941652 0
-0.001985750525585003 0.01793852639696752 0
-0.001473623293579746 0.003591420951572956 0
0.01415299741187212 0.00358631508344473 0
0.01226180293828925 0.006960027425602585 0
0.01033027317462909 0.003371491883831572 0
0.002556234846948879 0.003416475468220348 0
0.001588079059159616 0.006803168099040045 0
-0.002314006753794574 0.007392390822010401 0
0.001508546410459787 0.0100387838914128 0
0.004721913379947932 0.009630845627826764 0
0.002419694352670845 0.01314164957179361 0
-0.001826222463055146 0.011211019131127 0
0.004673767143358393 0.01204071897682681 0
0.007878395453116785 0.009497342034216781 0
0.005418369204945559 0.006574136527170609 0
-0.005465893073452733 0.003757163066241684 0
0.008940759900987746 0.006553408994337757 0
-0.006769612667429817 0.008133479581297497 0
-0.01153829264757544 0.007819187888227197 0
-0.01352592073222919 0.003186347393231794 0
-0.01459514618724309 0.006163826580740243 0
-0.01604091545854481 0.01545762456137036 0
-0.03258645995767434 0.01695707729578414 0
-0.03751799324342442 0.008226049210532471 0
-0.04057657123953486 0.004606911135512121 0
-0.04433710998793938 0.005562447569823134 0
-0.04275877154603378 0.008863494591151032 0
-0.006328586485246816 0.01364032367927433 0
-0.01754788150987083 0.00346676200491113 0
0.01830952927340523 0.01177504676441318 0
-0.01899172061591098 0.007918787936817598 0
0.02102911423222258 0.009745647819162175 0
0.02493493077895458 0.006968543769310948 0
0.02691097305085587 0.01086292350551287 0
0.03412410428985981 0.01088576065044385 0
0.03170931412378482 0.00678341368983445 0
0.02354663359142935 0.01027047359124422 0
0.03019483350981468 0.01424530247633956 0
0.02674802446506581 0.01747479851186341 0
0.03227380990907053 0.01637095261683442 0
0.03070471973640929 0.009329941089023575 0
-0.0002681481264165043 0.01391446854690271 0
0.4969468844425196 0.003476529233052282 0
-0.003080202955118243 0.1084746570914222 0
0.1826023644371902 0.0152038781700303 0
0.06058909146202182 0.03570770704911999 0
0.08477806949555344 0.009805628955911954 0
0.08861929632813768 0.01002718598178465 0
0.2089306418087341 0.01099326402246689 0
-0.3658468904366504 0.3694948879627635 0
0.1779664253306836 0.0441043350809413 0
0.3808990546653246 0.01202928171388514 0
0.1301129472851698 0.01065565604420282 0
0.006679013633629497 0.01289718312339732 0
0.2077392012151531 0.01489294242217882 0
0.220383727329984 0.08186117443788167 0
0.2062995504328982 0.1047219837459068 0
0.03419256143626166 0.01506740423658177 0
0.05142319793903979 0.1030656361674872 0
0.2138069082457633 0.01098245508550546 0
0.2748996241084505 0.01595758632323431 0
0.04867862151267375 0.04478127434775695 0
0.3317379397365787 0.03559266244472983 0
0.1688669444147475 0.01214390504855653 0
0.1685550611221653 0.01523098467415057 0
0.3292785647519243 0.01139626990046873 0
0.3381125509919937 0.01085277972859753 0
0.3374686849876075 0.006029916907358628 0
0.3410695324211642 0.009896927641400103 0
0.3001317185072646 0.009250131046777785 0
0.04217851638926393 0.009406594571512205 0
0.1363038928242589 0.01371049298271953 0
-0.01868795710248705 0.05732466745651334 0
0.1150372712702023 0.03128836735823858 0
0.2251878588787338 0.009259786324373609 0
0.283755225813052 0.01298683902610003 0
0.1241504769337379 0.07842274566682889 0
0.297500348626041 0.008753883295515342 0
0.1516007283380548 0.01022406275763567 0
0.02641332257331414 0.1361710702002037 0
0.2359551958260212 0.01902142843683224 0
0.2382910794909786 0.01597604976764425 0
0.2339786244957867 0.01594982483145002 0
0.3865589207706668 0.06509691493147711 0
0.02188264857767582 0.0139521647232143 0
0.2703347046336606 0.01314572618691705 0
0.2639218604201012 0.2484726842909146 0
0.3177968583168423 0.03051776718497829 0
0.3966268581729095 0.03284667751649461 0
0.2491157983234387 0.01011147480689363 0
0.2521322444149787 0.0135443561197481 0
0.2499190211133086 0.01750183494211245 0
0.2464930815909888 0.01414286583751849 0
0.1125240088623026 0.1675651557179769 0
0.3515389761089553 0.01514167359663089 0
0.3251112076696525 0.01371630030037979 0
0.1401010422011329 0.02931815443864757 0
0.4404302930474988 0.08522376714000376 0
0.1958790239495677 0.03947424095873535 0
0.1313840445375687 0.01454821450767502 0
0.1043652968065985 0.01543879933275871 0
0.09855024483952274 0.01225036040816076 0
0.09266486181472305 0.01433435528632444 0
0.4100970568974548 0.1132281061251524 0
0.3053887449060505 0.04550396672510598 0
-0.3323228763103691 0.1363588270234507 0
0.4463273363691593 0.01225978782799195 0
0.4416394854840715 0.006925460315473498 0
0.4582149524613139 0.01743590178491961 0
0.4450816124135757 0.003642039609192998 0
0.4453938662637769 0.007554064715317345 0
0.4490474594980109 0.003730525797787712 0
0.4496475865299859 0.007516938329576113 0
0.4535905378120662 0.00759585892297661 0
0.453358025917538 0.01162460730166877 0
0.4571333582199433 0.007578547976211262 0
0.4603575921586738 0.01086404116413979 0
0.4606953172514366 0.007699973671282123 0
0.4501528128531072 0.01046487383661975 0
0.4568073247422983 0.00377071297070935 0
0.4606455862285923 0.003824148801809055 0
0.4648909483224539 0.00815051118155535 0
0.46918885539952 0.003816435492362764 0
0.470343195516607 0.008093993580289525 0
0.4715066326125493 0.01475624202887712 0
0.4738665117705385 0.003845994363373187 0
0.4748789148466381 0.006973241296485808 0
0.4572840512030937 0.01169328454835325 0
0.4635170670575318 0.01338638606151503 0
0.1261784093050298 0.01024219110650067 0
0.02391553883687967 0.0421874013286633 0
0.01055950361548033 0.009286671701275808 0
0.1540840576753884 0.1231530186587178 0
0.3947776929503934 0.009597849971723056 0
0.07175250651140484 0.05074816825190212 0
0.3220209105527954 0.01483775000635774 0
0.3304840616304924 0.07246794215328813 0
0.3114513636828548 0.4055806258423984 0
0.2701068759008618 0.08304266400535645 0
-0.05093293754827159 0.007667253525654464 0
-0.04978276302018805 0.002781223784911567 0
-0.04354794076698658 0.007212971080487083 0
-0.04469811529507012 0.01209900082122998 0
-0.04724043915762909 0.007440112303070773 0
-0.03904728224147964 0.006416480173022296 0
-0.0401383823947291 0.008544771900841752 0
-0.04245684061373712 0.005084679352667628 0
-0.04129761150423311 0.00681472562675469 0
-0.08799464135565679 0.2007321340408912 0
-0.0809761159808038 0.1529350095885458 0
-0.02930612952077506 0.1570162436381098 0
-0.03632465489562804 0.2048133680904551 0
-0.05865038543821592 0.1788741888395005 0
0.2376165939166876 0.0900944973619015 0
0.2578026006184609 0.07974320428754905 0
0.2661036810731887 0.09186156134918405 0
0.2459176743714154 0.1022128544235365 0
0.2518601374949382 0.09097802935554279 0
0.1034917520953942 0.05302441580332239 0
0.09543102077954205 0.04439042674796168 0
0.102802408057492 0.03642019336433792 0
0.1108631393733442 0.04505418241969864 0
0.1031470800764431 0.04472230458383016 0
0.2400624368297654 0.01576328823556037 0
0.2372542245334001 0.0142643362691256 0
0.2386621508061927 0.01194355134860612 0
0.2414703631025579 0.0134425033150409 0
0.239362293817979 0.01385341979208325 0
0.2490777794616995 0.02540966278189827 0
0.2468322897627624 0.02005435979356386 0
0.2532045631940471 0.01858641841876399 0
0.2554500528929842 0.02394172140709839 0
0.2511411713278733 0.02199804060033113 0
0.1107881621489797 0.01122135146723824 0
0.1132661023373188 0.01326768229209609 0
0.1107717945006798 0.01575543229554113 0
0.1082938543123407 0.01370910147068328 0
0.1107799783248298 0.01348839188138968 0
0.2302766732083826 0.01882498421637148 0
0.2240296092289036 0.02141453056587139 0
0.221308406017427 0.01747433368818644 0
0.227555469996906 0.01488478733868653 0
0.2257925396129048 0.01814965895227896 0
0.1844331442027664 0.3349203475450506 0
0.1989351840066386 0.4275273144020897 0
0.1209546774508977 0.4395675219156716 0
0.1064526376470255 0.3469605550586325 0
0.152693910826832 0.3872439347303611 0
0.1824782918147701 0.1552523802645085 0
0.1572662060097151 0.1445855700240173 0
0.1660703927107367 0.1217710425377989 0
0.1912824785157917 0.1324378527782901 0
0.1742743422627534 0.1385117114011537 0
0.3760802417442647 0.01361903216232655 0
0.373050913544863 0.01322129171100315 0
0.3726667740953165 0.01028107681860565 0
0.3756961022947182 0.01067881726992905 0
0.3743735079197905 0.0119500544904661 0
0.1545636636767983 0.03910333244579363 0
0.1615032920740386 0.05039149527751231 0
0.1525108719159645 0.05601121041500834 0
0.1455712435187242 0.04472304758328966 0
0.1535372677963814 0.04755727143040098 0
0.2018997466325658 0.01203601161491626 0
0.2031285511712415 0.01034131023242742 0
0.2052359579342298 0.01150094538225706 0
0.2040071533955541 0.0131956467647459 0
0.2035678522833978 0.01176847849858666 0
0.3689697840658095 0.01096309424912626 0
0.3663556735762963 0.00917523522121853 0
0.3680355551526334 0.007118197916859318 0
0.3706496656421466 0.008906056944767045 0
0.3685026696092214 0.009040646082992787 0
0.1461208690965189 0.0145793000921121 0
0.1445121990708396 0.01253304603919746 0
0.1463521282480165 0.01100271467259011 0
0.1479607982736958 0.01304896872550474 0
0.1462364986722677 0.0127910073823511 0
0.008456365332316102 0.1572461944683673 0
0.04638266263216081 0.1459980277473544 0
0.05481714658483222 0.1820145004884199 0
0.01689084928498751 0.1932626672094328 0
0.03163675595857415 0.1696303474783936 0
0.110198513398208 0.02133127731259446 0
0.1171607948682089 0.02058879769018674 0
0.1180747440142567 0.0265591916117873 0
0.1111124625442558 0.02730167123419502 0
0.1141366287062323 0.02394523446219088 0
-0.1018327822634351 0.2614840449867888 0
-0.1672269516244445 0.2490700833115218 0
-0.1533888107166662 0.1883181723656241 0
-0.1276107964900506 0.2249011086762065 0
0.03943677072959322 0.4001731608704984 0
0.001815426613179202 0.4606056389548268 0
0.06138505203203847 0.4500865804352492 0
0.05181488933466795 0.01321408787292467 0
0.05400145552323012 0.0191848985564009 0
0.04897906482061533 0.02022581443927469 0
0.04679249863205315 0.01425500375579846 0
0.05039697707764164 0.01671995115609968 0
0.1119158476129052 0.0350263911398435 0
0.1213278225497612 0.03482519040975547 0
0.1202751143102002 0.0448529816896106 0
0.1160954809615527 0.03993968641472705 0
-0.1038200839636188 0.331532788822154 0
-0.1168949939743418 0.4357014525575549 0
-0.2046582952107748 0.4219806397301278 0
-0.1915833852000519 0.3178119759947268 0
-0.1542391895871968 0.3767567142761409 0
0.271899407562935 0.0418022943571161 0
0.2875628207228813 0.04325252218236179 0
0.2863813125700178 0.05418389984283571 0
0.2707178994100714 0.05273367201759001 0
0.2791403600664764 0.0479930970999759 0
0.2887724125711448 0.0300512023532323 0
0.2955386468232079 0.03907002318825532 0
0.2807965864708183 0.03423370134733877 0
0.2881676166470131 0.03665186226779706 0
0.353485859761301 0.07456169704828468 0
0.3721099510806705 0.06377180496805973 0
0.3818390079102397 0.08274891787897024 0
0.3632149165908702 0.09353880995919518 0
0.3676624338357704 0.07865530746362746 0
0.2524722880714437 0.01182771169806815 0
0.2548302070240738 0.0101815845500763 0
0.2568846957112618 0.01222274434837495 0
0.2545267767586317 0.0138688714963668 0
0.2546784918913527 0.01202522802322155 0
0.2432320514064886 0.01096085662095061 0
0.2459251261837012 0.0123650495764072 0
0.2441634378797705 0.01484669627049749 0
0.2436977446431295 0.01290377644572405 0
0.4597078786849818 0.0476732151014515 0
0.4388965512074011 0.05651582432450239 0
0.4315223282965652 0.03758319843075768 0
0.4523336557741459 0.0287405892077068 0
0.4456151034907735 0.04262820676610458 0
-0.06130796856473322 0.01388813624081951 0
-0.07748685573266352 0.03490977106951687 0
-0.1103009377351043 0.02102163482869736 0
-0.08580445314991877 0.01745488553475844 0
0.2798562640675561 0.01531632731573876 0
0.2789784655898321 0.01297776849121151 0
0.2812666230955502 0.01272101375487618 0
0.2821444215732742 0.01505957257940343 0
0.2805614435815532 0.01401867053530747 0
0.3032868456487977 0.01627282565509473 0
0.3094731125205877 0.01449410249674011 0
0.3105934256501527 0.0188472840814462 0
0.3044071587783626 0.02062600723980082 0
0.3069401356494752 0.01756005486827046 0
-0.2113790199861595 0.1680431764559782 0
-0.1879844045018703 0.1195413821592654 0
-0.1299941952323768 0.1398163780689114 0
-0.1706866076092682 0.1539297772624448 0
0.3332550988290531 0.3808851120231168 0
0.2713275325142703 0.3803176273232889 0
0.2678261510659776 0.3278638765745955 0
0.3297537173807604 0.3284313612744234 0
0.3005406249475154 0.3543744942988561 0
0.3909326690241826 0.009842526015360387 0
0.3930615752585042 0.008972529469053254 0
0.3938339546447249 0.0108124359060345 0
0.3917050484104033 0.01168243245234164 0
0.3923833118344537 0.01032748096069745 0
0.2510256327641437 0.01552309553093028 0
0.2567057071885351 0.01693219438420051 0
0.2538656699763394 0.01622764495756539 0
-0.2148505331029401 0.05760743442812297 0
-0.1614744786929579 0.08127907092639713 0
-0.2413604589118524 0.09586974566099124 0
-0.2014174688024052 0.08857440829369419 0
0.2161756661350562 0.007251232484418038 0
0.2180771107509257 0.009554159237534419 0
0.2159335939116072 0.01139283870723698 0
0.2140321492957377 0.009089911954120594 0
0.2160546300233317 0.009322035595827506 0
0.05458669012377299 0.06149249749951016 0
0.04309579225306139 0.06183354452387801 0
0.04114807180924877 0.05017000409860469 0
0.05263896967996037 0.04982895707423684 0
0.04786738096651088 0.05583125079905743 0
0.4181326321906886 0.03910723723832953 0
0.4124995546311118 0.04894531997512905 0
0.3993736876005211 0.04087838861848699 0
0.4050067651600978 0.03104030588168746 0
0.4087531598956048 0.03999281292840826 0
0.09493981655684977 0.006806955465098827 0
0.09622431501608429 0.008269934351674621 0
0.09416863908498124 0.00982492087797244 0
0.09288414062574674 0.008361941991396647 0
0.09455422782091549 0.008315938171535635 0
0.3657744521873044 0.00536375068796265 0
0.3639485370643469 0.007152200126491957 0
0.3616834339325798 0.005324343973280936 0
0.3635093490555373 0.003535894534751629 0
0.3637289430599421 0.005344047330621793 0
-0.3978305984288448 0.2162604021835418 0
-0.3683843060256965 0.1573177741421541 0
-0.3104011994539657 0.186934940548869 0
-0.3398474918571142 0.2458775685902567 0
-0.3541158989414053 0.2015976713662054 0
-0.0317462340289797 0.3963070915123817 0
-0.05753978368058132 0.4481535457561908 0
0.2791112206790373 0.01816897495827782 0
0.2856391703657851 0.01838933418333664 0
0.2853293606769795 0.02433075501321275 0
0.2788014109902316 0.02411039578815392 0
0.2822202906780084 0.02124986498574528 0
0.1730802062814342 0.00870124130883378 0
0.1755532245171981 0.007002317608851183 0
0.1772794333194444 0.009093204536697356 0
0.1748064150836805 0.01079212823667995 0
0.1751798198004393 0.008897222922765569 0
-0.3785311757766582 0.3118694855344947 0
-0.265564723176685 0.2907361667672715 0
-0.304248407096229 0.3567280837115095 0
-0.3220479494766715 0.3013028261508831 0
0.3874902788919682 0.03610208634215852 0
0.3771789437648496 0.03219734434634207 0
0.3814329761789296 0.0235952240805346 0
0.3917443113060481 0.02749996607635105 0
0.3844616275354489 0.02984865521134656 0
0.08098356255747353 0.01157951683924734 0
0.0788046147014702 0.01316686750497167 0
0.0766964910240165 0.01161213812859275 0
0.07887543888001984 0.01002478746286841 0
0.07884002679074502 0.01159582748392004 0
0.1523163274854781 0.03016173128319723 0
0.1448719381841512 0.03302799595726064 0
0.142903985417993 0.0252159538952424 0
0.1503483747193198 0.02234968922117898 0
0.1476101564517355 0.02768884258921981 0
0.3943397188993997 0.05700350732597823 0
0.4198164231565829 0.06418790824200726 0
0.4016565874248708 0.07224609559285644 0
0.4070780710279912 0.06059570778399274 0
0.1345590133497994 0.04553513557598898 0
0.1338597080152265 0.03384008394995996 0
0.1397154757669753 0.03928156576662481 0
0.02559706664369808 0.005251542661837624 0
0.0230969652736345 0.00709814909737 0
0.02177958917978324 0.005461009426759368 0
0.02427969054984682 0.003614402991226992 0
0.02368832791174066 0.005356276044298496 0
0.157081245269434 0.01069501902420201 0
0.1600797317535918 0.01002980659919955 0
0.1618060329302556 0.01305159508644081 0
0.1588075464460978 0.01371680751144327 0
0.1594436390998448 0.01187330705532141 0
0.07816447995437481 0.01794839232848015 0
0.08188373322186671 0.02600992183457285 0
0.07480818698353772 0.02946562215291453 0
0.07108893371604583 0.02140409264682182 0
0.07648633346895627 0.02370700724069733 0
-0.4456077305583329 0.2521220415536277 0
-0.4522228678705119 0.1516383606306888 0
-0.4489152992144224 0.2018802010921582 0
0.431730241923645 0.02284094178174959 0
0.4183405458177683 0.02436498058932145 0
0.4249314370571667 0.03097408951003956 0
0.1817815269367359 0.008967839371441893 0
0.1793212326704445 0.01098884618583181 0
0.1797397275857358 0.007072197722307441 0
0.1795304801280902 0.009030521954069625 0
0.3498508964113867 0.005569816700645209 0
0.3479710182393819 0.007854333977473545 0
0.3456650575820263 0.00602169806136593 0
0.3475449357540311 0.003737180784537594 0
0.3477579769967065 0.005795757381005569 0
0.3705036053594871 0.02424026219919844 0
0.367047922679191 0.0378256007539635 0
0.3603725842738285 0.02986851860681987 0
0.3687757640193391 0.03103293147658097 0
0.2509640650256737 0.01011127104164091 0
0.2506310695538851 0.01305743407159751 0
0.2491228465081151 0.01134099341517027 0
0.2507975672897794 0.01158435255661921 0
0.08833946331469514 0.02037826981115739 0
0.09507960251451257 0.02761762957319853 0
0.08862387242168414 0.03324928159661399 0
0.08848166786818963 0.02681377570388569 0
0.1274453530901781 0.01340073704150701 0
0.1259929016524464 0.01202070810541343 0
0.1281456782950998 0.01044892357535175 0
0.1295981297328315 0.01182895251144533 0
0.1277955156926389 0.01192483030842938 0
0.02424078218519196 0.008619508680277584 0
0.02669441226209509 0.006930817595058099 0
0.02768243339804574 0.008878007463159063 0
0.02522880332114261 0.01056669854837855 0
0.02596160779161885 0.008748758071718321 0
0.2611040182356244 0.01191059732406594 0
0.2591472630914244 0.0139335803547502 0
0.2588414508554618 0.0101997613176907 0
0.2589943569734431 0.01206667083622045 0
0.09712172910728649 0.01092431699531647 0
0.09862720586253471 0.007173026526747115 0
0.0995246199537369 0.00982740917038896 0
0.0978744674849106 0.009048671761031791 0
0.4393320061465734 0.01932716450226664 0
0.4266090921526899 0.01603012009979005 0
0.4342108563756184 0.0125163428203071 0
0.4329705491496316 0.01767864230102834 0
0.117117724730805 0.008333136946371692 0
0.1151542505985371 0.01047638299830686 0
0.1131341881450115 0.00905899897803112 0
0.1150976622772794 0.006915752926095947 0
0.1151259564379083 0.008696067962201404 0
0.1323752848414246 0.01315682069269421 0
0.1348352089847698 0.01273795993021646 0
0.1352317242595255 0.01477025841147548 0
0.1327718001161803 0.01518911917395323 0
0.1338035045504751 0.01396353955208484 0
0.1498716931943233 0.01056549467622659 0
0.1520781719360131 0.01249635002030004 0
0.1501672770153857 0.01497982406957818 0
0.1500194851048545 0.01277265937290239 0
0.1072617351247464 0.1958900892762982 0
0.07264087593292355 0.2162095192584771 0
0.08943800577665505 0.161695070506241 0
0.0810394408547893 0.1889522948823591 0
0.3469267841882668 0.009758537398242714 0
0.3476023864108556 0.01272283266889867 0
0.3453083821656691 0.01308648674130474 0
0.3446327799430803 0.01012219147064878 0
0.3461175831769679 0.01142251206977373 0
0.07433495207842661 0.1351521747956496 0
0.03891826025617696 0.1196183531838455 0
0.06687054970244276 0.1087725002321406 0
0.05662660616730179 0.1273852639897475 0
0.3313945553261971 0.007102182657572114 0
0.3294171646128571 0.005323250503665684 0
0.3312432166788057 0.00339127089915281 0
0.3332206073921458 0.005170203053059241 0
0.3313188860025014 0.005246726778362462 0
0.2650434253766245 0.03669802155223324 0
0.2739406042845078 0.02912942854245591 0
0.2729200059237214 0.03546586144978601 0
0.2199951688035874 0.007158008711302622 0
0.2221557586282877 0.008887271290013318 0
0.220237700575626 0.01128342181624511 0
0.2201164346896067 0.009220715263773868 0
0.2914565300921689 0.1029683633194881 0
0.2707550496009784 0.1086695989080793 0
0.2868051615643793 0.08616032576059282 0
0.2787801055826788 0.09741496233433605 0
0.01247062677320316 0.04590525236598296 0
0.02876653047135173 0.04887306758905786 0
0.0229944980788737 0.06171999154882195 0
0.00669859438072514 0.05875217632574704 0
0.01773256242603844 0.05381262195740245 0
-0.002640812671777923 0.07316646841442262 0
-0.01817052824898326 0.06788817751858356 0
-0.008831121196480194 0.05347388542990798 0
-0.005735966934129057 0.06332017692216529 0
0.3404167874883153 0.09998002770644421 0
0.3175131420362998 0.1012806719183953 0
0.3169937544291945 0.08087296483455866 0
0.3398973998812101 0.07957232062260756 0
0.3287052709587549 0.09042649627050145 0
0.4530722961489561 0.3271949071679119 0
0.4497160746475525 0.3806826524723161 0
0.3772454916351783 0.3797615366016589 0
0.3806017131365819 0.3262737912972546 0
0.4151588938920672 0.3534782218847854 0
0.304145969896926 0.05395466558374011 0
0.2903179140418329 0.06214026900054097 0
0.3002093684251108 0.04599829642603485 0
0.2952636412334719 0.05406928271328791 0
-0.3495901118847607 0.4347474439813818 0
-0.2771242035477678 0.4283640418557548 0
0.2263522147570536 0.01216493993168542 0
0.2237328056267011 0.01241809244453825 0
0.2238014902262674 0.01001170381394767 0
0.22642089935662 0.009758551301094837 0
0.2250768524916605 0.01108832187281655 0
0.4626996044635396 0.003830701400666078 0
0.4648222855104704 0.005993882590539226 0
0.4627931327869452 0.007925242426418736 0
0.4606704517400144 0.005762061236545589 0
0.4627463686252424 0.005877971913542408 0
0.2180172064651067 0.1042336169499841 0
0.2393377052648719 0.1190184870972078 0
0.2267243886589635 0.1393891815900272 0
0.2054038898591983 0.1246043114428035 0
0.2223707975620351 0.1218113992700057 0
0.3412685867035214 0.008455737461829104 0
0.3395910417065789 0.01037485368499881 0
0.3377906179898006 0.008441348317978077 0
0.3394681629867431 0.006522232094808365 0
0.3395296023466611 0.008448542889903592 0
0.2398503771191187 0.02081415654092376 0
0.2399376944095114 0.02814323945375559 0
0.2333113632546806 0.02781627580171028 0
0.2332240459642879 0.02048719288887845 0
0.2365808701868996 0.02431521617131702 0
0.1364861816031722 0.1667916385536469 0
0.1675160388697541 0.2009847523499805 0
0.1382915923913283 0.2300832030726317 0
0.1373888869972502 0.1984374208131393 0
0.1135393831413871 0.005330052134762274 0
0.1110705871107674 0.007283381098150488 0
0.1094243324841954 0.005542983016153542 0
0.1118931285148152 0.003589654052765329 0
0.1114818578127913 0.005436517575457909 0
0.1187186887842481 0.006565681135045971 0
0.1201392720356717 0.007639598348487387 0
0.1185383079822286 0.009407054159813109 0
0.1186284983832383 0.00798636764742954 0
0.1387043698878117 0.007983022324992964 0
0.1409672253288176 0.009428178881571382 0
0.1394061208543742 0.01129531336607937 0
0.1371432654133683 0.009850156809500951 0
0.139055245371093 0.009639167845536168 0
0.002072156953054247 0.005109821783630197 0
0.004516568599697535 0.003372375793818712 0
0.005947635778695875 0.004951206323293843 0
0.003503224132052587 0.006688652313105327 0
0.004009896365875061 0.00503051405346202 0
0.3415681957170454 0.005248521750203052 0
0.3435989815047831 0.003621176111436896 0
0.3436342717942886 0.007649043700132085 0
0.3436166266495359 0.005635109905784491 0
0.00354673074801462 0.01259118427431021 0
0.001964120381565316 0.01159021673160321 0
0.00311522989520386 0.009834814759619781 0
0.004697840261653163 0.01083578230232679 0
0.00333098032160924 0.01121299951696499 0
0.4605264547050553 0.009282007417710958 0
0.4588208216808838 0.01127866285624652 0
0.4572087047115185 0.009635916262282255 0
0.45891433773569 0.007639260823746693 0
0.4588675797082869 0.009458961839996605 0
0.2569552246634474 0.008512078693171891 0
0.2529598588522807 0.008433108898348507 0
0.2550848764916542 0.006763603041444096 0
0.2549575417578641 0.0084725937957602 0
0.4069182610477841 0.01028854797189009 0
0.4046488060004761 0.01275459280543049 0
0.4021724618902965 0.01036458378431728 0
0.4044419169376046 0.007898538950776874 0
0.4045453614690404 0.01032656587810368 0
0.06055388255222537 0.01283318068023329 0
0.06263453258705476 0.01078445849909317 0
0.06433608695601016 0.01231828655522942 0
0.06225543692118077 0.01436700873636954 0
0.06244498475411776 0.01257573361773135 0
0.3985508032305852 0.009387692461420342 0
0.4009718563522192 0.00757370960628879 0
0.3997514087686626 0.01217856663944883 0
0.4003616325604409 0.009876138122868812 0
0.06346536994638356 0.0071071267348675 0
0.06505519366133422 0.008992687997791054 0
0.0610447088721041 0.008898897236169614 0
0.06304995126671915 0.008945792616980332 0
0.4569703414811208 0.005674630473460306 0
0.4587264554854453 0.003797430886259202 0
0.4588203966105676 0.005718345855002947 0
-0.00207011460842486 0.0093017049765687 0
-0.000362963847317479 0.007097779460525223 0
0.001548312734809701 0.008420975995226423 0
-0.0001588380262976792 0.0106249015112699 0
-0.0002609009368075791 0.008861340485897562 0
0.4553210385603158 0.01165894592501101 0
0.4534742818648021 0.00961023311232269 0
0.4553619480160047 0.007587203449593936 0
0.4553414932881603 0.009623074687302472 0
0.3869944543551996 0.009061892130958826 0
0.3845298347466505 0.01027396052810893 0
0.383356758057276 0.008330610428248572 0
0.3858213776658252 0.007118542031098465 0
0.3851756062062379 0.008696251279603698 0
0.2365267934883605 0.01006679458597396 0
0.2389705085988864 0.007481150612799319 0
0.2411058659167186 0.009357907375431483 0
0.2388163297025395 0.009712350980702722 0
0.005070141292446746 0.008102491077498686 0
0.003309227013628224 0.008261733536362555 0
0.03279123500925281 0.005104003909657291 0
0.03008160393451021 0.00683825255531985 0
0.02925518643979453 0.005175238757434286 0
0.03196481751453713 0.003440990111771726 0
0.03102321072452367 0.005139621333545789 0
0.427469401352884 0.003579194325270359 0
0.4300003899357296 0.005582671742335361 0
0.4279648714998124 0.007380024829499044 0
0.4254338829169667 0.005376547412434042 0
0.4277171364263481 0.005479609577384702 0
0.05472069605044631 0.009980233116551739 0
0.05327214638575252 0.008227680301912914 0
0.05546517953135251 0.006886402428584355 0
0.05691372919604629 0.008638955243223178 0
0.0550929377908994 0.008433317772568047 0
0.4549162050390385 0.003754535717001459 0
0.4527030188582664 0.001869179231646784 0
0.4565782655456615 0.001885356485354675 0
0.454640642201964 0.001877267858500729 0
0.3826974776971997 0.003479569358085555 0
0.3808905147730709 0.001714543621631232 0
0.3847434708607554 0.001765025736454322 0
0.3828169928169139 0.001739784679042777 0
0.00963551653780842 0.004962450439084665 0
0.007179564552966653 0.006563772760754183 0
0.00840358776353764 0.003349884001624324 0
0.007791576158252146 0.004956828381189254 0
0.4499001996915465 0.008990906083097931 0
0.4516190621710261 0.007556398626276361 0
0.4517554193853226 0.01104474056914426 0
0.4516872407781743 0.009300569597710312 0
0.4085609679609353 0.007645702781730745 0
0.4113721508566043 0.009334482743760308 0
0.4097294439434531 0.01197732793391965 0
0.4091452059521942 0.0098115153578252 0
0.2633571053954341 0.003409908386163856 0
0.2650477580812891 0.00511340913247619 0
0.2628875910576924 0.006787241005155407 0
0.2611969383718375 0.005083740258843073 0
0.2631223482265633 0.005098574695659631 0
0.2221082953785643 0.001743488989143571 0
0.2200696105526641 0.003517463869920398 0
0.2181994104131123 0.001773974880776827 0
0.2201538528958383 0.001758731934960199 0
0.2259799238318803 0.001707780672763935 0
0.2238818700031617 0.003451269661907506 0
0.2240441096052223 0.001725634830953753 0
0.4533078115739224 0.005667108693135088 0
0.4551390765275216 0.005670869583297697 0
0.3880849424735682 0.005639684740394443 0
0.3842784953376878 0.005180790974207321 0
0.3865420601454307 0.003701933683503298 0
0.386181718905628 0.005410237857300881 0
0.2645763725880013 0.008416612775802697 0
0.266672490392271 0.006892230635126947 0
0.2681499155905104 0.008594021625394471 0
0.2660537977862406 0.01011840376607022 0
0.2663631440892558 0.008505317200598583 0
0.1960267594608439 0.00681689049595118 0
0.1941382963378394 0.005090567096019531 0
0.1962044885371178 0.00342602840396128 0
0.1980929516601224 0.00515235180389293 0
0.1961156239989809 0.00512145944995623 0
0.1737920905227804 0.005182493002955075 0
0.1760997542605179 0.003457345013956252 0
0.1778608882549355 0.00527716961985236 0
0.175826489388858 0.005229831311403718 0
0.132534486494415 0.005500894254993624 0
0.1354552775914636 0.003759423145028277 0
0.1369355042896091 0.006111010458866408 0
0.1340147131925605 0.007852481568831754 0
0.1347349953920121 0.005805952356930015 0
0.02815784082139752 0.00349596382421381 0
0.02742612654174631 0.005213390709635954 0
0.03585660390915827 0.003421376288809641 0
0.03695553135232738 0.005145152982356588 0
0.03389016245242192 0.006827780603204237 0
0.03487338318079009 0.005124578446006939 0
0.01723403257874668 0.006023708524097549 0
0.02023290068508034 0.003734045703171565 0
0.01878072107344957 0.007750672247685352 0
0.01950681087926496 0.005742358975428458 0
0.07397285997744635 0.005290795745005904 0
0.07640410562310007 0.00345453945749476 0
0.07798314317278386 0.005133357887663096 0
0.07555189752713012 0.00696961417517424 0
0.07597800157511508 0.0052120768163345 0
0.1158438453922323 0.003452625476626807 0
0.1174021245281246 0.005038326267960479 0
0.1154707538347559 0.005184189201361377 0
0.440420103927903 0.006401591300172036 0
0.4386046304773503 0.004570892041318127 0
0.4396755174576067 0.003341904131306337 0
0.4414909909081594 0.005172603390160246 0
0.4400478106927548 0.004871747715739186 0
0.2533019628461101 0.00506831938700112 0
0.2554713543520809 0.003381303501760442 0
0.257254267997625 0.005076587156203418 0
0.2552781154218675 0.00507245327160227 0
0.4020945258460803 0.005874539027954104 0
0.403755796738072 0.003820827174336028 0
0.4061031878295963 0.005844827097158799 0
0.4040988568378383 0.005859683062556452 0
0.367498048161396 0.003530443213593325 0
0.369759151126725 0.005284890442489993 0
0.3677668016570147 0.005324320565226322 0
0.3515547747038437 0.003643827382227068 0
0.3537635490215963 0.005352634045987559 0
0.3520596707291394 0.0072786233644057 0
0.3518072227164915 0.005461225373316384 0
0.4236148660990733 0.007008716439026608 0
0.4214923777488003 0.005135656611525555 0
0.4233113945666938 0.003503487584932989 0
0.4234631303328835 0.005256102011979799 0
0.05946963962689025 0.006978137355052009 0
0.05848879844126013 0.01055971512434078 0
0.0589792190340752 0.008768926239696398 0
0.2041696086823287 0.007475587114737134 0
0.2020879199114238 0.005331324890221647 0
0.2042694990884541 0.003640643877082126 0
0.206351187859359 0.005784906101597613 0
0.2042195538853914 0.00555811549590963 0
0.2846059304499297 0.007362550146094919 0
0.2822677374168236 0.005685254509321684 0
0.2840052149486274 0.00369616036633169 0
0.2863434079817334 0.005373456003104925 0
0.2843055726992785 0.005529355256213305 0
0.197918734722853 0.008506397876725216 0
0.1999724665130915 0.006961473447059972 0
0.2018284272626504 0.00868790194601045 0
0.1997746954724119 0.01023282637567569 0
0.1998735809927517 0.008597149911367832 0
0.2856794360950119 0.010977420761109 0
0.2830169720736428 0.009212241512267662 0
0.2872683944712987 0.009127729394936251 0
0.2851426832724708 0.009169985453601957 0
0.3274517490375521 0.00345914386611967 0
0.3275160909207936 0.007127634385634548 0
0.3255506753454885 0.005263527748088534 0
0.3274839199791728 0.005293389125877109 0
0.424990598498889 0.008988743837003203 0
0.4301559367755237 0.01006480238051539 0
0.4271816637746002 0.01167352138801955 0
0.4275732676372063 0.009526773108759299 0
0.05088249801300576 0.001710615013707212 0
0.04805519967940833 0.003409704640947817 0
0.04677587626978377 0.001699089627240605 0
0.04882918714139477 0.001704852320473908 0
0.05496475008136011 0.001719680028866318 0
0.05227581952271417 0.00343029504257353 0
0.05292362404718294 0.001715147521286765 0
0.4217372563572849 0.008083806635487909 0
0.4231129887571007 0.0100638340334645 0
0.423363927428087 0.008536275236245556 0
0.03509755753545941 0.008878954083508939 0
0.03809032984436254 0.006861224052653074 0
0.03947809961067609 0.008736948011016089 0
0.03648532730177297 0.01075467804187195 0
0.03728782857306776 0.008807951047262513 0
0.2458006102805074 0.001746981143459496 0
0.2435596440720854 0.003556943029945139 0
0.2418066528402134 0.001809961886485643 0
0.2438036315603604 0.00177847151497257 0
0.01900344631013056 0.001886913489126723 0
0.01615931009539038 0.003680071030849089 0
0.01501300664247705 0.001793157541722365 0
0.01700822647630381 0.001840035515424544 0
0.4447630284288945 0.001821019804596499 0
0.4432120543729114 0.003530893037019996 0
0.4409093434040963 0.001709873232423497 0
0.4428361859164958 0.001765446518509998 0
0.3731740545271185 0.001744768824045121 0
0.3714055360940055 0.003503889415593733 0
0.3692632275988343 0.001759120591548612 0
0.3712186410629762 0.001751944707796867 0
0.4806548749594014 0.001221160237127018 0
0.4797290083555164 0.002942938161304855 0
0.4772487365706274 0.001721777924177837 0
0.4789518057650149 0.001471469080652427 0
0.1983020715946637 0.001726574503325491 0
0.1943309883718436 0.001699453900635789 0
0.1963165299832537 0.00171301420198064 0
0.1783421736462653 0.001737525165019359 0
0.1743448822022897 0.001719819848936893 0
0.1763435279242775 0.001728672506978126 0
0.4842506234683086 0.001920174239559942 0
0.4827626412849271 0.00314133447668696 0
0.4824527492138548 0.00157066723834348 0
0.1382215586041674 0.001921402452236622 0
0.1341384808926283 0.001838020692791655 0
0.1361800197483979 0.001879711572514139 0
0.09074939122701696 0.001655214218918519 0
0.08827174853753735 0.003308042916886548 0
0.08680807159660653 0.001652828697968029 0
0.08877873141181174 0.001654021458443274 0
0.1462913191115361 0.001861304389786855 0
0.1437677177550734 0.003773588547050391 0
0.1423176684854104 0.001912284157263536 0
0.1443044937984732 0.001886794273525195 0
0.1903680519290012 0.001704797687951022 0
0.1882515854529236 0.003422294088721663 0
0.1863755970167708 0.00171749640077064 0
0.1883718244728861 0.001711147044360831 0
0.2023031588614509 0.001795628743729114 0
0.2002084050584546 0.003522203247054605 0
0.2003026152280573 0.001761101623527302 0
0.1625293875777793 0.001777957101989893 0
0.1603714729888409 0.0037355134236137 0
0.1585563711260166 0.001957556321623807 0
0.160542879351898 0.00186775671180685 0
0.122335612141886 0.001645884606204762 0
0.1197325761152796 0.003336258368612233 0
0.1184287100056437 0.001690373762407471 0
0.1203821610737648 0.001668129184306116 0
0.08286415621027736 0.001673549378304963 0
0.08039979970607207 0.003381485751739338 0
0.07888484984533989 0.001707936373434375 0
0.08087450302780862 0.001690742875869669 0
0.1703904539120199 0.0017092143343559 0
0.1681936480221016 0.003425069842792912 0
0.1664539877615777 0.001715855508437012 0
0.1684222208367988 0.001712534921396456 0
0.1643008356561315 0.003493812610426906 0
0.1644916876696785 0.001746906305213453 0
0.08435476748906824 0.003326378076272992 0
0.08483611390344192 0.001663189038136496 0
0.09466091070118998 0.001677805617285809 0
0.09215633367385029 0.003333019836204328 0
0.09270515096410348 0.001666509918102164 0
0.1842151685432867 0.003456969650055365 0
0.1823633810510939 0.001739473249284725 0
0.1843694890339324 0.001728484825027683 0
0.03090125544025871 0.00172869304703166 0
0.02701849014316753 0.00176727077718215 0
0.02895987279171312 0.001747981912106905 0
0.03876129580315035 0.001709079224069575 0
0.03479372080457764 0.001712297064740066 0
0.03677750830386399 0.00171068814440482 0
0.02305485120043752 0.001847132214044842 0
0.02503667067180252 0.001807201495613496 0
0.02102914875528404 0.001867022851585783 0
0.03284748812241817 0.001720495055885863 0
0.1560264115899495 0.004373077250832337 0
0.1542160722106174 0.00241552092920853 0
0.1563862216683171 0.002186538625416169 0
0.1064627854908423 0.001836028360731188 0
0.1037969341371752 0.003639391112583029 0
0.1024928788055011 0.001803362751851841 0
0.1044778321481717 0.001819695556291515 0
0.1105097391599561 0.001827402338545993 0
0.1078455405233598 0.003663430699277181 0
0.1084862623253992 0.00183171534963859 0
0.05898269389670165 0.001731441031861619 0
0.05640776143813957 0.003451121060727937 0
0.05697372198903088 0.001725560530363969 0
0.1144786274505682 0.001762251714219336 0
0.1164536687281059 0.001726312738313403 0
0.07490020815903484 0.001746603084060385 0
0.07241105009540655 0.003518956625203285 0
0.07092354034937585 0.0017723535411429 0
0.07291187425420534 0.001759478312601642 0
0.06693529142142349 0.001768387856237374 0
0.06442878319143908 0.003523249039954315 0
0.06296968224647878 0.001754861183716942 0
0.06495248683395113 0.001761624519977158 0
0.150183646472489 0.001937427018581827 0
0.1476654417738815 0.003798731408368682 0
0.1482374827920125 0.001899365704184341 0
0.1261951601446166 0.00165769618976302 0
0.123530772285982 0.003303580795967782 0
0.1242653861432513 0.001651790397983891 0
0.06044443963498775 0.003486302215578561 0
0.06097618807159022 0.00174315110778928 0
0.07689252900218735 0.00172726972874738 0
0.06841438732606564 0.003540741397380274 0
0.06892941588539966 0.001770370698690137 0
0.1721162884945431 0.003429034183292792 0
0.1723676680571548 0.001714517091646396 0
0.1516219409046923 0.004352947947790358 0
0.1521998593415532 0.002176473973895179 0
0.1124941833052622 0.001794827026382664 0
0.09986113371558986 0.003534764184859577 0
0.09855873110098642 0.001731401433007736 0
0.1005258049532437 0.001767382092429788 0
0.1396662112159753 0.003833686609500158 0
0.1402696135447889 0.001916843304750079 0
0.09599741957954927 0.003409207050293545 0
0.09660982090108819 0.001704603525146773 0
0.130134589834326 0.00172669228190574 0
0.1273614960101515 0.003384388471668761 0
0.1281648749894713 0.00169219423583438 0
0.1922387228397259 0.003404251588586812 0
0.1923495201504224 0.001702125794293406 0
0.1313365627898926 0.003564712974697396 0
0.1321365353634771 0.001782356487348698 0
0.2063314195929337 0.001845015133353012 0
0.2043172892271923 0.001820321938541063 0
0.1801499991410517 0.003476998414304084 0
0.1803527773486796 0.001738499207152042 0
0.4886837013596093 0.002164720455536069 0
0.4868232137168646 0.004084894695096012 0
0.4864671624139586 0.002042447347548006 0
0.2497817209948925 0.001710429692969125 0
0.2475664582584994 0.003457410836428621 0
0.2477911656377 0.001728705418214311 0
0.4372582375453288 0.00163203089888284 0
0.4390837904747122 0.001670952065653169 0
0.4359699433290383 0.003343782399803008 0
0.4332355153072837 0.001711751500920168 0
0.4352468764263062 0.001671891199901504 0
0.2537323968424176 0.001690744126846711 0
0.2515299908521612 0.003401173819815836 0
0.251757058918654 0.001700586909907918 0
0.4317720096063259 0.003511727496648893 0
0.429092049854386 0.001799975995728725 0
0.4311637825808352 0.001755863748324447 0
0.257691338463044 0.001690559374913731 0
0.2557118676527326 0.001690651750880221 0
0.4249646530856153 0.001779218329541634 0
0.4270283514700005 0.00178959716263518 0
0.4052319679354514 0.001903492385978555 0
0.4013016065803794 0.001917334788357473 0
0.4032667872579153 0.001910413587168014 0
0.4091918550624245 0.001837880178763834 0
0.4076777912518907 0.003741372564742389 0
0.4072119114989374 0.001870686282371194 0
0.3254545730367947 0.001734670508979395 0
0.3235478216163861 0.003462822256070606 0
0.3215059469928215 0.001728151747091211 0
0.3234802600148073 0.001731411128035303 0
0.2898025923296109 0.001731021705342353 0
0.2879890645532442 0.003530495043079692 0
0.2858848849228257 0.001799473337737338 0
0.2878437386262187 0.001765247521539846 0
0.4170369357409062 0.001716494892106946 0
0.4154953209528708 0.00346483927737138 0
0.4131409248944026 0.001748344385264435 0
0.4150889303176544 0.00173241963868569 0
0.3365026995845631 0.00158490409231389 0
0.3343995339129284 0.003251701634326426 0
0.3332142946462748 0.001666797542012536 0
0.3348584971154193 0.001625850817163213 0
0.329378128382214 0.001724473357140275 0
0.3274163507095036 0.001729571933059835 0
0.2616531192995247 0.001696677015781802 0
0.2594238228409616 0.003387236390695533 0
0.2596722288812841 0.001693618195347767 0
0.3973773539400706 0.001954344076217801 0
0.3956631551043391 0.004326764005987145 0
0.3931270710055745 0.002372419929769344 0
0.3952522124728228 0.002163382002993573 0
0.3013884242072448 0.00161688547772827 0
0.2993196811476817 0.00324570157084298 0
0.2975344315443085 0.00162881609311471 0
0.2994614278757768 0.00162285078542149 0
0.3134736950412 0.001775080971742165 0
0.311330205404004 0.003549196530738814 0
0.3093644468713548 0.001774115558996649 0
0.3114190709562777 0.001774598265369407 0
0.3453836538999148 0.001879928002362897 0
0.3414692958592307 0.001741248109073999 0
0.3434264748795741 0.001810588055718448 0
0.3652983126262827 0.001771322622044712 0
0.3672807701125587 0.001765221606796662 0
0.2955824815976554 0.003307168809272064 0
0.2936829706889921 0.001678352716157353 0
0.2956087011166512 0.001653584404636032 0
0.2695480062065098 0.001767845016249963 0
0.2672837383341927 0.003481076386632017 0
0.265592874985743 0.001713231370382054 0
0.2675704405961266 0.001740538193316008 0
0.3312962115142438 0.001695635449576405 0
0.2735765789407899 0.001875584588921721 0
0.2712991883210131 0.003643429605171684 0
0.2715622925736501 0.001821714802585842 0
0.3071358855120815 0.003461801636405522 0
0.3053111211810511 0.001687686077408873 0
0.3073377840262034 0.001730900818202761 0
0.2636229971426347 0.001704954193081928 0
0.4209657890999694 0.001724269255391355 0
0.4229652210927923 0.001751743792466495 0
0.4116184942426155 0.003586224564028269 0
0.4111663899784135 0.001793112282014134 0
0.3175199358897312 0.001744764004308516 0
0.3155174404541539 0.003519844976050681 0
0.3154968154654656 0.001759922488025341 0
0.3403443480563461 0.003347849379833203 0
0.3381607664832512 0.001606601270759203 0
0.3398150311712423 0.001673924689916601 0
0.2818504887567675 0.001896687028594352 0
0.279801416371496 0.003853636799688794 0
0.2777128323774679 0.001956949771094442 0
0.2797816605671163 0.001926818399844397 0
0.2838676868397964 0.001848080183165845 0
0.3613062745247492 0.001764571912706917 0
0.359506933114573 0.003530775188286729 0
0.3573276427170919 0.001766203275579812 0
0.3593169586209206 0.001765387594143364 0
0.4193519311902111 0.003440764147498301 0
0.4190013624204373 0.00172038207374915 0
0.2754957605237448 0.003832534360016163 0
0.2756447056591297 0.001916267180008082 0
0.3533617468179537 0.00178657460005237 0
0.3493835040767052 0.001857252782174698 0
0.3513726254473298 0.001821913691113534 0
0.319581438437549 0.003472915751399727 0
0.3195129414412761 0.001736457875699864 0
0.2918188963511842 0.003409374421499706 0
0.2917427815093017 0.001704687210749853 0
0.3031281168161979 0.003304571555137143 0
0.3033497726941483 0.001652285777568572 0
0.3633022935755168 0.001767947267375815 0
0.3473835789883103 0.001868590392268797 0
0.355530659376004 0.003552777875632182 0
0.3553446947675237 0.001776388937816091 0
0.3998694367109177 0.003871678864575274 0
0.3993394802602245 0.001935839432287637 0
0.04275201007913866 0.001703398935222995 0
0.0398466392154488 0.00341247815929257 0
0.04075665294114451 0.001706239079646285 0
0.04389296571381172 0.0034024885624636 0
0.04476394317446122 0.0017012442812318 0
0.2000904357857731 0.005241838347057289 0
0.1052022552796775 0.005625093485886086 0
0.1067810472405131 0.007504645802762448 0
0.1073132938819364 0.005584038251019814 0
0.1210491403714031 0.004863613235697724 0
0.1192256324497638 0.004950969751829102 0
0.0819752543296641 0.005003459898715527 0
0.07955859779637589 0.006755332034639285 0
0.07997919875122399 0.005068408893189312 0
0.1414350768141779 0.005705698475626714 0
0.1391852905518935 0.005908354467246561 0
0.1715657733820572 0.006859634717522028 0
0.1698899713538198 0.005106175897859744 0
0.1718410309383001 0.00514433445040741 0
0.1920884905679607 0.006797854085632741 0
0.1901889170698472 0.005111538578200022 0
0.1921636067038433 0.005101052837109777 0
0.2511604619535802 0.006784557927528405 0
0.2493884899596313 0.005117412360343122 0
0.2513452264028707 0.00509286587367212 0
0.4101355713832298 0.005542248249314334 0
0.4081193796064131 0.005693537673236567 0
0.28848129290972 0.007031730019507418 0
0.2901269494812309 0.005188769059482184 0
0.2882351787314821 0.005281112531293555 0
0.2590273835285009 0.006773091024350957 0
0.2592256031847313 0.005080163707523245 0
0.4198791396450804 0.006823766697193898 0
0.4177386930864913 0.005128874233166644 0
0.4196155354176457 0.0051322654223461 0
0.3987467672170565 0.00557084944290996 0
0.4004206465315685 0.005722694235432032 0
0.01320740017508068 0.005273171254523657 0
0.01428212265843699 0.007616808747772119 0
0.01522071637691368 0.005648439889310603 0
0.4435166758739242 0.007239762515395421 0
0.4452377393386763 0.005598052162255171 0
0.4433643651234178 0.005385327776207708 0
0.3735230268450193 0.005234386997191561 0
0.3718766418777388 0.007015388024087821 0
0.3716410889858722 0.005259638719840777 0
0.2054697325909197 0.0091289954011541 0
0.2036490799267851 0.008908448673582276 0
0.2354744519117794 0.003632236320141341 0
0.2371608048560467 0.005628845594018738 0
0.2347640922792087 0.007466438109846176 0
0.2330777393349414 0.00546982883596878 0
0.235119272095494 0.005549337214993759 0
0.3663827413144504 0.4516667374997413 0
0.4331913706572189 0.4403413262361581 0
0.1025603958944624 0.007491294091463478 0
0.1011550747519602 0.005505591718160422 0
0.1031786650158188 0.005565342602023254 0
0.4349794237155143 0.005196371183175961 0
0.4332078040449181 0.00726731542886243 0
0.432489906825622 0.005389521462755661 0
0.3216320824412952 0.005246904128950743 0
0.3196977601005814 0.007040514074995566 0
0.3176471160968353 0.005266525697444549 0
0.3196395992690653 0.005256714913197647 0
0.2689084706451746 0.005259897889282774 0
0.2669781143632318 0.005186653510879481 0
0.2938012327332595 0.005044351806598825 0
0.2921092858633061 0.006823746444581302 0
0.2919640911072452 0.005116560433040504 0
0.2395176029635604 0.003648324279833893 0
0.2377903152037119 0.00183836239334825 0
0.2397984840219626 0.001824162139916946 0
0.2337952478201619 0.001793873926793092 0
0.2357927815119369 0.001816118160070671 0
0.3976896391576516 0.007333907132117877 0
0.3946060270449342 0.006089821695195062 0
0.3966763971309954 0.005830335569052511 0
0.3554425309996941 0.02011857130508298 0
0.3616907699857257 0.02117081875440405 0
0.3541243452877969 0.02881627115749879 0
0.3579075576367613 0.02499354495595142 0
0.2760649832193295 0.01302992550684756 0
0.276026981197882 0.01028543403853515 0
0.2789404635683846 0.0102332770228991 0
0.2775027233938571 0.01163160126487333 0
0.06195370952460579 0.005283945172627033 0
0.06594044361321685 0.005346430602194783 0
0.06394707656891133 0.005315187887410908 0
0.01224163529325061 0.003478903483638151 0
0.01111751753972029 0.001685745941915786 0
0.01306526209109867 0.001739451741819076 0
0.4487300789552474 0.001865262898893856 0
0.4470645359557933 0.003686282703490355 0
0.4467465536920709 0.001843141351745178 0
0.3770387069348969 0.001725772032801842 0
0.3752127614618416 0.003470540856846963 0
0.3751063807310072 0.001735270428423481 0
0.007206705144493619 0.001664138059708538 0
0.009162111342106968 0.001674942000812162 0
0.4510362724168948 0.00373444213054064 0
0.4507165489067576 0.00186722106527032 0
0.3789609677395676 0.003440315654433074 0
0.3789646108539839 0.001720157827216537 0
0.2413273067064001 0.005500629298614473 0
0.2392440557812234 0.005564737446316606 0
0.2103362259533795 0.001820967307100231 0
0.2083343122121122 0.003665982440453243 0
0.2083338227731566 0.001832991220226622 0
0.1087245611147356 0.009445733587357605 0
0.1109293746298736 0.009252366282694362 0
0.2315173266661442 0.00353381271048401 0
0.2298649359898062 0.001739938783690918 0
0.231830091904984 0.001766906355242005 0
0.2276702566461331 0.003447719456454853 0
0.2279224299108433 0.001723859728227427 0
0.4669712390490035 0.003826844745942933 0
0.4697660254580636 0.005955214536326145 0
0.4676170719195304 0.008122252380922438 0
0.467294155484267 0.005974548563432686 0
0.0106012814196385 0.006756718209970172 0
0.01142145835644455 0.005117810846804162 0
0.3771508128573143 0.005194097630294997 0
0.3754610782404919 0.006957943770639595 0
0.3753369198511667 0.005214242313743279 0
0.2084995019794587 0.007513207706614672 0
0.2104826263322119 0.005394284045470302 0
0.2084169070957854 0.005589595073533958 0
0.4687214118266781 0.001908217746181382 0
0.4645196684920264 0.001918626999761551 0
0.4666205401593516 0.001913422372971466 0
0.2819074804712646 0.01137118660559581 0
0.2800499551707629 0.00807433192957095 0
0.2809787178210137 0.00972275926758338 0
0.2307806457961434 0.007122948254021686 0
0.2292202331273461 0.005186932128536915 0
0.2311489862311438 0.005328380482252848 0
0.2454129627166965 0.005263086120021999 0
0.2431806253510113 0.007206772388691333 0
0.2433701347115484 0.005381857709318236 0
0.4604815232729437 0.001912074400904527 0
0.4585298944093026 0.001898715443129601 0
0.3887033511895283 0.001936907947048976 0
0.3867234110251419 0.001850966841751649 0
0.08978420295545221 0.004967386569814593 0
0.09360397131023462 0.005013963521946102 0
0.09123184059183656 0.006648330255556366 0
0.09169408713284341 0.004990675045880348 0
0.1602582408286981 0.00716499604704773 0
0.1583976644269718 0.005653266137651257 0
0.1622320493905672 0.005247243333010174 0
0.1603148569087695 0.005450254735330716 0
0.1490649943894576 0.005633778959448336 0
0.1523921536898636 0.006193378561424682 0
0.1498352071746288 0.00747420957308266 0
0.1507285740396606 0.005913578760436509 0
0.4376141108638264 0.006423480824691081 0
0.4367920270964324 0.004883631612247044 0
0.3236349361703976 0.007047609620968672 0
0.3235913788933918 0.005255215938519638 0
0.2705459978634228 0.007217303663195632 0
0.2729367155392613 0.005600835379084542 0
0.2709225930922179 0.005430366634183658 0
0.2956159432904688 0.006577657126409519 0
0.2973971921548647 0.004840474129082757 0
0.2955992124440621 0.004942412967840791 0
-0.006549099576338317 0.01088690163028591 0
-0.01118475097189581 0.01454897412032235 0
-0.01378960405306012 0.01163840622479878 0
-0.009153952657502627 0.007976333734762347 0
-0.01016935181469922 0.01126265392754235 0
0.2162101426574658 0.003565657180509834 0
0.2142805735150955 0.001791682299733007 0
0.2162399919641039 0.001782828590254917 0
0.1467758071798023 0.007406869803054888 0
0.1453762545642263 0.005571822251975235 0
0.1472206244768419 0.005602800605711785 0
0.08741374601455076 0.006613497516614546 0
0.0859012915966359 0.004954153863686501 0
0.08784274727604405 0.004960770216750547 0
0.166062112673992 0.005125946050607439 0
0.1639933264084277 0.006879376773190706 0
0.1641470810322796 0.005186594691808807 0
0.3609519834777649 0.1871693610942572 0
0.3659725106750559 0.2271678971624333 0
0.3287533620063559 0.2309641617911223 0
0.3237328348090649 0.1909656257229462 0
0.3448526727420604 0.2090667614426897 0
0.2775836341254353 0.006242714219938061 0
0.2750245891409518 0.008011015239006439 0
0.2752601748323483 0.005921774799511301 0
0.04098143770748396 0.005128549229589056 0
0.03896848452990567 0.005136851105972821 0
0.04488522969255819 0.005044474278658597 0
0.04197370168623044 0.006770534945784053 0
0.04293333370002107 0.005086511754123827 0
0.003262244407609687 0.001708237734110174 0
0.005234474776051667 0.001686187896909356 0
0.05562554431535472 0.01260847718659614 0
0.05769062842631996 0.01488194274248864 0
0.05808971343379005 0.01272082893341471 0
0.1430436136233307 0.007503932180551558 0
0.1434056656892021 0.005638760363800974 0
0.1677584360057102 0.006807052105674271 0
0.1679760420139059 0.005116060974233592 0
0.08352177843723174 0.006631235686129036 0
0.08393827296314998 0.004978806881201015 0
0.1246253129702206 0.004934612636753247 0
0.1221436810556417 0.006494645076483188 0
0.1228372266708119 0.004899112936225486 0
0.2799256857711295 0.005963984364629873 0
-0.00189381502368716 0.005491905886791678 0
0.0005413057766845662 0.003503948209896652 0
8.917096468354362e-05 0.005300863835210937 0
0.2123152121660035 0.003612649606833239 0
0.2123083997342375 0.001806324803416619 0
0.04958491528306046 0.005167778400157218 0
0.04641494529621033 0.006802548037867997 0
0.04723507248780932 0.005106126339407907 0
0.05391257123221985 0.005157029091308756 0
0.05122166699256614 0.006894512448892444 0
0.05174874325764015 0.005162403745732987 0
0.3223923485083252 0.4527903129211992 0
0.2606637662574819 0.4401588136616445 0
0.4677925645316293 0.2450492571084868 0
0.441176555486759 0.201923549425239 0
0.4733839909551296 0.1780186601810527 0
0.4705882777433795 0.2115339586447589 0
-0.02788058491355343 0.001735780357622545 0
-0.02381275951163414 0.00113002102508155 0
-0.02648187882248226 0.002865801382704096 0
-0.02584667221259379 0.001432900691352048 0
0.1226314555781415 0.008189383012705973 0
0.1206270465581715 0.009334336284710171 0
0.1213853638069066 0.007914490680596679 0
0.177230291301379 0.02114603776766478 0
0.1733257299373972 0.02817066705699615 0
0.1678313551588142 0.02520849368414635 0
0.171735916522796 0.01818386439481498 0
0.1725308232300966 0.02317726572590556 0
0.4625005958824853 0.001915350700333039 0
0.3909574063220233 0.004309327876818319 0
0.3909152110975512 0.00215466393840916 0
0.3822965436609361 0.006786302893706806 0
0.380715526020448 0.00508508127758504 0
0.3824970106790679 0.005132936125896181 0
0.4139899911951705 0.005245171986990635 0
0.4125070683357847 0.007201195672276701 0
0.4120627812892002 0.005393710118152486 0
-0.02327243973521648 0.2609203844757927 0
-0.02525974143540024 0.3309691283111579 0
-0.06354626184941767 0.2962265866489733 0
0.03215946889983725 0.01256553156339171 0
0.03415833286306073 0.01297658244351281 0
0.03323318567266609 0.0157191784267081 0
0.03123432170944261 0.01530812754658699 0
0.03269632728625167 0.0141423549950499 0
0.4715276835850293 0.003831214927867975 0
0.4743727133085883 0.005409617829929498 0
0.4726110551816226 0.007533617438387667 0
0.4720693693833259 0.005682416183127821 0
0.4730443669963226 0.001922997181686594 0
0.4708828894115009 0.001915607463933988 0
0.07152179931037156 0.007142151661961951 0
0.06995998942833175 0.005370312542159331 0
0.07196642470288905 0.005330554143582617 0
0.1296768562035124 0.007093905007115918 0
0.12847893249899 0.00515772372681969 0
0.1305067094967025 0.005329308990906657 0
0.1820288384718519 0.005272026516759166 0
0.1799448633633937 0.005274598068305763 0
0.06748604571548295 0.00717600174697384 0
0.06795021652077429 0.005358371572177057 0
0.2472349944178284 0.006923087643936499 0
0.2474007263381639 0.005190249240182561 0
-0.0007368116467898729 0.001795710475786478 0
0.001262716380409907 0.001751974104948326 0
0.1257427494590591 0.006707947891904176 0
0.1265521227346053 0.005046168181786469 0
0.2255864470014106 0.005072379292023081 0
0.2236499591066266 0.006870059257511594 0
0.2219453821083777 0.005248949627396018 0
0.2237659145548941 0.005160664459709549 0
0.1901316135518805 0.008536538363723589 0
0.1881366836515544 0.01033619408461021 0
0.1861024919664045 0.008676110713523817 0
0.1880974218667306 0.006876454992637199 0
0.1881170527591425 0.008606324538623703 0
0.476086754360708 0.003644775105864431 0
0.4751465517834753 0.001822387552932216 0
0.008409577677052266 0.00802537551427727 0
0.006300154416532359 0.009564093831021771 0
0.006739859484749507 0.008063933295887976 0
0.4162333633287909 0.006909206942785899 0
0.4158643421408309 0.00518702311007864 0
0.0969829153081631 0.01973450654821852 0
0.1039023357824932 0.02081235043370943 0
0.1019990229888427 0.02869547345868944 0
0.09949096914850288 0.02421499000345398 0
0.05796036973727221 0.005180494398003537 0
0.059957039630939 0.005232219785315285 0
0.3923712283602857 0.006546024412961069 0
0.3894987645118305 0.007876381276537192 0
0.3902280854169269 0.006092854576677756 0
0.2718710675966292 0.009099575076863486 0
0.2694749853237168 0.01047629303906233 0
0.2700104915935698 0.008846798351128978 0
0.05593647048474604 0.005168761744656147 0
0.4202593785955785 0.01015289729824942 0
0.418401261883374 0.008892857359955406 0
0.4200692591203294 0.008488331997721657 0
0.4802925049560789 0.006744287256811116 0
0.4785784639039591 0.008509129980876183 0
0.4773326091323336 0.006076952543370307 0
0.2728734596535594 0.0113739938763922 0
0.2739490243972555 0.009692504557699318 0
0.0358711200116574 0.02606179418641581 0
0.03196992618584971 0.03629597318222002 0
0.02469170269084871 0.03461986534944877 0
0.0285928965166564 0.02438568635364456 0
0.03028141135125306 0.03034082976793229 0
0.1709125245448362 0.0102189269977219 0
0.1693980916454593 0.008377320406410153 0
0.1712391489634467 0.008539280857621966 0
0.2626023912508241 0.01009014541951706 0
0.2609136097205152 0.008460773648869767 0
0.2627449911542583 0.008438693212336231 0
0.1371368216953224 0.01251579529423093 0
0.1348416527028156 0.01007232144548648 0
0.135989237199069 0.01129405836985871 0
-0.01051962784423249 0.005699362337416087 0
-0.007483428057171142 0.00366834992642333 0
-0.006117752870441275 0.005945321323769591 0
-0.008318690357336886 0.005822341830592839 0
-0.004541809710612195 0.007762935201653949 0
-0.004077404474150981 0.01242567140520066 0
-0.004309607092381588 0.01009430330342731 0
0.02271464108455259 0.01211131915722926 0
0.02596899890041476 0.01261477631040356 0
0.02345483666382473 0.01415939691925427 0
0.02434181999248367 0.01236304773381641 0
0.4493475230139984 0.005623732063681912 0
0.4513276672939604 0.005645420378408501 0
0.2641750804944348 0.1254752315817506 0
0.2550463774329251 0.1138440430026435 0
0.04185228017613597 0.01377128890903869 0
0.04051253335147502 0.01001509500240613 0
0.04545275180739219 0.0104988098491659 0
0.04365251599176408 0.01213504937910229 0
0.4908338479047165 0.00678266464005371 0
0.491417932060614 0.004137556926621112 0
0.4947829850483935 0.005962654431570014 0
0.494198900892496 0.008607762145002612 0
0.492808416476555 0.006372659535811861 0
0.06908017260844022 0.009145610562305036 0
0.0666493205542915 0.01096229681312225 0
0.06706768313488722 0.009069149280048046 0
-0.003469758183516239 0.00367429200890732 0
-0.004005783947064218 0.005718613605280636 0
0.4475207263968814 0.007535501522446728 0
0.4472926311763374 0.005610892112968542 0
0.3789053711381948 0.006838863253446962 0
0.3789331694388812 0.005139589453940018 0
-0.004672290044626765 0.001878581533120842 0
-0.0086291685362456 0.001789768393302488 0
-0.006650729290436181 0.001834174963211665 0
-0.002704550845708333 0.00183714600445366 0
-0.02035303588286448 0.001629327171301789 0
-0.02283301680759414 0.002759348196383339 0
-0.02208289769724932 0.00137967409819167 0
0.2453068108407813 0.008809721634210455 0
0.2432063383787499 0.009083814504820969 0
0.2271364234826237 0.006811591964105144 0
0.2274033400643784 0.005129655710279998 0
0.1566742983013818 0.008027922658433835 0
0.1543030454643595 0.006747733771614915 0
0.1563503549456657 0.006200499954633086 0
0.4485717982087898 0.01451702554248648 0
0.4454911622037299 0.02148005994435881 0
0.4424126421516333 0.01236413010039431 0
0.4439519021776816 0.01692209502237656 0
0.1069574353008739 0.03186093229926648 0
0.1302336783590309 0.01377523174318143 0
0.1317397362152252 0.01121054146095811 0
0.1309867072871281 0.01249288660206977 0
-0.01151344188655937 0.003382942089918385 0
-0.01258099088981582 0.001593173696615897 0
-0.01060507971303072 0.001691471044959193 0
0.3505018788286397 0.009212165314684845 0
0.3494576447775246 0.01111636873545402 0
0.3487143315084533 0.009485351356463778 0
0.01516891907755736 0.02403361675371187 0
0.008077083584999076 0.02241783816937077 0
0.009896936673021824 0.01639478501541136 0
0.01698877216558011 0.01801056359975246 0
0.01253292787528959 0.02021420088456161 0
0.07321036382014773 0.009036634198150971 0
0.07076873711821639 0.01104009309849406 0
0.07114526821429397 0.009091122380228004 0
0.3598691146383013 0.007099830710177142 0
0.3576926138202946 0.005306261925182934 0
0.3596880238764372 0.005315302949231935 0
0.3371669907073916 0.01725641632024695 0
0.3338328816848664 0.01537581528090456 0
0.3359208197799082 0.01125124967839084 0
0.3392549288024335 0.01313185071773323 0
0.33654390524365 0.0142538329993189 0
-0.01406053345973614 0.004675086986986018 0
-0.01306671941740926 0.00699150723448372 0
-0.01229008065198432 0.005187224662201053 0
0.2589344171919813 0.008486426171020831 0
0.2142664115446481 0.00539036671110087 0
0.2124338257108565 0.007172001149737934 0
0.21237451893843 0.005392325378285585 0
0.3699805586591551 0.1175396886012327 0
0.3471824295566002 0.1239809063484817 0
0.3551986730737352 0.1087598581538384 0
0.1839737601783721 0.00700226736986264 0
0.1839102587247683 0.01064168271510307 0
0.1839420094515702 0.008821975042482857 0
0.3601008136813045 0.01067741079412778 0
0.3580105477759233 0.008798703850422716 0
0.3619593805436825 0.0089785376538822 0
0.3599849641598029 0.008888620752152458 0
0.3643665170556319 0.01100157274860877 0
0.3641575270599894 0.009076886437550365 0
-0.3861619738355248 0.04272442705862217 0
-0.4512583109509405 0.1052244270588822 0
-0.4430809869177403 0.05261221352944112 0
0.0771672109506896 0.008514738430982889 0
0.07482567724370719 0.01058175845395962 0
0.07518878738541868 0.008775686314566929 0
0.2076596923458253 0.009436522979478047 0
0.2074259176891353 0.01180847296058101 0
0.2064478251400275 0.01046873418086755 0
0.06919055914287982 0.06339401441452806 0
0.05960133708732689 0.07207410788772881 0
0.06417591217932592 0.05281240402630942 0
0.0618886246333264 0.06244325595701912 0
-0.02976584008048543 0.003086477233391954 0
-0.03097540778543814 0.001350696875769408 0
-0.0294279963494958 0.001543238616695977 0
-0.01653131478653706 0.001733381002455565 0
-0.01943025909829785 0.003362708173757355 0
-0.01844217533470079 0.001681354086878677 0
0.2338835086164744 0.01193626023833141 0
0.2321208074073226 0.00933590376220363 0
0.2343238004478416 0.009701349174088793 0
0.144778433088415 0.009259769237369724 0
0.1427020447939019 0.01118401593838955 0
0.1428728292086163 0.009343974059470553 0
0.1959151618409771 0.01014418176818461 0
0.194023186578968 0.008454674387410578 0
0.1959709606509105 0.008480536132067895 0
0.2643549599288268 0.01131099287554893 0
0.2628565869136272 0.01313144478009781 0
0.2627294890822256 0.01161079509980743 0
0.4928135957803285 0.001972836471085042 0
0.4907486485699684 0.002068778463310556 0
0.4134256554882648 0.09631169118969407 0
0.3936080759736337 0.1068145134758079 0
0.3976323316992523 0.08953030453433217 0
-0.01553690112105001 0.003326554699071462 0
-0.01455615283817644 0.001663277349535731 0
-0.26511325564579 0.0310653162519358 0
-0.2836329352159465 0.06506274578565469 0
-0.3415866308725414 0.03399742953371888 0
-0.3033499432591451 0.03253137289282734 0
0.08290207795555646 0.05272652497029903 0
0.0925454205051994 0.06771337549736731 0
0.07883390169252275 0.07838086494159635 0
0.08086798982403962 0.06555369495594768 0
0.1861600902498069 0.005187210503158839 0
0.1840944643608294 0.005229618509959002 0
0.3738937503309087 0.008390407897926425 0
0.3772634302043014 0.00924635314264222 0
0.3755785902676051 0.008818380520284323 0
0.1062819348615073 0.01164119323873711 0
0.1043384209872849 0.009700105454141959 0
0.1065314910510102 0.009572919520749779 0
0.07293872237767075 0.01364220772411302 0
0.07000210204718857 0.01589028161943936 0
0.06783211678773421 0.01328816699382039 0
0.07038541958270249 0.01346518735896671 0
0.09733326482616442 0.00520219899344627 0
0.09924416978906228 0.005353895355803345 0
0.3024301793407861 0.006413229507127712 0
0.3009510957656378 0.004747965313145209 0
0.3046072003913463 0.004969835749119645 0
0.302779148078492 0.004858900531132427 0
0.3335375236966804 0.009328265325138788 0
0.3354073219065729 0.00651836396472602 0
0.3356640708432406 0.008884806821558433 0
0.4984734422212598 0.003732842510187922 0
0.4964893152371245 0.001738264616526141 0
0.4982446576185617 0.00186642125509394 0
0.4642040076899928 0.01076844862153519 0
0.4619373296081028 0.01212521361282741 0
0.462365231197524 0.01002522801962307 0
0.4168490665750744 0.01036807327607103 0
0.4146811680204913 0.008384422858901522 0
0.4165412149519326 0.008638640109428466 0
0.2924994652442098 0.01036786805168152 0
0.2905827020575587 0.00825883679572092 0
0.2940260490499573 0.0089327777005419 0
0.292304375553758 0.008595807248131412 0
0.3374652816701635 0.02323084500151745 0
0.3363659141374979 0.03147622075706988 0
0.3293001630118317 0.03082714067574641 0
0.3303995305444974 0.02258176492019397 0
0.3333827223409976 0.02702899283863193 0
0.04885956167657315 0.009252675949859804 0
0.04300813542702937 0.008048681937174094 0
0.04593384855180127 0.008650678943516949 0
0.1309127967049701 0.00899070158430338 0
0.1328772247038929 0.009531511514894932 0
0.03241441201313455 0.01010785086973371 0
0.03120701693009705 0.008056677389429012 0
0.03315228723277824 0.008467815736468974 0
0.1532682898040441 0.009444244221224217 0
0.1513573980295482 0.008889889011033984 0
0.1528302217469538 0.007818811391324449 0
0.261508845258945 0.01910848814983304 0
0.2664556351860375 0.02417492351612235 0
0.2603968428200767 0.0290081567733877 0
0.2609528440395109 0.02405832246161037 0
0.3884283588675517 0.01102803686978202 0
0.3889635616896911 0.009452209073159606 0
0.2491646681269732 0.008462720070820811 0
0.2510622634896269 0.008447914484584658 0
0.4208648606805855 0.2647020462696035 0
0.4604324303402927 0.2861220821381993 0
0.4482400746111332 0.01136233083230585 0
0.4458606013164681 0.009906926271654647 0
0.4478804005040073 0.009448916177376289 0
0.2613655142307379 0.1522876192942201 0
0.2526466471931349 0.1843389257552048 0
0.2180055216213604 0.1714404880510119 0
0.2396855179260492 0.161864053672616 0
0.03910503355507911 0.01864184704164423 0
0.03791528042182064 0.01400129106018 0
0.04304203330939443 0.01841184489050291 0
0.04047865686560754 0.01620656797534146 0
0.3365862484273555 0.004599862545993204 0
0.3349034279097507 0.004885032799526222 0
0.3382443153260437 0.004621559724438517 0
0.3399062555215445 0.004935040737320784 0
0.158361875744732 0.008551549645480095 0
0.1553936678260838 0.01017139203715575 0
0.1568777717854079 0.009361470841317918 0
0.2849294473855317 0.01365326141152403 0
0.2836043204466865 0.01191709354459035 0
0.287004563033857 0.01271358862804267 0
0.2853044417402717 0.01231534108631651 0
0.2178133009663519 0.0163396630598933 0
0.2147370630370956 0.01749212820342063 0
0.2128573559823509 0.0125453038507643 0
0.2153353284743514 0.0144424834553288 0
0.4086423436476406 0.2178178611365665 0
0.3781950277080007 0.2740520822954703 0
0.3934186856778207 0.2459349717160184 0
0.3559255034658869 0.007106118095538311 0
0.3557280814209454 0.005329447985585246 0
0.1542035499580528 0.01322349783623157 0
0.1537359198810485 0.01133387102872789 0
-0.192506576025203 0.02654211817618717 0
-0.2288099158355286 0.02880371721406149 0
0.2181193972478739 0.005426522953827001 0
0.216192904396261 0.005408444832463935 0
0.299558995039641 0.01555857642980697 0
0.3019868155169781 0.01144752117398961 0
0.3057146661261348 0.01216177039927737 0
0.3026368305828879 0.01386017341454217 0
0.4135462505413108 0.01051770993038513 0
0.4170412544462392 0.01323552763269618 0
0.4137384384124757 0.01338516428701028 0
0.415293752493775 0.01187661878154066 0
0.1013026450465594 0.01203622053306744 0
0.1019315204705109 0.00976375731226546 0
0.3952963739431528 0.008516326751287245 0
0.3938338011517192 0.007531175582124157 0
0.09063168056152497 0.01003937707762868 0
0.08897938052761481 0.008325765341788397 0
0.09093176057668076 0.008343853666592519 0
-0.2805719298390477 0.1329838429207808 0
-0.2412082896010776 0.2219942740840664 0
-0.2608901097200626 0.1774890585024236 0
0.1407216419545866 0.01372263599297452 0
0.1384523427955349 0.01494311792112608 0
0.1389292318249545 0.01311921564360273 0
0.3790465427174301 0.01534514830671253 0
0.3850564439824993 0.0185807710076388 0
0.3754230749138603 0.02035960137960834 0
0.3802397594481799 0.01947018619362357 0
0.1674514157440777 0.0100753978051343 0
0.1658117601043287 0.008505129504398416 0
0.167604925874894 0.008441224955404284 0
0.1483495023394039 0.00914981523827527 0
0.1465639677139094 0.009204792237822498 0
0.01166655980909795 0.122322863645813 0
0.01269566611698316 0.09745502812278309 0
0.03994736656406217 0.09475051766081562 0
0.02580696318658006 0.1085366906533143 0
0.2713164418917613 0.01915589076182037 0
0.2726285230881346 0.02414265965213814 0
-0.1088205734951136 0.09569539605133981 0
-0.1349858844933178 0.04756375300488453 0
-0.08233197929547345 0.06198007812982721 0
-0.1219032289942157 0.07162957452811217 0
0.1328250649020083 0.06556550167876724 0
0.1185411658624091 0.06488334779238887 0
0.1265500896061043 0.05520924168418892 0
0.2282616321346373 0.00857565148375403 0
0.2296017937458165 0.01078860699193597 0
0.2301912197709799 0.00895577762297883 0
0.3135394722478658 0.005321523973806373 0
0.3111846278496281 0.007328343438938085 0
0.3089753610057662 0.005556015995870526 0
0.3112574166268159 0.00543876998483845 0
0.2977507384415969 0.02531303237248742 0
0.2943076865474317 0.01959258503246786 0
0.2915400495592883 0.02482189369285008 0
0.3084780368708789 0.02727966639400531 0
0.3018216165341132 0.0319666915266919 0
0.3031143876562379 0.02629634938324636 0
0.290525870661835 0.1902328289650321 0
0.2900371250034273 0.1563937075929594 0
0.3232440891506573 0.1571265043508735 0
0.3068849799062461 0.1736796666579528 0
0.07609492959769854 0.04158537981895134 0
0.06617079898671333 0.04322793765051106 0
0.06488405637255251 0.03110817998447424 0
0.07048949298512552 0.03634677990171279 0
0.2974224587334559 0.007588599683725718 0
0.2958325644929444 0.009943720257858099 0
0.2957242538917066 0.008260688692133809 0
0.3158244068615788 0.01068322523950609 0
0.3138233487763643 0.008755004387203716 0
0.3156691478905472 0.007068204695200242 0
0.3176702059757617 0.008996425547502615 0
0.315746777376063 0.008875714967353164 0
0.06595052373681703 0.02330833326308306 0
0.05684460553233332 0.02962017677144602 0
0.05791107289659783 0.02182033005005483 0
0.06139756463457517 0.02646425501726454 0
0.188174503659827 0.005149374540679432 0
0.3174422744147017 0.01332153997165749 0
0.3145427618387541 0.01555747520665024 0
0.3129248942856311 0.01291916047449884 0
0.3151835843501664 0.01312035022307816 0
0.199798615790624 0.01371547588925055 0
0.1976735646304701 0.01191229065000999 0
0.1997866556315179 0.01197415113246312 0
0.1213697726152243 0.09957571763811383 0
0.1004534848812783 0.1176040269530964 0
0.08667854653826822 0.09760061680141635 0
0.1075948342722143 0.07957230748643379 0
0.1040241595767463 0.0985881672197651 0
0.1619760968375579 0.008643253000767187 0
0.1637945305334588 0.0102690057319749 0
0.1638939284709433 0.008574191252582802 0
0.1884815601322329 0.0625623714079748 0
0.1747225759962621 0.06585473161848866 0
0.1707442581461669 0.05170924911012619 0
0.1845032422821377 0.04841688889961232 0
0.1796129091391999 0.05713581025905048 0
0.2024783930469171 0.02414976773086023 0
0.1962372506830389 0.02693430806041006 0
0.193978218880968 0.021548058306938 0
0.2002193612448462 0.01876351797738818 0
0.1982283059639425 0.02284891301889912 0
0.3805050961562176 0.007926979926207207 0
0.3788631552223243 0.01033446981540247 0
0.3788842631802596 0.008586666534424716 0
0.0853635727609721 0.01672724671755467 0
0.09003094678846305 0.01409579821914432 0
0.09300683734218608 0.01774682131274704 0
0.08918520505157909 0.01723703401515085 0
0.2134923943744078 0.02777775706316394 0
0.2049185482939327 0.03187639155922353 0
0.2110522391273923 0.02005113323480064 0
0.2079853937106625 0.02596376239701208 0
0.2301010339799662 0.03353163625815178 0
0.2208192799541892 0.02712989102231289 0
0.2270653216044349 0.02747308341201159 0
0.1889861074121835 0.02238268714173681 0
0.1890689128062911 0.02896548708813159 0
0.1825778569417225 0.02920489770258785 0
0.1824950515476149 0.02262209775619307 0
0.185781982176953 0.02579379242216233 0
0.4439074953064296 0.1015075295140575 0
0.4476724016141049 0.0746374377796149 0
0.4774572550903556 0.08093324700771823 0
0.4736923487826802 0.1078033387421609 0
0.4606823751983925 0.09122038826088788 0
0.02855290328033528 0.01255411299092622 0
0.02880784639363258 0.01009643229726822 0
0.03048365764673492 0.01133098193032997 0
0.2534205179749613 0.03450709455374565 0
0.2442804329227733 0.03724067122560297 0
0.2466791061922364 0.03132516700375062 0
0.3273681015903243 0.0110792596835824 0
0.3255233342217277 0.008909981972457175 0
0.3293608582893902 0.009296912096759775 0
0.327442096255559 0.009103447034608475 0
0.3483680171428861 0.03182674270475726 0
0.3432601976085274 0.02354462784516197 0
0.3490165257534382 0.02053415629790351 0
0.3486922714481622 0.02618044950133038 0
0.2580671005315092 0.04219695933259118 0
0.2592319716757929 0.03560255805298945 0
-0.04407321037484617 0.08018428709145675 0
-0.05358790772792839 0.06180166083167889 0
-0.02768522560206548 0.04950555125880571 0
-0.03587921798845582 0.06484491917513124 0
-0.4329234452183252 0.3722474439814684 0
-0.4247950559423803 0.4361237219906954 0
0.2030432686763444 0.2171728601364838 0
0.1927607802455573 0.1862126202004962 0
-0.1514037568801537 0.02378187650244227 0
0.2670481140351596 0.01185875637225261 0
0.2653492761777458 0.01305134548173132 0
0.2657015369819932 0.01158487462390077 0
0.2108175112723797 0.008420647314583049 0
0.2099777016387463 0.01034396258744642 0
0.2092386018091025 0.008928585147030547 0
0.2478114881418902 0.0133566889304827 0
0.2472364845499261 0.01034935406109477 0
0.2475239863459081 0.01185302149578873 0
0.2732035505558994 0.01323202949548363 0
0.2711036123121283 0.01380522299925062 0
0.2707735214097882 0.01194718738015919 0
0.2719885359828438 0.01258960843782141 0
0.3542602356539279 0.00890528116087657 0
0.3527024437534282 0.01083882311115572 0
0.3523810572412838 0.009058723237780709 0
0.3196799093180014 0.01085127479453955 0
0.3218774975561867 0.01279548594335184 0
0.319639862652887 0.01526575112046977 0
0.3196598859854442 0.01305851295750466 0
0.1561231552276566 0.2753687247982829 0
0.1993429053772512 0.2562057386792517 0
0.227652894352361 0.3157573614260195 0
0.1918880247900088 0.2955630431121511 0
0.1649243091977668 0.01755248722724177 0
0.1612837606179713 0.02732644731885885 0
0.158376714656924 0.01967044086195427 0
0.1631040349078691 0.02243946727305031 0
0.2990286067728207 0.006342737871384987 0
0.2991741439602513 0.004794219721113983 0
0.09546861806819952 0.005108081257696186 0
0.3512007999450849 0.01307043819452978 0
0.3493455415784159 0.01467690212797444 0
0.3494015931779703 0.01289663543171422 0
0.3208570533298194 0.04910115254441166 0
0.3255684413829548 0.03871512806176985 0
0.3347707569094583 0.04175726780516326 0
0.330059368856323 0.05214329228780507 0
0.3278139051196389 0.04542921017478746 0
-0.02381084800651685 0.005116551321913289 0
-0.0182698010628909 0.005692774970864364 0
-0.02265038997110991 0.007446618119020298 0
-0.02104032453470388 0.005404663146388826 0
0.02847142898744025 0.01586005049410148 0
0.02588752460751973 0.01592071381357883 0
0.0272202139439275 0.01423741340225252 0
0.3252844230491884 0.01223927488353793 0
0.3235660591112239 0.01427702515336876 0
0.3235958614941511 0.010757735673521 0
0.3235809603026876 0.01251738041344488 0
0.3550825306861303 0.0125114381171039 0
0.3535808868777869 0.01474305320047796 0
0.3531416653156076 0.01279093815581684 0
0.3155932941723505 0.005294024835625461 0
0.3722717079865276 0.008648232421346734 0
0.01391403980367042 0.009866520718236757 0
0.01104257042211822 0.01037306153390383 0
0.01141065327688479 0.008123349563439197 0
0.01266234654027761 0.008994935140837977 0
0.3217074634428211 0.008895363322032503 0
0.3196888347092914 0.008945894434767562 0
-0.02609593504399322 0.1220929128155555 0
-0.008819784855838557 0.1396695536419614 0
0.1549609118836199 0.1063174765932455 0
0.1363365629860496 0.1219408541340583 0
0.1399941215127946 0.08395234009730101 0
0.1381653422494221 0.1029465971156797 0
0.06551888318945287 0.01464415673592756 0
0.06608410187187218 0.01280322677452491 0
0.2207730532965265 0.01437887775221578 0
0.0956075533271229 0.0132923578472426 0
0.09265446330481766 0.01219296172989857 0
0.09488809620605207 0.01155863936260752 0
0.3064466758850309 0.007064050108584649 0
0.3067912806985562 0.005262925872495086 0
0.02228787391182597 0.0100080607052032 0
0.0211440570002685 0.008486701122295614 0
0.02269241959273023 0.0085531049012866 0
0.2200323896781258 0.00533773629061151 0
0.09958363129309991 0.01528004308271408 0
0.096295234317643 0.01651343219773056 0
0.01269861535176093 0.0134349442798338 0
0.01730598582599498 0.01002431841717742 0
0.01609056137408548 0.01359274197877446 0
0.01500230058887795 0.01172963134850561 0
-0.3674197491061251 0.1109038405703475 0
-0.4098213084883185 0.1312711006005182 0
0.2252956907046063 0.007994491781445951 0
0.2267786614196218 0.00828507163259999 0
0.1957139802923867 0.01313518568666107 0
0.1939555775028937 0.01136707680483569 0
0.1958145710666819 0.01163968372742284 0
0.3236153988322744 0.008902672647244838 0
0.3315038266598735 0.01152299476432645 0
0.3314491909930354 0.009312588710949282 0
0.4130266594385478 0.008859452801330915 0
0.2482060513521487 0.01582235038981547 0
0.2494185604530169 0.01443989223070649 0
0.342267094852313 0.0109288852323458 0
0.3429506833233008 0.009288964466238942 0
-0.01679343340157703 0.00704130725877892 0
-0.01616516726131352 0.005183930978925192 0
0.4237149392073141 0.1628426034649487 0
0.3911807273681958 0.1787369151762761 0
0.4161786414274773 0.1903302323007575 0
0.4709249140645781 0.01142511780458332 0
0.4675118498350405 0.01407131404519608 0
0.4675644608772855 0.01109678321305926 0
0.4285922735632868 0.08230952169711978 0
0.4337444123853439 0.06941267301081108 0
-0.2163958374005648 0.2699031250393966 0
0.0294447251640714 0.008467342426294037 0
0.3667850585233394 0.01368273826814877 0
0.36412440332851 0.01548157378030054 0
0.3617058618608026 0.01280040826076054 0
0.364245460192071 0.01324157326445466 0
0.08126682572570612 0.008265381066524807 0
0.07921701833819786 0.008390059748753849 0
0.1596799285267508 0.07439804883354212 0
0.1462524967143795 0.06998177525615468 0
0.0196693217528139 0.01076034729178768 0
0.01922502141313174 0.009255509769736516 0
0.2893698036191373 0.01035483617114975 0
0.2889255482644286 0.008693283095328585 0
0.3515232154960024 0.1532137822199581 0
0.3817519593864332 0.144781336301977 0
0.3713519714320991 0.1659753486981171 0
0.3824563101908469 0.05222720504964976 0
0.3567015635690146 0.04937020067237347 0
0.3695789368799308 0.05079870286101161 0
0.2517265358277344 0.04901858652979901 0
0.2420045782993418 0.05398397091621068 0
0.2345584753943806 0.04220605561201463 0
0.2431425056110575 0.04561232107090683 0
0.4952552919698587 0.003711101087611184 0
0.4946514555087259 0.001855550543805592 0
0.0828780956872559 0.00983828502407022 0
0.08441619040264563 0.01098621479657871 0
0.08252165727286326 0.01272744661175583 0
0.08269987648005958 0.01128286581791303 0
0.08513304839878152 0.00820413964367445 0
0.08319993706224382 0.008234760355099629 0
0.2177559055478117 0.06197367622751512 0
0.2234734756371539 0.07474895908559755 0
0.2130035529009738 0.08034341471394496 0
0.2072859828116316 0.06756813185586254 0
0.2153797292243927 0.07115854547073006 0
0.3815653105525575 0.009471287460748976 0
0.3819309271067468 0.00812879517722789 0
0.1845077781797637 0.01399521513431579 0
0.1821474104643516 0.0130372251889826 0
0.1862706264401804 0.01159967266043625 0
0.184209018452266 0.01231844892470943 0
0.1601689862911449 0.008597401323123643 0
0.1315228156918183 0.02351007184912042 0
0.1245052924949535 0.02419022132765895 0
0.1246133732987214 0.01966231548150836 0
0.1316308964955862 0.01898216600296983 0
0.1280680944952699 0.02158619366531439 0
0.1155565385795067 0.1441469226636878 0
0.1364113722946109 0.1443662463438526 0
0.001075773113127171 0.01352805905934816 0
-0.001047185294735825 0.01256274383901486 0
0.0004584675434147457 0.01207648028530903 0
0.2350979970358042 0.01425122380102848 0
0.2320195374049987 0.01582341796163415 0
0.2308050489856688 0.01350845439893708 0
0.2329515230107365 0.01387983909998278 0
0.1837386643774119 0.0850956237532243 0
0.1686960169079005 0.09363894096827777 0
0.1717092964520813 0.07974683629338319 0
-0.01183124016053566 0.02270441426503662 0
-0.02215202948208522 0.03581881951490047 0
-0.03463447702965912 0.02932175617844111 0
-0.02431368770810957 0.01620735092857725 0
-0.0232328585950974 0.02601308522173886 0
0.4988367849960825 0.00726237514113984 0
0.4973102272173423 0.00501148397034238 0
0.4986551136086712 0.00549760882566388 0
0.009102325431192805 0.01217831724496459 0
0.007278704543373141 0.01119726257880705 0
0.009218949534298561 0.009392006867746295 0
0.009160637482745683 0.01078516205635544 0
0.3124992240209399 0.01030416734447858 0
0.3098605030942037 0.008877506396212946 0
0.311841925935284 0.008816255391708331 0
0.02923297547678043 0.01959692092445914 0
0.03199586819878279 0.01904499797694465 0
0.03023364859311152 0.01745252423552307 0
0.005676390388493945 0.01246895105011206 0
0.005988272402513152 0.01101652244056692 0
-0.05980249424354053 0.1088140275709743 0
-0.09489834473795869 0.1243152028199428 0
0.4012362446393646 0.01628761741631903 0
0.3968741284984673 0.01793533660227931 0
0.3953892926277653 0.01382628582540911 0
0.3983127686335649 0.01505695162086407 0
0.1690145860932175 0.01105231136718457 0
0.1677185878955417 0.0127087490489969 0
0.166155417546402 0.01173183548694662 0
0.1675850018198097 0.0113920734270656 0
0.3921260708124035 0.01523807412326589 0
0.3907654099664029 0.01285189692475363 0
0.3930657092564039 0.0140686096508539 0
0.3919155596114035 0.01346025328780377 0
-0.4392655878883291 0.3121847427675064 0
0.1921802664062537 0.01368059327733499 0
0.1902909984662479 0.01250687513800072 0
0.1920663095628878 0.01019335866550142 0
0.1921232879845708 0.01193697597141821 0
0.1920774000654243 0.008495606375567084 0
0.3373735074553034 0.003103231908376204 0
0.1376241526765868 0.02489393567345326 0
0.1378740279594258 0.0183227298838958 0
0.143153860700832 0.01864474810568494 0
0.1403890066887094 0.0217693418895691 0
0.149853450184476 0.009019852124654627 0
0.3273470319521792 0.2762096522726391 0
0.3539743725443806 0.3012417217849469 0
0.04052279879469177 0.0772718771762238 0
0.02042150462050409 0.07715832420116775 0
0.03175864843678274 0.06949593436252288 0
0.03558828598310841 0.01622319546182086 0
0.03435096850922512 0.01954901501205742 0
0.0337920770909456 0.01763409671938276 0
0.2841104058878338 0.01544591329705674 0
0.2829634630709721 0.01326692069387071 0
0.283536934479403 0.01435641699546373 0
0.04124311751885273 0.008392814974095091 0
0.3004221816060177 0.007756145358805831 0
0.2988160335666528 0.009002007171146563 0
0.2989223201697369 0.007672372521265776 0
0.193926909078424 0.1012589655773446 0
0.1957732197514188 0.07561047754383723 0
0.2059614644524309 0.09177381936795753 0
0.1948500644149214 0.0884347215605909 0
0.3035401078398203 0.007676266827222136 0
0.306527726964442 0.009160167428770473 0
0.3036211589192314 0.009772384147407959 0
0.3050339174021311 0.008418217127996305 0
0.3563452799639643 0.01059786691576098 0
0.3582410676064441 0.01188868592366398 0
0.3569783183286102 0.0138022571250069 0
0.3566617991462872 0.01220006202038394 0
0.08800816404517037 0.01194221356687442 0
0.090331313674994 0.0120675876483865 0
0.1269097377936421 0.008552126998164284 0
0.1237984439127245 0.01003356211896608 0
0.1247705966858918 0.008370755005435129 0
0.3419309819481675 0.01368588226508022 0
0.3407610118273733 0.01203036797503952 0
-0.01036665117529885 0.09346317233603797 0
-0.03508457270941969 0.1011385999535061 0
0.2472357394838772 0.008636220852515634 0
0.2216998809181978 0.038047121467635 0
0.2143729953384165 0.03869498750848604 0
0.2175961376463028 0.03291243926539946 0
0.3961575380160864 0.01057011208058971 0
0.396923588586869 0.008952009606353794 0
0.496837920295877 0.007263037314301211 0
0.4960466061328679 0.005487069200956197 0
0.2739197545483631 0.07245891878203208 0
0.2482601807763945 0.06683958472031482 0
0.2643773347062968 0.05955529921479784 0
0.2610899676623789 0.06964925175117344 0
0.2612222176189029 0.05087612927369451 0
0.268346650121231 0.01332965071334948 0
0.2689108177224739 0.0119029718762059 0
0.1289112672493061 0.008771414291233834 0
0.3561353917149256 0.008851992505649643 0
0.3499670776353637 0.06129072908772529 0
0.3400383739811956 0.05402831816820246 0
0.3467728599148465 0.04210778975285064 0
0.3483699687751051 0.05169925942028796 0
0.009910115476968529 0.008074362538858232 0
0.1062220904809307 0.01569834822731258 0
0.1042101710300972 0.01363043999536642 0
0.106252012671219 0.01366977073302485 0
0.4287408772314076 0.1155096990066318 0
0.4286665753973472 0.09890961035187582 0
0.1055432931838043 0.0662983616448781 0
0.2250592949136496 0.09280321229597152 0
0.2360307746401919 0.07204024415152753 0
0.2305450347769207 0.08242172822374953 0
0.2762475047129532 0.01500904907877318 0
0.2733860720495233 0.01521115306740925 0
0.2747255276344263 0.0141205392871284 0
0.1999943231924456 0.05452002572000009 0
0.1978837714719323 0.06506525163191867 0
0.2998977667027987 0.01069431970548191 0
0.2969142976290902 0.01163603279219344 0
0.2978651655978715 0.01031901998167 0
0.390914998895684 0.04655279683406838 0
-0.04874278416511845 0.03473135377136854 0
-0.05372026663634973 0.02155538976647397 0
-0.0396119595008904 0.01614579217354654 0
-0.04417737183300442 0.02543857297245754 0
0.1884249412548738 0.01377035371382677 0
0.1882808124532142 0.01205327389921849 0
0.2124158348572609 0.01033855811896571 0
0.2124248302840587 0.008755279634351822 0
0.2932245006998346 0.01268068499705228 0
0.2900948390747622 0.01266765311652051 0
0.2912971521594859 0.01151776058410102 0
0.171783164479989 0.01202057240614348 0
0.1698852260283703 0.01285395677560615 0
0.1703988752866032 0.01153644188666403 0
0.3123938439676907 0.04367078020195792 0
0.3126091792590547 0.05938503792619385 0
0.3125015116133727 0.05152790906407589 0
0.04656221656873229 0.0269685957647744 0
0.04062518505751139 0.02515462621600262 0
0.04480212493906336 0.02269022032763865 0
-0.3228444061431417 0.1021768430454442 0
-0.3545031899893332 0.0724506350520332 0
0.3126963948414121 0.03140186499440759 0
0.3185979006730866 0.03617768043189408 0
0.3064923381360162 0.03889496476447143 0
0.3125451194045513 0.03753632259818275 0
0.01707371306779996 0.03482197241485893 0
0.02278690870060612 0.0238315096883017 0
0.01993031088420304 0.02932674105158032 0
0.2297751721631392 0.0591846303474234 0
0.2141380557172848 0.04951058670158957 0
0.2261573223326123 0.04672154082149785 0
0.221956613940212 0.05434760852450649 0
0.1635310968092916 0.03626804848145525 0
0.1579237121473848 0.03321488988232624 0
0.02994306444539907 0.2493696835947704 0
-0.003190795225114486 0.2270915258426128 0
-0.06553738173029595 0.04835571595059787 0
0.3363786177552728 0.06630135266204817 0
0.3263996126304002 0.0644163267816508 0
0.3332189933057979 0.05922232247492662 0
0.318903303211255 0.127893628479397 0
0.2928466912671241 0.1295813198804898 0
0.305179916651712 0.1154309958994425 0
0.2908397003074212 0.0151211524634861 0
0.2877494242665161 0.01516708797500826 0
0.2889221316706391 0.01391737054576439 0
0.3415693870261722 0.03679200525496025 0
0.02009608892554052 0.01286360574381374 0
0.02119198141868325 0.01143583322450847 0
0.3352132593536287 0.1405537053496776 0
0.277106102748931 0.1409344695873549 0
0.4053794767009119 0.1340561611765523 0
0.3876800176800335 0.1257979248888925 0
0.2477123371886618 0.2234335106266191 0
0.2440119738895686 0.262466389169387 0
0.2235276212829565 0.2398196246529354 0
0.4470763397378099 0.1442961412950282 0
0.4262279082193609 0.1391761512357902 0
0.1024911572766378 0.01687426254501306 0
0.1018969011615986 0.01445524153904025 0
0.3223296223019636 0.02828969304587064 0
0.3239490318424592 0.03350241055382024 0
0.2841852306031852 0.2745729043179631 0
0.2855915606573619 0.2293274138364463 0
0.3064692963047706 0.2527685330545427 0
0.05902590485669729 0.08955274837232061 0
0.07285222569748274 0.09357668258686849 0
-0.2821024325274971 0.09902329435321774 0
0.223725724666447 0.008440881535729633 0
0.198148827071935 0.03427380687083632 0
0.1909804891951872 0.03630498589855786 0
0.193608869939113 0.03161964697948396 0
0.08669868291184557 0.009916407468848301 0
0.08705621446319817 0.008264952492731422 0
0.2691191039252484 0.2068331697958256 0
0.301015492479612 0.03898249397636337 0
0.3015321101050519 0.009019182678900256 0
0.301981144722919 0.007716206093013983 0
0.2104192227638363 0.01255070831924502 0
0.2114175288105486 0.01144463321910536 0
0.03603680664244069 0.01348893675184641 0
0.1798054977350174 0.1090925069128312 0
0.1926046937971078 0.1168484091778174 0
0.113616652840165 0.2951163013505458 0
0.0957850900038367 0.2498307796248946 0
0.1259541226157467 0.2625997522115888 0
0.3598461157859422 0.01401168339029675 0
0.359868454866216 0.01683079598508884 0
0.357000657408884 0.016621369719799 0
0.3584233865974131 0.01531652655504787 0
0.3599734647336233 0.01234454709221226 0
0.05308727851631221 0.2829909439611879 0
0.06286407722461788 0.2496002316098325 0
0.2390176764697669 0.06301210753386911 0
0.3818109434526361 0.01092948604743815 0
0.3791087881224029 0.01179266840209164 0
0.3803370493374802 0.01063197793142031 0
0.3032033210578491 0.07584167597910171 0
0.3148014668441246 0.07012900138037625 0
0.390051483306469 0.01913172604878467 0
0.3985669564980464 0.02630357662984569 0
0.3943092199022577 0.02271765133931518 0
0.05463385648734778 0.04024449069843847 0
0.04435146752374675 0.03759290969176685 0
0.05059803652804003 0.03360654323160643 0
0.1697292843820792 0.01439749658840317 0
0.1675626462492507 0.01425228886179391 0
0.1687239361388105 0.01355312281870003 0
-0.003297925076499929 0.03978715368600276 0
-0.0154915753392827 0.04464635247240423 0
0.04592326332317268 0.3348351976692746 0
0.007088514647096492 0.3655711445908281 0
0.2824354717711184 0.01231905364973326 0
0.005027426722602617 0.08531074826860285 0
0.1820241898857451 0.03862003295966084 0
0.1727720628814199 0.03758580231406913 0
0.1776749599115712 0.03339535000832849 0
0.3285451859924645 0.01355301745792713 0
0.3264615074513286 0.01471303265788266 0
0.3269148045208264 0.01289614617073253 0
0.09494574532896666 0.1396495487296687 0
0.2885615378031061 0.07415029738056692 0
0.4111433791195442 0.02420106645844357 0
0.4047035704574928 0.0194643372066018 0
0.4048551678087953 0.02525232154414463 0
0.3132935039126988 0.02208404484609276 0
0.3175118618832321 0.02620624344649504 0
0.3129949493770554 0.02674295492025017 0
0.1673832048093186 0.1077049917530384 0
0.001305161218096861 0.02870387373487873 0
0.006887893995650015 0.03730456305043085 0
0.04977435182569453 0.08341231277427219 0
0.2067622208187923 0.03862772640340646 0
0.1999924995967946 0.04102514171501925 0
0.2024555239453636 0.03645076663712139 0
0.1934595415915797 0.04610184183850935 0
0.1877418657386624 0.04236093739908509 0
0.3498189200717517 0.4162759247614291 0
0.2065272811976606 0.04944332559650999 0
0.2104501382680385 0.04406915655249802 0
0.08576297518862028 0.04298790328345651 0
0.3449322387582869 0.07043152485516642 0
0.1671376774777292 0.04398864879579072 0
0.127758371030458 0.03245622012562711 0
0.1229165575223573 0.02950770586870721 0
0.05940488433333685 0.04652844736237395 0
0.2559190624777731 0.2951651328719913 0
0.07976995808166885 0.3149757495099102 0
0.1999934113946201 0.04777258371750967 0
0.2155103796830402 0.09228851583196454 0
0.03655899899754924 0.04323298864041236 0
0.301759462811015 0.01023335192644493 0
0.3204317349724407 0.02071425356638121 0
0.3252494953911722 0.02279770316575682 0
0.3213806786372022 0.02450197330612593 0
0.1326912618535224 0.02867507789954019 0
-0.03382160992056608 0.002523521200354322 0
-0.03182817807169725 0.00387421807612373 0
-0.03239850885300211 0.001937109038061865 0
-0.05612045305650241 0.01077769488323699 0
-0.03774237719087113 0.00230345556775606 0
-0.0437625701055296 0.002542339676333814 0
0.4980011352997945 0.009973551641470381 0
0.4984189601479385 0.008617963391305109 0
0.4873367720733415 0.00964045351715092 0
0.4961977655927015 0.01259625575916467 0
0.4911390064806401 0.0149953988009415 0
0.4936683860366708 0.01379582728005308 0
0.497099450446248 0.01128490370031756 0
0.4822506235946261 0.02562055036014672 0
0.4798539393424909 0.05327689868394214 0
0.4680039399009008 0.02302578190627706 0
0.4768923227869147 0.01240063034707184 0
0.4795714731907704 0.01901059035360927 0
0.473538169868905 0.1429109994616068 0
-0.02745971002140498 0.005223004508234045 0
-0.0295220480126168 0.006010745350965822 0
-0.02964394404655111 0.004548611292178888 0
-0.02944775964199159 0.01196576279850357 0
-0.03505222660054938 0.01259156325315831 0
-0.0351265149711746 0.006636545805620557 0
-0.03228713730658309 0.009301154302062065 0
-0.03643444608102286 0.004470000686688309 0
0.4833261378854896 0.006942683572193221 0
0.4870799928951031 0.006862674106123465 0
0.481527573120503 0.004942810866749038 0
-0.02514636341449956 0.003991176352308692 0
-0.03987517094780975 0.01234528203719414 0
0.4613580998252831 0.0243656117842983 0
0.4545156062548671 0.01710508252095031 0
0.4534246310145065 0.02292283586432855 0
0.412125126287627 0.01733914894880389 0
0.4193222929858511 0.01750306307968176 0
0.4152328360526976 0.02085206476906266 0
0.4204752865902913 0.01213590562020152 0
0.4227563251299031 0.0164034410671871 0
0.4198987897880712 0.01481948434994164 0
0.4233288967518135 0.0120468423554166 0
0.4249689944522517 0.01403848122760333 0
0.4081161318186043 0.01593131259571326 0
0.4109272851155401 0.01465823844136177 0
0.4046761882289845 0.01610946500601615 0
0.3946116236362451 0.01231936086572181 0
0.4372627236450128 0.009718855868654131 0
0.4337093302102683 0.009891829124584762 0
0.421794137673696 0.01109986982683301 0
0.4400687167090894 0.009696966344135086 0
0.4388414137864579 0.008060223584413084 0
0.4429646590127788 0.009801946307894866 0
-0.004803657694055762 0.0239448651828352 0
0.001968264672846452 0.01765882961732725 0
0.001636712945471656 0.02318135167610299 0
-0.01751631803722789 0.01168820624909398 0
-0.02348203883960974 0.01182698452379878 0
0.08215955849786494 0.01644267243470567 0
0.08572567153597042 0.01301202089460483 0
0.08394261501691767 0.01472734666465525 0
0.07480953615798007 0.01467258739874615 0
0.0784845473279225 0.01555762991672591 0
0.08621217722390799 0.01146421418172657 0
0.1076332689867861 0.01963643611600896 0
0.1050622131317119 0.01825534933051101 0
0.07481760670084363 0.01262717292635288 0
0.06486369206795978 0.01779452223570059 0
0.0679763128920028 0.0195993074412612 0
0.05091004106975953 0.01058584380288027 0
0.05106585403116284 0.008740178125886358 0
0.05326779269255712 0.01159716049473821 0
0.06160024579968768 0.01751737423614257 0
0.06355956449457027 0.01608076548603506 0
0.05780085066145889 0.01835113639627174 0
0.1133370389121018 0.01745027349212664 0
0.1104851539494439 0.0185433548040678 0
0.1166483319569443 0.01472593854737183 0
0.1204720879130514 0.01786446274543193 0
0.1169045634125766 0.01765736811877928 0
0.1185364802181626 0.01193463925358261 0
0.1159012912777407 0.01260116077283935 0
0.1206252187941054 0.01186192137847967 0
0.119581763388167 0.01063448776914639 0
0.1228196765338274 0.01384906736492702 0
0.1269609619194974 0.01564692010100344 0
0.1237165249162744 0.01675569142321769 0
0.1233090602232759 0.01194131474194655 0
0.1297492871883502 0.01602141480267787 0
0.1285973201392641 0.01471107592209244 0
0.1346534094234164 0.0181498703742452 0
0.1322013483058833 0.01708564258846153 0
0.1365528761094756 0.01654649414768564 0
0.1425317962315244 0.01507166609378244 0
0.1426169205127131 0.01312784101608599 0
0.1467429335658265 0.01815238210401459 0
0.1446373648986755 0.01661202409889852 0
0.153772718168879 0.01917713118674257 0
0.1502578258673528 0.01866475664537858 0
0.1641669199431987 0.01451442484141253 0
0.1639807252383288 0.01239171528669371 0
0.1562901323074884 0.01644696934909292 0
0.1683200355038188 0.01729035124762315 0
0.1662434777235088 0.01590238804451784 0
0.1731451654010563 0.015291009735595 0
0.1707326004524376 0.01629068049160908 0
0.1761684160047479 0.01406256556613147 0
0.1739757902423684 0.01304156898613748 0
0.178994593798655 0.01611094456928226 0
0.1842593540448908 0.01758700455781055 0
0.1807448226731349 0.01936652116273766 0
0.1791579132345497 0.01354989537755704 0
0.1881765171200009 0.01736214313732154 0
0.1931686285887854 0.01652751430252274 0
0.1910773680004844 0.01945510072212977 0
0.1863421476498823 0.01567867913581866 0
0.1967023424749184 0.01598210671184881 0
0.1944413044405861 0.0148313499945919 0
0.2033156345605517 0.01649688715478992 0
0.2000089885177351 0.01623949693331937 0
0.2068301973923448 0.01375831216043697 0
0.2061386785573425 0.01705955255048099 0
0.2050729159764483 0.01512759965761345 0
0.2098235024670458 0.01450054751910098 0
0.210437870797219 0.01727584037695081 0
0.2281291781562892 0.04012658853982481 0
0.2639504011618343 0.01610987412038272 0
0.2603280541751847 0.01652103425229162 0
0.2664430904259529 0.01602977482201623 0
0.2646498386697901 0.01458060980105702 0
0.2692000526168501 0.01650534710791737 0
0.2687733513690406 0.01491749891063342 0
0.2755024613244343 0.01786169672131224 0
0.2723512569706422 0.0171835219146148 0
0.2776793626959952 0.0165890120185255 0
0.2892781887444674 0.01811050886128816 0
0.2866942973161506 0.01677821107917245 0
0.2958691981103854 0.0166032286346658 0
0.2925736934274264 0.01735686874797698 0
0.2371231376584999 0.01749873910223824 0
0.2427896762903842 0.01907870567424588 0
0.2399564069744421 0.01828872238824206 0
0.2454978638212664 0.01745052803203068 0
0.2285786318713612 0.01283669716531125 0
0.234966910160904 0.01748562663414113 0
0.2326217916846433 0.01815530542525631 0
0.3090474422558965 0.01187910936671985 0
0.3077875846101693 0.01051963839774516 0
0.3109861682707638 0.01239913492060934 0
0.3172428401013002 0.0187942359712968 0
0.3139181328757265 0.0188207600263715 0
0.2086247100780906 0.01315451023984099 0
0.2963917478697379 0.01411963071342962 0
0.352022760468597 0.01824025478576195 0
0.3545117089387405 0.01743081225278047 0
0.3659467184480197 0.01982159654961575 0
0.3629075866571179 0.0183261962673523 0
0.370866188002393 0.01594093573002566 0
0.3706848966809401 0.02009059896461205 0
0.346339306863257 0.01697080364011599 0
0.349181033665927 0.01760552921293897 0
0.3429619066457555 0.01757019916389148 0
0.3402135941579595 0.02040052208270446 0
0.3441351444057122 0.01532834295259811 0
0.3308742410174573 0.01740583797450525 0
0.3311890338386654 0.01446441636941585 0
0.3257242058641321 0.01762177622006809 0
0.3280618682043148 0.02010177057013103 0
0.3228287575240275 0.01718576871555419 0
0.324645132487678 0.01594940068671842 0
0.3820750890955683 0.01351878454647762 0
0.3790776654199165 0.01356890835440209 0
0.3847939803895826 0.01286325902714841 0
0.3833024619211094 0.01189637253729328 0
0.3871310314884338 0.01468711908212002 0
0.3877796951779927 0.01285757797595102 0
0.3885912573974514 0.01690942256545235 0
0.3200357988126639 0.01799000234342549 0
0.03748807678336825 0.02235182061403002 0
0.02342698766073015 0.01904274425911628 0
0.02600994208869328 0.02171421530638042 0
0.02099429971703515 0.01728142736479173 0
0.02344091216227744 0.01660107058918528 0
0.01854243054556032 0.0154370846717831 0
0.006300646752453702 0.01513815798054215 0
0.009499631052107313 0.01428655113018797 0
0.004170987111974376 0.01526039120474029 0
0.004923688750234161 0.01386467112742618 0
-0.001126949326000754 0.01592649747193512 0
0.001522018892986811 0.01559344433833771 0
-0.00415716850541591 0.01578942503812093 0
-0.002602176900075867 0.01417608443856789 0
-0.007994204332975787 0.01924691965157877 0
-0.01529151872731858 0.00933985674178885 0
0.2361105673471521 0.01587498145163337 0
0.4520871429829791 0.01419943527932489 0
0.4501636087970562 0.01278088305581537 0
0.4577495018322038 0.01456459316663643 0
0.4549183224075914 0.01438201422298066 0
0.4608660097594228 0.01541114392321732 0
0.4644349748301618 0.01921846291474719 0
0.4598434157201533 0.01334490338973192 0
0.4747516889842687 0.009967123892729753 0
0.3699179860341012 0.01345201498957596 0
$EndNodes
$Elements
6 6577 1 6577
0 2 15 1
1 2 
1 1 1 8
2 1 10 
3 10 11 
4 11 12 
5 12 13 
6 13 14 
7 14 15 
8 15 16 
9 16 2 
1 2 1 8
10 2 17 
11 17 18 
12 18 19 
13 19 20 
14 20 21 
15 21 22 
16 22 23 
17 23 3 
1 9 1 12
18 8 382 
19 382 383 
20 383 384 
21 384 385 
22 385 386 
23 386 387 
24 387 388 
25 388 389 
26 389 390 
27 390 391 
28 391 392 
29 392 9 
2 1 3 3412
30 548 1177 1181 1180 
31 1177 546 1178 1181 
32 1181 1178 545 1179 
33 1180 1181 1179 547 
34 545 1182 1186 1185 
35 1182 469 1183 1186 
36 1186 1183 462 1184 
37 1185 1186 1184 466 
38 649 1187 1191 1190 
39 1187 635 1188 1191 
40 1191 1188 643 1189 
41 1190 1191 1189 971 
42 644 1192 1195 1194 
43 1192 634 1193 1195 
44 1195 1193 643 1188 
45 1194 1195 1188 635 
46 680 1196 1200 1199 
47 1196 533 1197 1200 
48 1200 1197 677 1198 
49 1199 1200 1198 679 
50 431 1201 1204 1203 
51 1201 29 30 1204 
52 1204 30 31 1202 
53 1203 1204 1202 989 
54 575 1205 1209 1208 
55 1205 594 1206 1209 
56 1209 1206 595 1207 
57 1208 1209 1207 577 
58 915 1210 1214 1213 
59 1210 428 1211 1214 
60 1214 1211 917 1212 
61 1213 1214 1212 916 
62 1143 1215 1219 1218 
63 1215 510 1216 1219 
64 1219 1216 511 1217 
65 1218 1219 1217 527 
66 947 1220 1224 1223 
67 1220 568 1221 1224 
68 1224 1221 505 1222 
69 1223 1224 1222 503 
70 925 1225 1228 1227 
71 1225 315 316 1228 
72 1228 316 317 1226 
73 1227 1228 1226 420 
74 993 1229 1233 1232 
75 1229 575 1230 1233 
76 1233 1230 509 1231 
77 1232 1233 1231 574 
78 504 1234 1238 1237 
79 1234 506 1235 1238 
80 1238 1235 566 1236 
81 1237 1238 1236 941 
82 532 1239 1243 1242 
83 1239 528 1240 1243 
84 1243 1240 499 1241 
85 1242 1243 1241 498 
86 474 1244 1248 1247 
87 1244 510 1245 1248 
88 1248 1245 1166 1246 
89 1247 1248 1246 515 
90 460 1249 1253 1252 
91 1249 465 1250 1253 
92 1253 1250 1112 1251 
93 1252 1253 1251 464 
94 987 1254 1258 1257 
95 1254 605 1255 1258 
96 1258 1255 520 1256 
97 1257 1258 1256 501 
98 549 1259 1263 1262 
99 1259 522 1260 1263 
100 1263 1260 523 1261 
101 1262 1263 1261 529 
102 568 1264 1267 1221 
103 1264 519 1265 1267 
104 1267 1265 507 1266 
105 1221 1267 1266 505 
106 433 1268 1272 1271 
107 1268 432 1269 1272 
108 1272 1269 419 1270 
109 1271 1272 1270 431 
110 1094 1273 1277 1276 
111 1273 784 1274 1277 
112 1277 1274 1166 1275 
113 1276 1277 1275 535 
114 947 1223 1280 1279 
115 1223 503 1278 1280 
116 1280 1278 501 1256 
117 1279 1280 1256 520 
118 1141 1281 1285 1284 
119 1281 620 1282 1285 
120 1285 1282 445 1283 
121 1284 1285 1283 442 
122 524 1286 1290 1289 
123 1286 479 1287 1290 
124 1290 1287 480 1288 
125 1289 1290 1288 495 
126 979 1291 1295 1294 
127 1291 466 1292 1295 
128 1295 1292 467 1293 
129 1294 1295 1293 474 
130 519 1264 1299 1298 
131 1264 568 1296 1299 
132 1299 1296 1031 1297 
133 1298 1299 1297 569 
134 885 1300 1304 1303 
135 1300 603 1301 1304 
136 1304 1301 949 1302 
137 1303 1304 1302 755 
138 481 1305 1309 1308 
139 1305 563 1306 1309 
140 1309 1306 976 1307 
141 1308 1309 1307 482 
142 970 1310 1314 1313 
143 1310 828 1311 1314 
144 1314 1311 986 1312 
145 1313 1314 1312 669 
146 1010 1315 1319 1318 
147 1315 1109 1316 1319 
148 1319 1316 958 1317 
149 1318 1319 1317 420 
150 435 1320 1323 1322 
151 1320 434 1321 1323 
152 1323 1321 432 1268 
153 1322 1323 1268 433 
154 547 1324 1327 1180 
155 1324 1004 1325 1327 
156 1327 1325 935 1326 
157 1180 1327 1326 548 
158 1166 1245 1329 1275 
159 1245 510 1215 1329 
160 1329 1215 1143 1328 
161 1275 1329 1328 535 
162 520 1255 1333 1332 
163 1255 605 1330 1333 
164 1333 1330 621 1331 
165 1332 1333 1331 1142 
166 638 1334 1338 1337 
167 1334 639 1335 1338 
168 1338 1335 1144 1336 
169 1337 1338 1336 423 
170 166 1339 1342 165 
171 1339 668 1340 1342 
172 1342 1340 400 1341 
173 165 1342 1341 164 
174 908 1343 1347 1346 
175 1343 768 1344 1347 
176 1347 1344 1021 1345 
177 1346 1347 1345 981 
178 441 1348 1352 1351 
179 1348 438 1349 1352 
180 1352 1349 983 1350 
181 1351 1352 1350 540 
182 587 1353 1357 1356 
183 1353 586 1354 1357 
184 1357 1354 585 1355 
185 1356 1357 1355 590 
186 536 1358 1362 1361 
187 1358 485 1359 1362 
188 1362 1359 486 1360 
189 1361 1362 1360 629 
190 601 1363 1367 1366 
191 1363 588 1364 1367 
192 1367 1364 587 1365 
193 1366 1367 1365 602 
194 620 1368 1371 1282 
195 1368 452 1369 1371 
196 1371 1369 447 1370 
197 1282 1371 1370 445 
198 548 1372 1375 1177 
199 1372 994 1373 1375 
200 1375 1373 619 1374 
201 1177 1375 1374 546 
202 559 1376 1379 1378 
203 1376 560 1377 1379 
204 1379 1377 563 1305 
205 1378 1379 1305 481 
206 419 1269 1383 1382 
207 1269 432 1380 1383 
208 1383 1380 468 1381 
209 1382 1383 1381 901 
210 1112 1384 1387 1251 
211 1384 476 1385 1387 
212 1387 1385 477 1386 
213 1251 1387 1386 464 
214 1168 1388 1391 1390 
215 1388 632 1389 1391 
216 1391 1389 520 1332 
217 1390 1391 1332 1142 
218 463 1392 1396 1395 
219 1392 1005 1393 1396 
220 1396 1393 966 1394 
221 1395 1396 1394 923 
222 1048 1397 1401 1400 
223 1397 1050 1398 1401 
224 1401 1398 1049 1399 
225 1400 1401 1399 1047 
226 486 1359 1405 1404 
227 1359 485 1402 1405 
228 1405 1402 472 1403 
229 1404 1405 1403 1110 
230 476 1406 1408 1385 
231 1406 481 1308 1408 
232 1408 1308 482 1407 
233 1385 1408 1407 477 
234 614 1409 1412 1411 
235 1409 529 1261 1412 
236 1412 1261 523 1410 
237 1411 1412 1410 531 
238 926 1413 1417 1416 
239 1413 754 1414 1417 
240 1417 1414 1118 1415 
241 1416 1417 1415 855 
242 1113 1418 1421 1420 
243 1418 18 19 1421 
244 1421 19 20 1419 
245 1420 1421 1419 423 
246 1000 1422 1426 1425 
247 1422 1027 1423 1426 
248 1426 1423 727 1424 
249 1425 1426 1424 869 
250 540 1427 1431 1430 
251 1427 894 1428 1431 
252 1431 1428 955 1429 
253 1430 1431 1429 460 
254 552 1432 1436 1435 
255 1432 1104 1433 1436 
256 1436 1433 496 1434 
257 1435 1436 1434 522 
258 461 1437 1441 1440 
259 1437 462 1438 1441 
260 1441 1438 983 1439 
261 1440 1441 1439 437 
262 462 1437 1443 1184 
263 1437 461 1442 1443 
264 1443 1442 467 1292 
265 1184 1443 1292 466 
266 1092 1444 1447 1446 
267 1444 1094 1276 1447 
268 1447 1276 535 1445 
269 1446 1447 1445 1095 
270 496 1448 1450 1434 
271 1448 497 1449 1450 
272 1450 1449 523 1260 
273 1434 1450 1260 522 
274 484 1451 1454 1453 
275 1451 482 1307 1454 
276 1454 1307 976 1452 
277 1453 1454 1452 498 
278 483 1455 1458 1457 
279 1455 910 1456 1458 
280 1458 1456 464 1386 
281 1457 1458 1386 477 
282 922 1459 1462 1461 
283 1459 969 1460 1462 
284 1462 1460 463 1395 
285 1461 1462 1395 923 
286 459 1463 1465 1464 
287 1463 441 1351 1465 
288 1465 1351 540 1430 
289 1464 1465 1430 460 
290 438 1348 1469 1468 
291 1348 441 1466 1469 
292 1469 1466 442 1467 
293 1468 1469 1467 440 
294 437 1470 1473 1472 
295 1470 436 1471 1473 
296 1473 1471 434 1320 
297 1472 1473 1320 435 
298 591 1474 1478 1477 
299 1474 590 1475 1478 
300 1478 1475 1128 1476 
301 1477 1478 1476 747 
302 685 1479 1482 1481 
303 1479 606 1480 1482 
304 1482 1480 621 1330 
305 1481 1482 1330 605 
306 507 1265 1486 1485 
307 1265 519 1483 1486 
308 1486 1483 1122 1484 
309 1485 1486 1484 574 
310 998 1487 1491 1490 
311 1487 953 1488 1491 
312 1491 1488 751 1489 
313 1490 1491 1489 612 
314 544 1492 1496 1495 
315 1492 642 1493 1496 
316 1496 1493 429 1494 
317 1495 1496 1494 945 
318 682 1497 1499 1498 
319 1497 685 1481 1499 
320 1499 1481 605 1254 
321 1498 1499 1254 987 
322 614 1500 1504 1503 
323 1500 1016 1501 1504 
324 1504 1501 1116 1502 
325 1503 1504 1502 615 
326 798 1505 1509 1508 
327 1505 799 1506 1509 
328 1509 1506 970 1507 
329 1508 1509 1507 611 
330 1008 1510 1513 1512 
331 1510 615 1502 1513 
332 1513 1502 1116 1511 
333 1512 1513 1511 1007 
334 980 1514 1517 1516 
335 1514 490 1515 1517 
336 1517 1515 1110 1403 
337 1516 1517 1403 472 
338 474 1518 1520 1244 
339 1518 475 1519 1520 
340 1520 1519 511 1216 
341 1244 1520 1216 510 
342 431 1270 1522 1201 
343 1270 419 1521 1522 
344 1522 1521 27 28 
345 1201 1522 28 29 
346 323 324 1525 1524 
347 324 6 325 1525 
348 1525 325 326 1523 
349 1524 1525 1523 902 
350 850 1526 1530 1529 
351 1526 1013 1527 1530 
352 1530 1527 553 1528 
353 1529 1530 1528 905 
354 872 1531 1535 1534 
355 1531 873 1532 1535 
356 1535 1532 1138 1533 
357 1534 1535 1533 608 
358 441 1463 1537 1466 
359 1463 459 1536 1537 
360 1537 1536 1141 1284 
361 1466 1537 1284 442 
362 27 1521 1540 1539 
363 1521 419 1382 1540 
364 1540 1382 901 1538 
365 1539 1540 1538 633 
366 626 1541 1544 1543 
367 1541 427 1542 1544 
368 1544 1542 15 16 
369 1543 1544 16 2 
370 423 1419 1546 1337 
371 1419 20 21 1546 
372 1546 21 22 1545 
373 1337 1546 1545 638 
374 1113 1547 1548 1418 
375 1547 626 1543 1548 
376 1548 1543 2 17 
377 1418 1548 17 18 
378 564 1549 1553 1552 
379 1549 943 1550 1553 
380 1553 1550 652 1551 
381 1552 1553 1551 653 
382 27 1539 1556 26 
383 1539 633 1554 1556 
384 1556 1554 896 1555 
385 26 1556 1555 25 
386 608 1557 1560 1534 
387 1557 1125 1558 1560 
388 1560 1558 879 1559 
389 1534 1560 1559 872 
390 427 1561 1563 1542 
391 1561 650 1562 1563 
392 1563 1562 13 14 
393 1542 1563 14 15 
394 984 1564 1568 1567 
395 1564 604 1565 1568 
396 1568 1565 985 1566 
397 1567 1568 1566 516 
398 1062 1569 1573 1572 
399 1569 1037 1570 1573 
400 1573 1570 1075 1571 
401 1572 1573 1571 1061 
402 437 1472 1576 1440 
403 1472 435 1574 1576 
404 1576 1574 1101 1575 
405 1440 1576 1575 461 
406 1117 1577 1581 1580 
407 1577 863 1578 1581 
408 1581 1578 929 1579 
409 1580 1581 1579 618 
410 983 1438 1585 1584 
411 1438 462 1582 1585 
412 1585 1582 934 1583 
413 1584 1585 1583 895 
414 433 1586 1588 1322 
415 1586 622 1587 1588 
416 1588 1587 1101 1574 
417 1322 1588 1574 435 
418 1062 1572 1592 1591 
419 1572 1061 1589 1592 
420 1592 1589 1060 1590 
421 1591 1592 1590 838 
422 468 1593 1596 1381 
423 1593 913 1594 1596 
424 1596 1594 656 1595 
425 1381 1596 1595 901 
426 429 1493 1599 1598 
427 1493 642 1597 1599 
428 1599 1597 326 327 
429 1598 1599 327 328 
430 638 1600 1602 1334 
431 1600 656 1594 1602 
432 1602 1594 913 1601 
433 1334 1602 1601 639 
434 1071 1603 1607 1606 
435 1603 826 1604 1607 
436 1607 1604 1081 1605 
437 1606 1607 1605 1080 
438 480 1287 1610 1609 
439 1287 479 1608 1610 
440 1610 1608 1112 1250 
441 1609 1610 1250 465 
442 1085 1611 1615 1614 
443 1611 1084 1612 1615 
444 1615 1612 822 1613 
445 1614 1615 1613 827 
446 524 1289 1619 1618 
447 1289 495 1616 1619 
448 1619 1616 1140 1617 
449 1618 1619 1617 525 
450 579 1620 1624 1623 
451 1620 608 1621 1624 
452 1624 1621 1129 1622 
453 1623 1624 1622 580 
454 1124 1625 1628 1627 
455 1625 1126 1626 1628 
456 1628 1626 879 1558 
457 1627 1628 1558 1125 
458 629 1629 1632 1361 
459 1629 655 1630 1632 
460 1632 1630 958 1631 
461 1361 1632 1631 536 
462 542 1633 1637 1636 
463 1633 1109 1634 1637 
464 1637 1634 972 1635 
465 1636 1637 1635 544 
466 685 1497 1641 1640 
467 1497 682 1638 1641 
468 1641 1638 680 1639 
469 1640 1641 1639 681 
470 680 1199 1644 1639 
471 1199 679 1642 1644 
472 1644 1642 683 1643 
473 1639 1644 1643 681 
474 894 1645 1648 1647 
475 1645 895 1583 1648 
476 1648 1583 934 1646 
477 1647 1648 1646 534 
478 962 1649 1653 1652 
479 1649 898 1650 1653 
480 1653 1650 518 1651 
481 1652 1653 1651 899 
482 724 1654 1658 1657 
483 1654 974 1655 1658 
484 1658 1655 597 1656 
485 1657 1658 1656 973 
486 516 1566 1662 1661 
487 1566 985 1659 1662 
488 1662 1659 1113 1660 
489 1661 1662 1660 640 
490 987 1257 1666 1665 
491 1257 501 1663 1666 
492 1666 1663 500 1664 
493 1665 1666 1664 499 
494 1025 1667 1670 1669 
495 1667 610 1668 1670 
496 1670 1668 522 1259 
497 1669 1670 1259 549 
498 838 1671 1674 1591 
499 1671 1072 1672 1674 
500 1674 1672 1064 1673 
501 1591 1674 1673 1062 
502 651 1675 1677 1676 
503 1675 532 1242 1677 
504 1677 1242 498 1452 
505 1676 1677 1452 976 
506 480 1678 1680 1288 
507 1678 496 1433 1680 
508 1680 1433 1104 1679 
509 1288 1680 1679 495 
510 779 1681 1684 1683 
511 1681 1085 1614 1684 
512 1684 1614 827 1682 
513 1683 1684 1682 512 
514 839 1685 1688 1687 
515 1685 837 1686 1688 
516 1688 1686 838 1590 
517 1687 1688 1590 1060 
518 460 1252 1690 1464 
519 1252 464 1456 1690 
520 1690 1456 910 1689 
521 1464 1690 1689 459 
522 545 1178 1693 1182 
523 1178 546 1691 1693 
524 1693 1691 997 1692 
525 1182 1693 1692 469 
526 504 1237 1697 1696 
527 1237 941 1694 1697 
528 1697 1694 521 1695 
529 1696 1697 1695 502 
530 965 1698 1702 1701 
531 1698 571 1699 1702 
532 1702 1699 991 1700 
533 1701 1702 1700 694 
534 452 1703 1706 1369 
535 1703 609 1704 1706 
536 1706 1704 449 1705 
537 1369 1706 1705 447 
538 786 1707 1711 1710 
539 1707 785 1708 1711 
540 1711 1708 781 1709 
541 1710 1711 1709 782 
542 898 1712 1716 1715 
543 1712 900 1713 1716 
544 1716 1713 936 1714 
545 1715 1716 1714 527 
546 613 1717 1720 1719 
547 1717 751 1488 1720 
548 1720 1488 953 1718 
549 1719 1720 1718 750 
550 931 1721 1725 1724 
551 1721 647 1722 1725 
552 1725 1722 646 1723 
553 1724 1725 1723 648 
554 706 1726 1730 1729 
555 1726 704 1727 1730 
556 1730 1727 703 1728 
557 1729 1730 1728 705 
558 716 1731 1735 1734 
559 1731 712 1732 1735 
560 1735 1732 714 1733 
561 1734 1735 1733 715 
562 1014 1736 1740 1739 
563 1736 793 1737 1740 
564 1740 1737 792 1738 
565 1739 1740 1738 794 
566 1117 1741 1745 1744 
567 1741 775 1742 1745 
568 1745 1742 773 1743 
569 1744 1745 1743 777 
570 795 1746 1749 1748 
571 1746 790 1747 1749 
572 1749 1747 792 1737 
573 1748 1749 1737 793 
574 776 1750 1753 1752 
575 1750 774 1751 1753 
576 1753 1751 773 1742 
577 1752 1753 1742 775 
578 676 1754 1758 1757 
579 1754 675 1755 1758 
580 1758 1755 672 1756 
581 1757 1758 1756 674 
582 703 1727 1762 1761 
583 1727 704 1759 1762 
584 1762 1759 700 1760 
585 1761 1762 1760 702 
586 810 1763 1767 1766 
587 1763 809 1764 1767 
588 1767 1764 808 1765 
589 1766 1767 1765 807 
590 800 1768 1771 1770 
591 1768 792 1747 1771 
592 1771 1747 790 1769 
593 1770 1771 1769 791 
594 713 1772 1776 1775 
595 1772 712 1773 1776 
596 1776 1773 710 1774 
597 1775 1776 1774 711 
598 1015 1777 1780 1779 
599 1777 800 1770 1780 
600 1780 1770 791 1778 
601 1779 1780 1778 798 
602 584 1781 1784 1783 
603 1781 711 1774 1784 
604 1784 1774 710 1782 
605 1783 1784 1782 709 
606 664 1785 1789 1788 
607 1785 659 1786 1789 
608 1789 1786 660 1787 
609 1788 1789 1787 662 
610 707 1790 1794 1793 
611 1790 700 1791 1794 
612 1794 1791 699 1792 
613 1793 1794 1792 698 
614 677 1795 1799 1798 
615 1795 673 1796 1799 
616 1799 1796 672 1797 
617 1798 1799 1797 671 
618 773 1800 1804 1803 
619 1800 772 1801 1804 
620 1804 1801 770 1802 
621 1803 1804 1802 771 
622 785 1805 1808 1708 
623 1805 784 1806 1808 
624 1808 1806 783 1807 
625 1708 1808 1807 781 
626 795 1809 1812 1746 
627 1809 789 1810 1812 
628 1812 1810 788 1811 
629 1746 1812 1811 790 
630 658 1813 1817 1816 
631 1813 661 1814 1817 
632 1817 1814 861 1815 
633 1816 1817 1815 862 
634 810 1818 1822 1821 
635 1818 558 1819 1822 
636 1822 1819 1106 1820 
637 1821 1822 1820 1108 
638 862 1823 1825 1816 
639 1823 660 1786 1825 
640 1825 1786 659 1824 
641 1816 1825 1824 658 
642 710 1826 1828 1782 
643 1826 706 1729 1828 
644 1828 1729 705 1827 
645 1782 1828 1827 709 
646 799 1505 1831 1830 
647 1505 798 1778 1831 
648 1831 1778 791 1829 
649 1830 1831 1829 797 
650 569 1832 1834 1298 
651 1832 570 1833 1834 
652 1834 1833 1122 1483 
653 1298 1834 1483 519 
654 720 1835 1839 1838 
655 1835 721 1836 1839 
656 1839 1836 723 1837 
657 1838 1839 1837 718 
658 750 1840 1844 1843 
659 1840 749 1841 1844 
660 1844 1841 745 1842 
661 1843 1844 1842 748 
662 679 1198 1847 1846 
663 1198 677 1798 1847 
664 1847 1798 671 1845 
665 1846 1847 1845 678 
666 790 1811 1849 1769 
667 1811 788 1848 1849 
668 1849 1848 797 1829 
669 1769 1849 1829 791 
670 807 1765 1853 1852 
671 1765 808 1850 1853 
672 1853 1850 811 1851 
673 1852 1853 1851 805 
674 853 1854 1858 1857 
675 1854 878 1855 1858 
676 1858 1855 716 1856 
677 1857 1858 1856 492 
678 832 1859 1863 1862 
679 1859 824 1860 1863 
680 1863 1860 826 1861 
681 1862 1863 1861 1070 
682 1070 1864 1867 1862 
683 1864 1068 1865 1867 
684 1867 1865 834 1866 
685 1862 1867 1866 832 
686 745 1841 1871 1870 
687 1841 749 1868 1871 
688 1871 1868 488 1869 
689 1870 1871 1869 744 
690 799 1830 1875 1874 
691 1830 797 1872 1875 
692 1875 1872 787 1873 
693 1874 1875 1873 526 
694 805 1851 1879 1878 
695 1851 811 1876 1879 
696 1879 1876 409 1877 
697 1878 1879 1877 804 
698 721 1880 1883 1836 
699 1880 724 1881 1883 
700 1883 1881 881 1882 
701 1836 1883 1882 723 
702 708 1884 1888 1887 
703 1884 491 1885 1888 
704 1888 1885 731 1886 
705 1887 1888 1886 845 
706 1154 1889 1893 1892 
707 1889 1046 1890 1893 
708 1893 1890 1055 1891 
709 1892 1893 1891 1147 
710 700 1759 1896 1791 
711 1759 704 1894 1896 
712 1896 1894 845 1895 
713 1791 1896 1895 699 
714 706 1897 1898 1726 
715 1897 708 1887 1898 
716 1898 1887 845 1894 
717 1726 1898 1894 704 
718 436 1470 1900 1899 
719 1470 437 1439 1900 
720 1900 1439 983 1349 
721 1899 1900 1349 438 
722 668 1339 1903 1902 
723 1339 166 167 1903 
724 1903 167 168 1901 
725 1902 1903 1901 667 
726 1051 1904 1907 1906 
727 1904 58 59 1907 
728 1907 59 60 1905 
729 1906 1907 1905 414 
730 1148 1908 1912 1911 
731 1908 425 1909 1912 
732 1912 1909 1056 1910 
733 1911 1912 1910 1057 
734 880 1913 1916 1915 
735 1913 786 1710 1916 
736 1916 1710 782 1914 
737 1915 1916 1914 883 
738 757 1917 1921 1920 
739 1917 874 1918 1921 
740 1921 1918 730 1919 
741 1920 1921 1919 473 
742 1092 1922 1925 1444 
743 1922 1093 1923 1925 
744 1925 1923 888 1924 
745 1444 1925 1924 1094 
746 693 1926 1930 1929 
747 1926 458 1927 1930 
748 1930 1927 690 1928 
749 1929 1930 1928 691 
750 699 1931 1934 1792 
751 1931 493 1932 1934 
752 1934 1932 697 1933 
753 1792 1934 1933 698 
754 737 1935 1939 1938 
755 1935 732 1936 1939 
756 1939 1936 457 1937 
757 1938 1939 1937 733 
758 743 1940 1944 1943 
759 1940 742 1941 1944 
760 1944 1941 405 1942 
761 1943 1944 1942 741 
762 727 1945 1949 1948 
763 1945 726 1946 1949 
764 1949 1946 599 1947 
765 1948 1949 1947 725 
766 755 1950 1954 1953 
767 1950 754 1951 1954 
768 1954 1951 489 1952 
769 1953 1954 1952 753 
770 723 1955 1958 1837 
771 1955 717 1956 1958 
772 1958 1956 596 1957 
773 1837 1958 1957 718 
774 746 1959 1962 1961 
775 1959 745 1870 1962 
776 1962 1870 744 1960 
777 1961 1962 1960 487 
778 689 1963 1967 1966 
779 1963 687 1964 1967 
780 1967 1964 451 1965 
781 1966 1967 1965 686 
782 678 1845 1971 1970 
783 1845 671 1968 1971 
784 1971 1968 456 1969 
785 1970 1971 1969 670 
786 1060 1972 1975 1687 
787 1972 840 1973 1975 
788 1975 1973 413 1974 
789 1687 1975 1974 839 
790 782 1709 1979 1978 
791 1709 781 1976 1979 
792 1979 1976 513 1977 
793 1978 1979 1977 780 
794 1068 1980 1983 1865 
795 1980 835 1981 1983 
796 1983 1981 412 1982 
797 1865 1983 1982 834 
798 806 1984 1987 1986 
799 1984 805 1878 1987 
800 1987 1878 804 1985 
801 1986 1987 1985 557 
802 815 1988 1992 1991 
803 1988 814 1989 1992 
804 1992 1989 813 1990 
805 1991 1992 1990 530 
806 771 1802 1996 1995 
807 1802 770 1993 1996 
808 1996 1993 769 1994 
809 1995 1996 1994 408 
810 797 1848 1999 1872 
811 1848 788 1997 1999 
812 1999 1997 416 1998 
813 1872 1999 1998 787 
814 1093 2000 2004 2003 
815 2000 803 2001 2004 
816 2004 2001 410 2002 
817 2003 2004 2002 802 
818 712 1731 2006 1773 
819 1731 716 1855 2006 
820 2006 1855 878 2005 
821 1773 2006 2005 710 
822 688 2007 2011 2010 
823 2007 858 2008 2011 
824 2011 2008 443 2009 
825 2010 2011 2009 758 
826 50 2012 2015 49 
827 2012 425 2013 2015 
828 2015 2013 1149 2014 
829 49 2015 2014 48 
830 48 2014 2018 47 
831 2014 1149 2016 2018 
832 2018 2016 426 2017 
833 47 2018 2017 46 
834 734 2019 2023 2022 
835 2019 739 2020 2023 
836 2023 2020 454 2021 
837 2022 2023 2021 847 
838 771 2024 2026 1803 
839 2024 846 2025 2026 
840 2026 2025 777 1743 
841 1803 2026 1743 773 
842 319 2027 2028 318 
843 2027 1010 1318 2028 
844 2028 1318 420 1226 
845 318 2028 1226 317 
846 735 2029 2032 2031 
847 2029 734 2022 2032 
848 2032 2022 847 2030 
849 2031 2032 2030 736 
850 812 2033 2037 2036 
851 2033 617 2034 2037 
852 2037 2034 863 2035 
853 2036 2037 2035 846 
854 52 2038 2039 51 
855 2038 1056 1909 2039 
856 2039 1909 425 2012 
857 51 2039 2012 50 
858 54 2040 2042 53 
859 2040 418 2041 2042 
860 2042 2041 1056 2038 
861 53 2042 2038 52 
862 401 2043 2047 2046 
863 2043 844 2044 2047 
864 2047 2044 675 2045 
865 2046 2047 2045 867 
866 64 2048 2051 63 
867 2048 841 2049 2051 
868 2051 2049 1044 2050 
869 63 2051 2050 62 
870 62 2050 2053 61 
871 2050 1044 2052 2053 
872 2053 2052 414 1905 
873 61 2053 1905 60 
874 200 2054 2057 199 
875 2054 695 2055 2057 
876 2057 2055 455 2056 
877 199 2057 2056 198 
878 220 2058 2060 219 
879 2058 690 1927 2060 
880 2060 1927 458 2059 
881 219 2060 2059 218 
882 194 2061 2064 193 
883 2061 453 2062 2064 
884 2064 2062 670 2063 
885 193 2064 2063 192 
886 182 2065 2068 181 
887 2065 696 2066 2068 
888 2068 2066 686 2067 
889 181 2068 2067 180 
890 176 2069 2071 175 
891 2069 758 2009 2071 
892 2071 2009 443 2070 
893 175 2071 2070 174 
894 174 2070 2074 173 
895 2070 443 2072 2074 
896 2074 2072 760 2073 
897 173 2074 2073 172 
898 240 2075 2077 239 
899 2075 697 1932 2077 
900 2077 1932 493 2076 
901 239 2077 2076 238 
902 212 2078 2081 211 
903 2078 739 2079 2081 
904 2081 2079 457 2080 
905 211 2081 2080 210 
906 214 2082 2083 213 
907 2082 454 2020 2083 
908 2083 2020 739 2078 
909 213 2083 2078 212 
910 198 2056 2086 197 
911 2056 455 2084 2086 
912 2086 2084 728 2085 
913 197 2086 2085 196 
914 252 2087 2090 251 
915 2087 729 2088 2090 
916 2090 2088 762 2089 
917 251 2090 2089 250 
918 260 2091 2093 259 
919 2091 725 1947 2093 
920 2093 1947 599 2092 
921 259 2093 2092 258 
922 246 2094 2097 245 
923 2094 717 2095 2097 
924 2097 2095 404 2096 
925 245 2097 2096 244 
926 210 2080 2099 209 
927 2080 457 1936 2099 
928 2099 1936 732 2098 
929 209 2099 2098 208 
930 266 2100 2102 265 
931 2100 741 1942 2102 
932 2102 1942 405 2101 
933 265 2102 2101 264 
934 262 2103 2105 261 
935 2103 740 2104 2105 
936 2105 2104 725 2091 
937 261 2105 2091 260 
938 224 2106 2109 223 
939 2106 403 2107 2109 
940 2109 2107 766 2108 
941 223 2109 2108 222 
942 208 2098 2112 207 
943 2098 732 2110 2112 
944 2112 2110 761 2111 
945 207 2112 2111 206 
946 282 2113 2116 281 
947 2113 756 2114 2116 
948 2116 2114 753 2115 
949 281 2116 2115 280 
950 238 2076 2119 237 
951 2076 493 2117 2119 
952 2119 2117 731 2118 
953 237 2119 2118 236 
954 180 2067 2121 179 
955 2067 686 1965 2121 
956 2121 1965 451 2120 
957 179 2121 2120 178 
958 264 2101 2123 263 
959 2101 405 2122 2123 
960 2123 2122 740 2103 
961 263 2123 2103 262 
962 276 2124 2127 275 
963 2124 752 2125 2127 
964 2127 2125 487 2126 
965 275 2127 2126 274 
966 272 2128 2130 271 
967 2128 744 1869 2130 
968 2130 1869 488 2129 
969 271 2130 2129 270 
970 278 2131 2133 277 
971 2131 489 2132 2133 
972 2133 2132 752 2124 
973 277 2133 2124 276 
974 274 2126 2134 273 
975 2126 487 1960 2134 
976 2134 1960 744 2128 
977 273 2134 2128 272 
978 280 2115 2135 279 
979 2115 753 1952 2135 
980 2135 1952 489 2131 
981 279 2135 2131 278 
982 270 2129 2138 269 
983 2129 488 2136 2138 
984 2138 2136 759 2137 
985 269 2138 2137 268 
986 284 2139 2141 283 
987 2139 406 2140 2141 
988 2141 2140 756 2113 
989 283 2141 2113 282 
990 172 2073 2144 171 
991 2073 760 2142 2144 
992 2144 2142 450 2143 
993 171 2144 2143 170 
994 254 2145 2147 253 
995 2145 473 2146 2147 
996 2147 2146 729 2087 
997 253 2147 2087 252 
998 248 2148 2149 247 
999 2148 596 1956 2149 
1000 2149 1956 717 2094 
1001 247 2149 2094 246 
1002 256 2150 2151 255 
1003 2150 757 1920 2151 
1004 2151 1920 473 2145 
1005 255 2151 2145 254 
1006 206 2111 2154 205 
1007 2111 761 2152 2154 
1008 2154 2152 402 2153 
1009 205 2154 2153 204 
1010 268 2137 2156 267 
1011 2137 759 2155 2156 
1012 2156 2155 741 2100 
1013 267 2156 2100 266 
1014 216 2157 2159 215 
1015 2157 765 2158 2159 
1016 2159 2158 454 2082 
1017 215 2159 2082 214 
1018 242 2160 2162 241 
1019 2160 764 2161 2162 
1020 2162 2161 697 2075 
1021 241 2162 2075 240 
1022 244 2096 2164 243 
1023 2096 404 2163 2164 
1024 2164 2163 764 2160 
1025 243 2164 2160 242 
1026 258 2092 2166 257 
1027 2092 599 2165 2166 
1028 2166 2165 757 2150 
1029 257 2166 2150 256 
1030 236 2118 2168 235 
1031 2118 731 1885 2168 
1032 2168 1885 491 2167 
1033 235 2168 2167 234 
1034 250 2089 2170 249 
1035 2089 762 2169 2170 
1036 2170 2169 596 2148 
1037 249 2170 2148 248 
1038 222 2108 2172 221 
1039 2108 766 2171 2172 
1040 2172 2171 690 2058 
1041 221 2172 2058 220 
1042 218 2059 2174 217 
1043 2059 458 2173 2174 
1044 2174 2173 765 2157 
1045 217 2174 2157 216 
1046 196 2085 2176 195 
1047 2085 728 2175 2176 
1048 2176 2175 453 2061 
1049 195 2176 2061 194 
1050 192 2063 2178 191 
1051 2063 670 1969 2178 
1052 2178 1969 456 2177 
1053 191 2178 2177 190 
1054 204 2153 2181 203 
1055 2153 402 2179 2181 
1056 2181 2179 767 2180 
1057 203 2181 2180 202 
1058 184 2182 2184 183 
1059 2182 401 2183 2184 
1060 2184 2183 696 2065 
1061 183 2184 2065 182 
1062 178 2120 2186 177 
1063 2120 451 2185 2186 
1064 2186 2185 758 2069 
1065 177 2186 2069 176 
1066 190 2177 2189 189 
1067 2177 456 2187 2189 
1068 2189 2187 763 2188 
1069 189 2189 2188 188 
1070 202 2180 2191 201 
1071 2180 767 2190 2191 
1072 2191 2190 695 2054 
1073 201 2191 2054 200 
1074 66 2192 2194 65 
1075 2192 842 2193 2194 
1076 2194 2193 841 2048 
1077 65 2194 2048 64 
1078 170 2143 2196 169 
1079 2143 450 2195 2196 
1080 2196 2195 667 1901 
1081 169 2196 1901 168 
1082 68 2197 2199 67 
1083 2197 413 2198 2199 
1084 2199 2198 842 2192 
1085 67 2199 2192 66 
1086 70 2200 2201 69 
1087 2200 839 1974 2201 
1088 2201 1974 413 2197 
1089 69 2201 2197 68 
1090 72 2202 2203 71 
1091 2202 837 1685 2203 
1092 2203 1685 839 2200 
1093 71 2203 2200 70 
1094 74 2204 2206 73 
1095 2204 836 2205 2206 
1096 2206 2205 837 2202 
1097 73 2206 2202 72 
1098 96 2207 2210 95 
1099 2207 778 2208 2210 
1100 2210 2208 512 2209 
1101 95 2210 2209 94 
1102 80 2211 2213 79 
1103 2211 834 1982 2213 
1104 2213 1982 412 2212 
1105 79 2213 2212 78 
1106 78 2212 2216 77 
1107 2212 412 2214 2216 
1108 2216 2214 843 2215 
1109 77 2216 2215 76 
1110 110 2217 2219 109 
1111 2217 780 1977 2219 
1112 2219 1977 513 2218 
1113 109 2219 2218 108 
1114 92 2220 2222 91 
1115 2220 827 1613 2222 
1116 2222 1613 822 2221 
1117 91 2222 2221 90 
1118 86 2223 2226 85 
1119 2223 825 2224 2226 
1120 2226 2224 824 2225 
1121 85 2226 2225 84 
1122 76 2215 2228 75 
1123 2215 843 2227 2228 
1124 2228 2227 836 2204 
1125 75 2228 2204 74 
1126 118 2229 2231 117 
1127 2229 557 1985 2231 
1128 2231 1985 804 2230 
1129 117 2231 2230 116 
1130 144 2232 2235 143 
1131 2232 817 2233 2235 
1132 2235 2233 530 2234 
1133 143 2235 2234 142 
1134 158 2236 2238 157 
1135 2236 526 1873 2238 
1136 2238 1873 787 2237 
1137 157 2238 2237 156 
1138 128 2239 2242 127 
1139 2239 769 2240 2242 
1140 2242 2240 555 2241 
1141 127 2242 2241 126 
1142 142 2234 2244 141 
1143 2234 530 1990 2244 
1144 2244 1990 813 2243 
1145 141 2244 2243 140 
1146 88 2245 2247 87 
1147 2245 411 2246 2247 
1148 2247 2246 825 2223 
1149 87 2247 2223 86 
1150 148 2248 2251 147 
1151 2248 820 2249 2251 
1152 2251 2249 407 2250 
1153 147 2251 2250 146 
1154 136 2252 2255 135 
1155 2252 801 2253 2255 
1156 2255 2253 617 2254 
1157 135 2255 2254 134 
1158 108 2218 2258 107 
1159 2218 513 2256 2258 
1160 2258 2256 831 2257 
1161 107 2258 2257 106 
1162 130 2259 2260 129 
1163 2259 408 1994 2260 
1164 2260 1994 769 2239 
1165 129 2260 2239 128 
1166 156 2237 2262 155 
1167 2237 787 1998 2262 
1168 2262 1998 416 2261 
1169 155 2262 2261 154 
1170 152 2263 2266 151 
1171 2263 818 2264 2266 
1172 2266 2264 550 2265 
1173 151 2266 2265 150 
1174 134 2254 2268 133 
1175 2254 617 2033 2268 
1176 2268 2033 812 2267 
1177 133 2268 2267 132 
1178 138 2269 2271 137 
1179 2269 417 2270 2271 
1180 2271 2270 801 2252 
1181 137 2271 2252 136 
1182 122 2272 2275 121 
1183 2272 415 2273 2275 
1184 2275 2273 819 2274 
1185 121 2275 2274 120 
1186 104 2276 2279 103 
1187 2276 514 2277 2279 
1188 2279 2277 802 2278 
1189 103 2279 2278 102 
1190 154 2261 2281 153 
1191 2261 416 2280 2281 
1192 2281 2280 818 2263 
1193 153 2281 2263 152 
1194 98 2282 2284 97 
1195 2282 816 2283 2284 
1196 2284 2283 778 2207 
1197 97 2284 2207 96 
1198 94 2209 2285 93 
1199 2209 512 1682 2285 
1200 2285 1682 827 2220 
1201 93 2285 2220 92 
1202 124 2286 2288 123 
1203 2286 829 2287 2288 
1204 2288 2287 415 2272 
1205 123 2288 2272 122 
1206 150 2265 2290 149 
1207 2265 550 2289 2290 
1208 2290 2289 820 2248 
1209 149 2290 2248 148 
1210 132 2267 2292 131 
1211 2267 812 2291 2292 
1212 2292 2291 408 2259 
1213 131 2292 2259 130 
1214 120 2274 2294 119 
1215 2274 819 2293 2294 
1216 2294 2293 557 2229 
1217 119 2294 2229 118 
1218 146 2250 2296 145 
1219 2250 407 2295 2296 
1220 2296 2295 817 2232 
1221 145 2296 2232 144 
1222 140 2243 2298 139 
1223 2243 813 2297 2298 
1224 2298 2297 417 2269 
1225 139 2298 2269 138 
1226 126 2241 2300 125 
1227 2241 555 2299 2300 
1228 2300 2299 829 2286 
1229 125 2300 2286 124 
1230 160 2301 2303 159 
1231 2301 828 2302 2303 
1232 2303 2302 526 2236 
1233 159 2303 2236 158 
1234 82 2304 2305 81 
1235 2304 832 1866 2305 
1236 2305 1866 834 2211 
1237 81 2305 2211 80 
1238 116 2230 2307 115 
1239 2230 804 1877 2307 
1240 2307 1877 409 2306 
1241 115 2307 2306 114 
1242 114 2306 2310 113 
1243 2306 409 2308 2310 
1244 2310 2308 833 2309 
1245 113 2310 2309 112 
1246 106 2257 2312 105 
1247 2257 831 2311 2312 
1248 2312 2311 514 2276 
1249 105 2312 2276 104 
1250 100 2313 2315 99 
1251 2313 410 2314 2315 
1252 2315 2314 816 2282 
1253 99 2315 2282 98 
1254 102 2278 2316 101 
1255 2278 802 2002 2316 
1256 2316 2002 410 2313 
1257 101 2316 2313 100 
1258 90 2221 2318 89 
1259 2221 822 2317 2318 
1260 2318 2317 411 2245 
1261 89 2318 2245 88 
1262 112 2309 2320 111 
1263 2309 833 2319 2320 
1264 2320 2319 780 2217 
1265 111 2320 2217 110 
1266 84 2225 2321 83 
1267 2225 824 1859 2321 
1268 2321 1859 832 2304 
1269 83 2321 2304 82 
1270 1091 2322 2324 2323 
1271 2322 803 2000 2324 
1272 2324 2000 1093 1922 
1273 2323 2324 1922 1092 
1274 1075 2325 2327 1571 
1275 2325 1059 2326 2327 
1276 2327 2326 1060 1589 
1277 1571 2327 1589 1061 
1278 698 1933 2330 2329 
1279 1933 697 2161 2330 
1280 2330 2161 764 2328 
1281 2329 2330 2328 701 
1282 691 1928 2333 2332 
1283 1928 690 2171 2333 
1284 2333 2171 766 2331 
1285 2332 2333 2331 692 
1286 874 1917 2335 2334 
1287 1917 757 2165 2335 
1288 2335 2165 599 1946 
1289 2334 2335 1946 726 
1290 845 1886 2336 1895 
1291 1886 731 2117 2336 
1292 2336 2117 493 1931 
1293 1895 2336 1931 699 
1294 733 1937 2338 2337 
1295 1937 457 2079 2338 
1296 2338 2079 739 2019 
1297 2337 2338 2019 734 
1298 718 1957 2341 2340 
1299 1957 596 2169 2341 
1300 2341 2169 762 2339 
1301 2340 2341 2339 719 
1302 671 1797 2343 1968 
1303 1797 672 2342 2343 
1304 2343 2342 763 2187 
1305 1968 2343 2187 456 
1306 687 2344 2345 1964 
1307 2344 688 2010 2345 
1308 2345 2010 758 2185 
1309 1964 2345 2185 451 
1310 781 1807 2347 1976 
1311 1807 783 2346 2347 
1312 2347 2346 831 2256 
1313 1976 2347 2256 513 
1314 788 1810 2349 1997 
1315 1810 789 2348 2349 
1316 2349 2348 818 2280 
1317 1997 2349 2280 416 
1318 846 2024 2350 2036 
1319 2024 771 1995 2350 
1320 2350 1995 408 2291 
1321 2036 2350 2291 812 
1322 1040 2351 2354 2353 
1323 2351 1041 2352 2354 
1324 2354 2352 1044 2049 
1325 2353 2354 2049 841 
1326 1069 2355 2357 2356 
1327 2355 1070 1861 2357 
1328 2357 1861 826 1603 
1329 2356 2357 1603 1071 
1330 856 2358 2361 2360 
1331 2358 857 2359 2361 
1332 2361 2359 858 2007 
1333 2360 2361 2007 688 
1334 44 2362 2365 43 
1335 2362 1152 2363 2365 
1336 2365 2363 430 2364 
1337 43 2365 2364 42 
1338 46 2017 2367 45 
1339 2017 426 2366 2367 
1340 2367 2366 1152 2362 
1341 45 2367 2362 44 
1342 873 1531 2371 2370 
1343 1531 872 2368 2371 
1344 2371 2368 871 2369 
1345 2370 2371 2369 730 
1346 841 2193 2374 2353 
1347 2193 842 2372 2374 
1348 2374 2372 1042 2373 
1349 2353 2374 2373 1040 
1350 829 2299 2378 2377 
1351 2299 555 2375 2378 
1352 2378 2375 849 2376 
1353 2377 2378 2376 830 
1354 672 1755 2380 2342 
1355 1755 675 2044 2380 
1356 2380 2044 844 2379 
1357 2342 2380 2379 763 
1358 1072 2381 2384 1672 
1359 2381 1065 2382 2384 
1360 2384 2382 1066 2383 
1361 1672 2384 2383 1064 
1362 824 2224 2386 1860 
1363 2224 825 2385 2386 
1364 2386 2385 1081 1604 
1365 1860 2386 1604 826 
1366 885 2387 2391 2390 
1367 2387 903 2388 2391 
1368 2391 2388 665 2389 
1369 2390 2391 2389 886 
1370 1017 2392 2396 2395 
1371 2392 1018 2393 2396 
1372 2396 2393 559 2394 
1373 2395 2396 2394 561 
1374 802 2277 2398 2003 
1375 2277 514 2397 2398 
1376 2398 2397 888 1923 
1377 2003 2398 1923 1093 
1378 878 1854 2401 2400 
1379 1854 853 2399 2401 
1380 2401 2399 491 1884 
1381 2400 2401 1884 708 
1382 186 2402 2403 185 
1383 2402 844 2043 2403 
1384 2403 2043 401 2182 
1385 185 2403 2182 184 
1386 188 2188 2404 187 
1387 2188 763 2379 2404 
1388 2404 2379 844 2402 
1389 187 2404 2402 186 
1390 512 2208 2407 1683 
1391 2208 778 2405 2407 
1392 2407 2405 1089 2406 
1393 1683 2407 2406 779 
1394 542 2408 2410 1633 
1395 2408 538 2409 2410 
1396 2410 2409 958 1316 
1397 1633 2410 1316 1109 
1398 715 2411 2413 1734 
1399 2411 884 2412 2413 
1400 2413 2412 492 1856 
1401 1734 2413 1856 716 
1402 232 2414 2416 231 
1403 2414 853 1857 2416 
1404 2416 1857 492 2415 
1405 231 2416 2415 230 
1406 234 2167 2417 233 
1407 2167 491 2399 2417 
1408 2417 2399 853 2414 
1409 233 2417 2414 232 
1410 411 2317 2420 2419 
1411 2317 822 1612 2420 
1412 2420 1612 1084 2418 
1413 2419 2420 2418 823 
1414 1051 1906 2424 2423 
1415 1906 414 2421 2424 
1416 2424 2421 1045 2422 
1417 2423 2424 2422 1047 
1418 840 2425 2426 1973 
1419 2425 1042 2372 2426 
1420 2426 2372 842 2198 
1421 1973 2426 2198 413 
1422 770 2427 2428 1993 
1423 2427 849 2375 2428 
1424 2428 2375 555 2240 
1425 1993 2428 2240 769 
1426 814 2429 2431 1989 
1427 2429 851 2430 2431 
1428 2431 2430 417 2297 
1429 1989 2431 2297 813 
1430 830 2432 2434 2377 
1431 2432 852 2433 2434 
1432 2434 2433 415 2287 
1433 2377 2434 2287 829 
1434 803 2435 2437 2001 
1435 2435 1090 2436 2437 
1436 2437 2436 816 2314 
1437 2001 2437 2314 410 
1438 574 1231 2440 1485 
1439 1231 509 2438 2440 
1440 2440 2438 508 2439 
1441 1485 2440 2439 507 
1442 875 2441 2443 2442 
1443 2441 873 2370 2443 
1444 2443 2370 730 1918 
1445 2442 2443 1918 874 
1446 995 2444 2448 2447 
1447 2444 572 2445 2448 
1448 2448 2445 1026 2446 
1449 2447 2448 2446 848 
1450 291 2449 2452 290 
1451 2449 657 2450 2452 
1452 2452 2450 589 2451 
1453 290 2452 2451 5 
1454 760 2072 2455 2454 
1455 2072 443 2008 2455 
1456 2455 2008 858 2453 
1457 2454 2455 2453 889 
1458 884 2411 2459 2458 
1459 2411 715 2456 2459 
1460 2459 2456 906 2457 
1461 2458 2459 2457 892 
1462 473 1919 2461 2146 
1463 1919 730 2369 2461 
1464 2461 2369 871 2460 
1465 2146 2461 2460 729 
1466 658 1824 2465 2464 
1467 1824 659 2462 2465 
1468 2465 2462 868 2463 
1469 2464 2465 2463 589 
1470 823 2466 2467 2419 
1471 2466 1081 2385 2467 
1472 2467 2385 825 2246 
1473 2419 2467 2246 411 
1474 1090 2468 2469 2436 
1475 2468 1089 2405 2469 
1476 2469 2405 778 2283 
1477 2436 2469 2283 816 
1478 708 1897 2470 2400 
1479 1897 706 1826 2470 
1480 2470 1826 710 2005 
1481 2400 2470 2005 878 
1482 861 2471 2475 2474 
1483 2471 921 2472 2475 
1484 2475 2472 630 2473 
1485 2474 2475 2473 1032 
1486 725 2104 2477 1948 
1487 2104 740 2476 2477 
1488 2477 2476 869 1424 
1489 1948 2477 1424 727 
1490 530 2233 2480 1991 
1491 2233 817 2478 2480 
1492 2480 2478 876 2479 
1493 1991 2480 2479 815 
1494 719 2339 2482 2481 
1495 2339 762 2088 2482 
1496 2482 2088 729 2460 
1497 2481 2482 2460 871 
1498 742 2483 2484 1941 
1499 2483 869 2476 2484 
1500 2484 2476 740 2122 
1501 1941 2484 2122 405 
1502 821 2485 2487 2486 
1503 2485 876 2478 2487 
1504 2487 2478 817 2295 
1505 2486 2487 2295 407 
1506 557 2293 2490 1986 
1507 2293 819 2488 2490 
1508 2490 2488 877 2489 
1509 1986 2490 2489 806 
1510 718 2340 2493 1838 
1511 2340 719 2491 2493 
1512 2493 2491 879 2492 
1513 1838 2493 2492 720 
1514 1117 1744 2494 1577 
1515 1744 777 2025 2494 
1516 2494 2025 846 2035 
1517 1577 2494 2035 863 
1518 58 1904 2497 57 
1519 1904 1051 2495 2497 
1520 2497 2495 1052 2496 
1521 57 2497 2496 56 
1522 230 2415 2499 229 
1523 2415 492 2412 2499 
1524 2499 2412 884 2498 
1525 229 2499 2498 228 
1526 872 1559 2500 2368 
1527 1559 879 2491 2500 
1528 2500 2491 719 2481 
1529 2368 2500 2481 871 
1530 661 1813 2502 2501 
1531 1813 658 2464 2502 
1532 2502 2464 589 2450 
1533 2501 2502 2450 657 
1534 879 1626 2505 2492 
1535 1626 1126 2503 2505 
1536 2505 2503 722 2504 
1537 2492 2505 2504 720 
1538 1057 1910 2508 2507 
1539 1910 1056 2041 2508 
1540 2508 2041 418 2506 
1541 2507 2508 2506 1054 
1542 883 2509 2511 1915 
1543 2509 811 1850 2511 
1544 2511 1850 808 2510 
1545 1915 2511 2510 880 
1546 717 1955 2513 2095 
1547 1955 723 1882 2513 
1548 2513 1882 881 2512 
1549 2095 2513 2512 404 
1550 819 2273 2515 2488 
1551 2273 415 2433 2515 
1552 2515 2433 852 2514 
1553 2488 2515 2514 877 
1554 425 1908 2518 2013 
1555 1908 1148 2516 2518 
1556 2518 2516 1150 2517 
1557 2013 2518 2517 1149 
1558 1151 2519 2521 2520 
1559 2519 426 2016 2521 
1560 2521 2016 1149 2517 
1561 2520 2521 2517 1150 
1562 5 2451 2523 289 
1563 2451 589 2463 2523 
1564 2523 2463 868 2522 
1565 289 2523 2522 288 
1566 857 2524 2526 2359 
1567 2524 562 2525 2526 
1568 2526 2525 889 2453 
1569 2359 2526 2453 858 
1570 741 2155 2529 1943 
1571 2155 759 2527 2529 
1572 2529 2527 882 2528 
1573 1943 2529 2528 743 
1574 780 2319 2531 1978 
1575 2319 833 2530 2531 
1576 2531 2530 883 1914 
1577 1978 2531 1914 782 
1578 659 1785 2534 2462 
1579 1785 664 2532 2534 
1580 2534 2532 891 2533 
1581 2462 2534 2533 868 
1582 701 2328 2536 2535 
1583 2328 764 2163 2536 
1584 2536 2163 404 2512 
1585 2535 2536 2512 881 
1586 749 2537 2538 1868 
1587 2537 882 2527 2538 
1588 2538 2527 759 2136 
1589 1868 2538 2136 488 
1590 811 2509 2539 1876 
1591 2509 883 2530 2539 
1592 2539 2530 833 2308 
1593 1876 2539 2308 409 
1594 1083 2540 2543 2542 
1595 2540 1084 1611 2543 
1596 2543 1611 1085 2541 
1597 2542 2543 2541 1086 
1598 406 2139 2546 2545 
1599 2139 284 285 2546 
1600 2546 285 286 2544 
1601 2545 2546 2544 891 
1602 403 2106 2549 2548 
1603 2106 224 225 2549 
1604 2549 225 226 2547 
1605 2548 2549 2547 892 
1606 1041 2550 2551 2352 
1607 2550 1045 2421 2551 
1608 2551 2421 414 2052 
1609 2352 2551 2052 1044 
1610 753 2114 2553 1953 
1611 2114 756 2552 2553 
1612 2553 2552 885 1303 
1613 1953 2553 1303 755 
1614 692 2331 2556 2555 
1615 2331 766 2107 2556 
1616 2556 2107 403 2554 
1617 2555 2556 2554 887 
1618 783 2557 2558 2346 
1619 2557 888 2397 2558 
1620 2558 2397 514 2311 
1621 2346 2558 2311 831 
1622 847 2021 2561 2560 
1623 2021 454 2158 2561 
1624 2561 2158 765 2559 
1625 2560 2561 2559 890 
1626 288 2522 2562 287 
1627 2522 868 2533 2562 
1628 2562 2533 891 2544 
1629 287 2562 2544 286 
1630 1170 2563 2566 2565 
1631 2563 430 2363 2566 
1632 2566 2363 1152 2564 
1633 2565 2566 2564 1153 
1634 458 1926 2568 2173 
1635 1926 693 2567 2568 
1636 2568 2567 890 2559 
1637 2173 2568 2559 765 
1638 426 2519 2570 2366 
1639 2519 1151 2569 2570 
1640 2570 2569 1153 2564 
1641 2366 2570 2564 1152 
1642 1067 2571 2574 2573 
1643 2571 1066 2382 2574 
1644 2574 2382 1065 2572 
1645 2573 2574 2572 835 
1646 651 2575 2578 2577 
1647 2575 653 1551 2578 
1648 2578 1551 652 2576 
1649 2577 2578 2576 975 
1650 56 2496 2580 55 
1651 2496 1052 2579 2580 
1652 2580 2579 418 2040 
1653 55 2580 2040 54 
1654 860 2581 2584 2583 
1655 2581 661 2501 2584 
1656 2584 2501 657 2582 
1657 2583 2584 2582 859 
1658 524 1618 2588 2587 
1659 1618 525 2585 2588 
1660 2588 2585 1015 2586 
1661 2587 2588 2586 625 
1662 228 2498 2589 227 
1663 2498 884 2458 2589 
1664 2589 2458 892 2547 
1665 227 2589 2547 226 
1666 712 1772 2592 1732 
1667 1772 713 2590 2592 
1668 2592 2590 914 2591 
1669 1732 2592 2591 714 
1670 896 1554 2594 2593 
1671 1554 633 1538 2594 
1672 2594 1538 901 1595 
1673 2593 2594 1595 656 
1674 696 2183 2597 2596 
1675 2183 401 2046 2597 
1676 2597 2046 867 2595 
1677 2596 2597 2595 893 
1678 686 2066 2599 1966 
1679 2066 696 2596 2599 
1680 2599 2596 893 2598 
1681 1966 2599 2598 689 
1682 688 2344 2602 2360 
1683 2344 687 2600 2602 
1684 2602 2600 912 2601 
1685 2360 2602 2601 856 
1686 1047 1399 2604 2423 
1687 1399 1049 2603 2604 
1688 2604 2603 1052 2495 
1689 2423 2604 2495 1051 
1690 796 2605 2608 2607 
1691 2605 919 2606 2608 
1692 2608 2606 789 1809 
1693 2607 2608 1809 795 
1694 474 1247 2611 1294 
1695 1247 515 2609 2611 
1696 2611 2609 624 2610 
1697 1294 2611 2610 979 
1698 662 2612 2614 1788 
1699 2612 665 2388 2614 
1700 2614 2388 903 2613 
1701 1788 2614 2613 664 
1702 293 2615 2616 292 
1703 2615 859 2582 2616 
1704 2616 2582 657 2449 
1705 292 2616 2449 291 
1706 406 2545 2618 2617 
1707 2545 891 2532 2618 
1708 2618 2532 664 2613 
1709 2617 2618 2613 903 
1710 756 2140 2619 2552 
1711 2140 406 2617 2619 
1712 2619 2617 903 2387 
1713 2552 2619 2387 885 
1714 577 2620 2622 1208 
1715 2620 576 2621 2622 
1716 2622 2621 509 1230 
1717 1208 2622 1230 575 
1718 1065 2381 2625 2624 
1719 2381 1072 2623 2625 
1720 2625 2623 836 2227 
1721 2624 2625 2227 843 
1722 843 2214 2626 2624 
1723 2214 412 1981 2626 
1724 2626 1981 835 2572 
1725 2624 2626 2572 1065 
1726 830 2376 2630 2629 
1727 2376 849 2627 2630 
1728 2630 2627 909 2628 
1729 2629 2630 2628 850 
1730 892 2457 2632 2548 
1731 2457 906 2631 2632 
1732 2632 2631 887 2554 
1733 2548 2632 2554 403 
1734 940 2633 2636 2635 
1735 2633 707 2634 2636 
1736 2636 2634 973 1656 
1737 2635 2636 1656 597 
1738 636 2637 2640 2639 
1739 2637 1157 2638 2640 
1740 2640 2638 1016 1500 
1741 2639 2640 1500 614 
1742 632 2641 2643 1389 
1743 2641 948 2642 2643 
1744 2643 2642 947 1279 
1745 1389 2643 1279 520 
1746 299 2644 2647 298 
1747 2644 864 2645 2647 
1748 2647 2645 421 2646 
1749 298 2647 2646 297 
1750 301 2648 2650 300 
1751 2648 866 2649 2650 
1752 2650 2649 864 2644 
1753 300 2650 2644 299 
1754 1058 2651 2655 2654 
1755 2651 1059 2652 2655 
1756 2655 2652 1077 2653 
1757 2654 2655 2653 1039 
1758 1058 2654 2659 2658 
1759 2654 1039 2656 2659 
1760 2659 2656 1100 2657 
1761 2658 2659 2657 1043 
1762 750 1843 2662 1719 
1763 1843 748 2660 2662 
1764 2662 2660 1128 2661 
1765 1719 2662 2661 613 
1766 527 1217 2664 1715 
1767 1217 511 2663 2664 
1768 2664 2663 518 1650 
1769 1715 2664 1650 898 
1770 580 2665 2669 2668 
1771 2665 581 2666 2669 
1772 2669 2666 600 2667 
1773 2668 2669 2667 964 
1774 558 1818 2672 2671 
1775 1818 810 1766 2672 
1776 2672 1766 807 2670 
1777 2671 2672 2670 930 
1778 668 1902 2676 2675 
1779 1902 667 2673 2676 
1780 2676 2673 1159 2674 
1781 2675 2676 2674 645 
1782 772 2677 2681 2680 
1783 2677 944 2678 2681 
1784 2681 2678 554 2679 
1785 2680 2681 2679 909 
1786 850 1529 2683 2629 
1787 1529 905 2682 2683 
1788 2683 2682 852 2432 
1789 2629 2683 2432 830 
1790 767 2684 2686 2190 
1791 2684 768 1343 2686 
1792 2686 1343 908 2685 
1793 2190 2686 2685 695 
1794 295 2687 2689 294 
1795 2687 897 2688 2689 
1796 2689 2688 859 2615 
1797 294 2689 2615 293 
1798 297 2646 2691 296 
1799 2646 421 2690 2691 
1800 2691 2690 897 2687 
1801 296 2691 2687 295 
1802 539 2692 2696 2695 
1803 2692 543 2693 2696 
1804 2696 2693 1161 2694 
1805 2695 2696 2694 957 
1806 1097 2697 2701 2700 
1807 2697 939 2698 2701 
1808 2701 2698 1096 2699 
1809 2700 2701 2699 1091 
1810 964 2702 2706 2705 
1811 2702 490 2703 2706 
1812 2706 2703 967 2704 
1813 2705 2706 2704 637 
1814 625 2707 2709 2587 
1815 2707 971 1189 2709 
1816 2709 1189 643 2708 
1817 2587 2709 2708 524 
1818 919 2710 2713 2712 
1819 2710 927 2711 2713 
1820 2713 2711 820 2289 
1821 2712 2713 2289 550 
1822 526 2302 2714 1874 
1823 2302 828 1310 2714 
1824 2714 1310 970 1506 
1825 1874 2714 1506 799 
1826 582 2715 2718 2717 
1827 2715 585 1354 2718 
1828 2718 1354 586 2716 
1829 2717 2718 2716 583 
1830 772 2680 2719 1801 
1831 2680 909 2627 2719 
1832 2719 2627 849 2427 
1833 1801 2719 2427 770 
1834 487 2125 2722 1961 
1835 2125 752 2720 2722 
1836 2722 2720 926 2721 
1837 1961 2722 2721 746 
1838 837 2205 2723 1686 
1839 2205 836 2623 2723 
1840 2723 2623 1072 1671 
1841 1686 2723 1671 838 
1842 977 2724 2727 2726 
1843 2724 930 2725 2727 
1844 2727 2725 806 2489 
1845 2726 2727 2489 877 
1846 803 2322 2729 2435 
1847 2322 1091 2699 2729 
1848 2729 2699 1096 2728 
1849 2435 2729 2728 1090 
1850 649 2730 2733 2732 
1851 2730 669 1312 2733 
1852 2733 1312 986 2731 
1853 2732 2733 2731 400 
1854 1089 2734 2737 2406 
1855 2734 1088 2735 2737 
1856 2737 2735 1087 2736 
1857 2406 2737 2736 779 
1858 515 2738 2741 2609 
1859 2738 1001 2739 2741 
1860 2741 2739 556 2740 
1861 2609 2741 2740 624 
1862 630 2742 2745 2473 
1863 2742 593 2743 2745 
1864 2745 2743 1012 2744 
1865 2473 2745 2744 1032 
1866 1007 2746 2749 2748 
1867 2746 876 2485 2749 
1868 2749 2485 821 2747 
1869 2748 2749 2747 950 
1870 1127 2750 2753 2752 
1871 2750 578 2751 2753 
1872 2753 2751 576 2620 
1873 2752 2753 2620 577 
1874 609 1703 2757 2756 
1875 1703 452 2754 2757 
1876 2757 2754 996 2755 
1877 2756 2757 2755 1022 
1878 1122 2758 2760 1484 
1879 2758 584 2759 2760 
1880 2760 2759 993 1232 
1881 1484 2760 1232 574 
1882 956 2761 2764 2763 
1883 2761 607 2762 2764 
1884 2764 2762 1021 1344 
1885 2763 2764 1344 768 
1886 1010 2027 2767 2766 
1887 2027 319 320 2767 
1888 2767 320 321 2765 
1889 2766 2767 2765 424 
1890 1130 2768 2771 2770 
1891 2768 582 2717 2771 
1892 2771 2717 583 2769 
1893 2770 2771 2769 581 
1894 617 2253 2773 2034 
1895 2253 801 2772 2773 
1896 2773 2772 929 1578 
1897 2034 2773 1578 863 
1898 715 1733 2776 2456 
1899 1733 714 2774 2776 
1900 2776 2774 907 2775 
1901 2456 2776 2775 906 
1902 652 1550 2779 2778 
1903 1550 943 2777 2779 
1904 2779 2777 689 2598 
1905 2778 2779 2598 893 
1906 745 2780 2781 1842 
1907 2780 747 1476 2781 
1908 2781 1476 1128 2660 
1909 1842 2781 2660 748 
1910 481 1406 2784 1378 
1911 1406 476 2782 2784 
1912 2784 2782 1024 2783 
1913 1378 2784 2783 559 
1914 698 2329 2786 1793 
1915 2329 701 2785 2786 
1916 2786 2785 973 2634 
1917 1793 2786 2634 707 
1918 573 2787 2790 2789 
1919 2787 693 1929 2790 
1920 2790 1929 691 2788 
1921 2789 2790 2788 968 
1922 961 2791 2794 2793 
1923 2791 1066 2571 2794 
1924 2794 2571 1067 2792 
1925 2793 2794 2792 1076 
1926 1008 1512 2797 2796 
1927 1512 1007 2748 2797 
1928 2797 2748 950 2795 
1929 2796 2797 2795 551 
1930 1086 2541 2799 2798 
1931 2541 1085 1681 2799 
1932 2799 1681 779 2736 
1933 2798 2799 2736 1087 
1934 556 2739 2803 2802 
1935 2739 1001 2800 2803 
1936 2803 2800 1002 2801 
1937 2802 2803 2801 809 
1938 859 2688 2806 2583 
1939 2688 897 2804 2806 
1940 2806 2804 920 2805 
1941 2583 2806 2805 860 
1942 550 2264 2807 2712 
1943 2264 818 2348 2807 
1944 2807 2348 789 2606 
1945 2712 2807 2606 919 
1946 897 2690 2810 2804 
1947 2690 421 2808 2810 
1948 2810 2808 865 2809 
1949 2804 2810 2809 920 
1950 533 2811 2813 1197 
1951 2811 978 2812 2813 
1952 2813 2812 673 1795 
1953 1197 2813 1795 677 
1954 695 2685 2816 2055 
1955 2685 908 2814 2816 
1956 2816 2814 1006 2815 
1957 2055 2816 2815 455 
1958 433 1271 2819 2818 
1959 1271 431 1203 2819 
1960 2819 1203 989 2817 
1961 2818 2819 2817 623 
1962 857 2358 2823 2822 
1963 2358 856 2820 2823 
1964 2823 2820 565 2821 
1965 2822 2823 2821 1105 
1966 775 1741 2827 2826 
1967 1741 1117 2824 2827 
1968 2827 2824 636 2825 
1969 2826 2827 2825 616 
1970 11 2828 2830 10 
1971 2828 1020 2829 2830 
1972 2830 2829 330 331 
1973 10 2830 331 1 
1974 835 1980 2833 2573 
1975 1980 1068 2831 2833 
1976 2833 2831 1074 2832 
1977 2573 2833 2832 1067 
1978 932 2834 2837 2836 
1979 2834 899 2835 2837 
1980 2837 2835 915 1213 
1981 2836 2837 1213 916 
1982 964 2838 2840 2668 
1983 2838 578 2839 2840 
1984 2840 2839 579 1623 
1985 2668 2840 1623 580 
1986 683 1642 2843 2842 
1987 1642 679 1846 2843 
1988 2843 1846 678 2841 
1989 2842 2843 2841 1165 
1990 746 2721 2846 2845 
1991 2721 926 1416 2846 
1992 2846 1416 855 2844 
1993 2845 2846 2844 1003 
1994 909 2679 2848 2628 
1995 2679 554 2847 2848 
1996 2848 2847 1013 1526 
1997 2628 2848 1526 850 
1998 754 1413 2849 1951 
1999 1413 926 2720 2849 
2000 2849 2720 752 2132 
2001 1951 2849 2132 489 
2002 407 2249 2851 2486 
2003 2249 820 2711 2851 
2004 2851 2711 927 2850 
2005 2486 2851 2850 821 
2006 164 1341 2853 163 
2007 1341 400 2731 2853 
2008 2853 2731 986 2852 
2009 163 2853 2852 162 
2010 631 2854 2857 2856 
2011 2854 737 1938 2857 
2012 2857 1938 733 2855 
2013 2856 2857 2855 1121 
2014 998 2858 2860 1487 
2015 2858 743 2528 2860 
2016 2860 2528 882 2859 
2017 1487 2860 2859 953 
2018 313 314 2862 1174 
2019 314 315 1225 2862 
2020 2862 1225 925 2861 
2021 1174 2862 2861 946 
2022 720 2504 2865 1835 
2023 2504 722 2863 2865 
2024 2865 2863 1030 2864 
2025 1835 2865 2864 721 
2026 1070 2355 2867 1864 
2027 2355 1069 2866 2867 
2028 2867 2866 1074 2831 
2029 1864 2867 2831 1068 
2030 1049 2868 2870 2603 
2031 2868 1053 2869 2870 
2032 2870 2869 418 2579 
2033 2603 2870 2579 1052 
2034 418 2869 2873 2506 
2035 2869 1053 2871 2873 
2036 2873 2871 1155 2872 
2037 2506 2873 2872 1054 
2038 805 1984 2874 1852 
2039 1984 806 2725 2874 
2040 2874 2725 930 2670 
2041 1852 2874 2670 807 
2042 400 2875 2877 2732 
2043 2875 1029 2876 2877 
2044 2877 2876 635 1187 
2045 2732 2877 1187 649 
2046 991 2878 2881 1700 
2047 2878 1011 2879 2881 
2048 2881 2879 968 2880 
2049 1700 2881 2880 694 
2050 598 2882 2886 2885 
2051 2882 1134 2883 2886 
2052 2886 2883 1137 2884 
2053 2885 2886 2884 1167 
2054 498 1241 2888 1453 
2055 1241 499 1664 2888 
2056 2888 1664 500 2887 
2057 1453 2888 2887 484 
2058 851 2889 2890 2430 
2059 2889 929 2772 2890 
2060 2890 2772 801 2270 
2061 2430 2890 2270 417 
2062 42 2364 2893 41 
2063 2364 430 2891 2893 
2064 2893 2891 1169 2892 
2065 41 2893 2892 40 
2066 919 2605 2896 2710 
2067 2605 796 2894 2896 
2068 2896 2894 928 2895 
2069 2710 2896 2895 927 
2070 732 1935 2899 2110 
2071 1935 737 2897 2899 
2072 2899 2897 990 2898 
2073 2110 2899 2898 761 
2074 776 2900 2903 1750 
2075 2900 935 2901 2903 
2076 2903 2901 944 2902 
2077 1750 2903 2902 774 
2078 702 1760 2905 2904 
2079 1760 700 1790 2905 
2080 2905 1790 707 2633 
2081 2904 2905 2633 940 
2082 931 1724 2909 2908 
2083 1724 648 2906 2909 
2084 2909 2906 1023 2907 
2085 2908 2909 2907 889 
2086 1111 2910 2914 2913 
2087 2910 904 2911 2914 
2088 2914 2911 1012 2912 
2089 2913 2914 2912 601 
2090 683 2842 2917 2916 
2091 2842 1165 2915 2917 
2092 2917 2915 453 2175 
2093 2916 2917 2175 728 
2094 874 2334 2920 2442 
2095 2334 726 2918 2920 
2096 2920 2918 1137 2919 
2097 2442 2920 2919 875 
2098 1031 1296 2923 2922 
2099 1296 568 1220 2923 
2100 2923 1220 947 2921 
2101 2922 2923 2921 572 
2102 1137 2883 2926 2919 
2103 2883 1134 2924 2926 
2104 2926 2924 1135 2925 
2105 2919 2926 2925 875 
2106 1123 2927 2931 2930 
2107 2927 736 2928 2931 
2108 2931 2928 1026 2929 
2109 2930 2931 2929 948 
2110 1088 2734 2933 2932 
2111 2734 1089 2468 2933 
2112 2933 2468 1090 2728 
2113 2932 2933 2728 1096 
2114 648 1723 2936 2906 
2115 1723 646 2934 2936 
2116 2936 2934 1159 2935 
2117 2906 2936 2935 1023 
2118 773 1751 2937 1800 
2119 1751 774 2902 2937 
2120 2937 2902 944 2677 
2121 1800 2937 2677 772 
2122 652 2778 2940 2939 
2123 2778 893 2595 2940 
2124 2940 2595 867 2938 
2125 2939 2940 2938 1103 
2126 889 2525 2943 2908 
2127 2525 562 2941 2943 
2128 2943 2941 1017 2942 
2129 2908 2943 2942 931 
2130 466 1291 2945 1185 
2131 1291 979 2610 2945 
2132 2945 2610 624 2944 
2133 1185 2945 2944 545 
2134 1014 2946 2948 2947 
2135 2946 552 1435 2948 
2136 2948 1435 522 1668 
2137 2947 2948 1668 610 
2138 484 2949 2950 1451 
2139 2949 483 1457 2950 
2140 2950 1457 477 1407 
2141 1451 2950 1407 482 
2142 1118 1414 2952 2951 
2143 1414 754 1950 2952 
2144 2952 1950 755 1302 
2145 2951 2952 1302 949 
2146 1097 2700 2954 2953 
2147 2700 1091 2323 2954 
2148 2954 2323 1092 1446 
2149 2953 2954 1446 1095 
2150 749 1840 2955 2537 
2151 1840 750 1718 2955 
2152 2955 1718 953 2859 
2153 2537 2955 2859 882 
2154 545 2944 2957 1179 
2155 2944 624 2740 2957 
2156 2957 2740 556 2956 
2157 1179 2957 2956 547 
2158 573 2958 2960 2787 
2159 2958 995 2959 2960 
2160 2960 2959 890 2567 
2161 2787 2960 2567 693 
2162 503 2961 2963 1278 
2163 2961 502 2962 2963 
2164 2963 2962 500 1663 
2165 1278 2963 1663 501 
2166 445 2964 2966 1283 
2167 2964 444 2965 2966 
2168 2966 2965 440 1467 
2169 1283 2966 1467 442 
2170 969 1459 2970 2969 
2171 1459 922 2967 2970 
2172 2970 2967 954 2968 
2173 2969 2970 2968 439 
2174 906 2775 2973 2631 
2175 2775 907 2971 2973 
2176 2973 2971 965 2972 
2177 2631 2973 2972 887 
2178 907 2974 2976 2971 
2179 2974 1115 2975 2976 
2180 2976 2975 571 1698 
2181 2971 2976 1698 965 
2182 505 2977 2978 1222 
2183 2977 504 1696 2978 
2184 2978 1696 502 2961 
2185 1222 2978 2961 503 
2186 823 2979 2981 2466 
2187 2979 1082 2980 2981 
2188 2981 2980 1080 1605 
2189 2466 2981 1605 1081 
2190 22 2982 2983 1545 
2191 2982 896 2593 2983 
2192 2983 2593 656 1600 
2193 1545 2983 1600 638 
2194 742 2984 2986 2483 
2195 2984 870 2985 2986 
2196 2986 2985 1000 1425 
2197 2483 2986 1425 869 
2198 1133 2987 2990 2989 
2199 2987 1129 2988 2990 
2200 2990 2988 1135 2924 
2201 2989 2990 2924 1134 
2202 537 2991 2993 2992 
2203 2991 536 1631 2993 
2204 2993 1631 958 2409 
2205 2992 2993 2409 538 
2206 1147 2994 2996 1892 
2207 2994 1054 2872 2996 
2208 2996 2872 1155 2995 
2209 1892 2996 2995 1154 
2210 663 2997 2999 2998 
2211 2997 862 1815 2999 
2212 2999 1815 861 2474 
2213 2998 2999 2474 1032 
2214 1080 2980 3003 3002 
2215 2980 1082 3000 3003 
2216 3003 3000 1114 3001 
2217 3002 3003 3001 1078 
2218 440 3004 3006 1468 
2219 3004 439 3005 3006 
2220 3006 3005 436 1899 
2221 1468 3006 1899 438 
2222 538 2408 3009 3008 
2223 2408 542 3007 3009 
2224 3009 3007 543 2692 
2225 3008 3009 2692 539 
2226 687 1963 3011 2600 
2227 1963 689 2777 3011 
2228 3011 2777 943 3010 
2229 2600 3011 3010 912 
2230 644 3012 3014 3013 
2231 3012 645 2674 3014 
2232 3014 2674 1159 2934 
2233 3013 3014 2934 646 
2234 681 3015 3018 1640 
2235 3015 684 3016 3018 
2236 3018 3016 981 3017 
2237 1640 3018 3017 685 
2238 768 2684 3020 2763 
2239 2684 767 2179 3020 
2240 3020 2179 402 3019 
2241 2763 3020 3019 956 
2242 542 1636 3022 3007 
2243 1636 544 1495 3022 
2244 3022 1495 945 3021 
2245 3007 3022 3021 543 
2246 614 1411 3024 2639 
2247 1411 531 3023 3024 
2248 3024 3023 616 2825 
2249 2639 3024 2825 636 
2250 507 3025 3026 1266 
2251 3025 506 1234 3026 
2252 3026 1234 504 2977 
2253 1266 3026 2977 505 
2254 1120 3027 3031 3030 
2255 3027 471 3028 3031 
2256 3031 3028 470 3029 
2257 3030 3031 3029 449 
2258 672 1796 3034 1756 
2259 1796 673 3032 3034 
2260 3034 3032 959 3033 
2261 1756 3034 3033 674 
2262 1083 2542 3038 3037 
2263 2542 1086 3035 3038 
2264 3038 3035 1158 3036 
2265 3037 3038 3036 1079 
2266 447 3039 3041 1370 
2267 3039 446 3040 3041 
2268 3041 3040 444 2964 
2269 1370 3041 2964 445 
2270 927 2895 3043 2850 
2271 2895 928 3042 3043 
2272 3043 3042 950 2747 
2273 2850 3043 2747 821 
2274 924 3044 3048 3047 
2275 3044 911 3045 3048 
2276 3048 3045 988 3046 
2277 3047 3048 3046 521 
2278 925 1227 3050 3049 
2279 1227 420 1317 3050 
2280 3050 1317 958 1630 
2281 3049 3050 1630 655 
2282 692 3051 3052 2332 
2283 3051 694 2880 3052 
2284 3052 2880 968 2788 
2285 2332 3052 2788 691 
2286 915 3053 3056 1210 
2287 3053 641 3054 3056 
2288 3056 3054 1119 3055 
2289 1210 3056 3055 428 
2290 1060 2326 3058 1972 
2291 2326 1059 2651 3058 
2292 3058 2651 1058 3057 
2293 1972 3058 3057 840 
2294 321 322 3061 3060 
2295 322 323 1524 3061 
2296 3061 1524 902 3059 
2297 3060 3061 3059 654 
2298 910 1455 3064 3063 
2299 1455 483 3062 3064 
2300 3064 3062 988 3045 
2301 3063 3064 3045 911 
2302 961 3065 3067 2791 
2303 3065 1145 3066 3067 
2304 3067 3066 1064 2383 
2305 2791 3067 2383 1066 
2306 786 1913 3071 3070 
2307 1913 880 3068 3071 
2308 3071 3068 1002 3069 
2309 3070 3071 3069 982 
2310 694 3051 3072 1701 
2311 3051 692 2555 3072 
2312 3072 2555 887 2972 
2313 1701 3072 2972 965 
2314 651 2577 3075 3074 
2315 2577 975 3073 3075 
2316 3075 3073 676 1757 
2317 3074 3075 1757 674 
2318 449 3076 3078 1705 
2319 3076 448 3077 3078 
2320 3078 3077 446 3039 
2321 1705 3078 3039 447 
2322 736 2927 3081 2031 
2323 2927 1123 3079 3081 
2324 3081 3079 1163 3080 
2325 2031 3081 3080 735 
2326 626 3082 3085 1541 
2327 3082 1033 3083 3085 
2328 3085 3083 957 3084 
2329 1541 3085 3084 427 
2330 951 3086 3088 3087 
2331 3086 524 2708 3088 
2332 3088 2708 643 1193 
2333 3087 3088 1193 634 
2334 724 1657 3089 1881 
2335 1657 973 2785 3089 
2336 3089 2785 701 2535 
2337 1881 3089 2535 881 
2338 400 1340 3091 2875 
2339 1340 668 2675 3091 
2340 3091 2675 645 3090 
2341 2875 3091 3090 1029 
2342 644 1194 3092 3012 
2343 1194 635 2876 3092 
2344 3092 2876 1029 3090 
2345 3012 3092 3090 645 
2346 1088 2932 3095 3094 
2347 2932 1096 2698 3095 
2348 3095 2698 939 3093 
2349 3094 3095 3093 1098 
2350 485 1358 3098 3097 
2351 1358 536 2991 3098 
2352 3098 2991 537 3096 
2353 3097 3098 3096 494 
2354 1134 2882 3101 2989 
2355 2882 598 3099 3101 
2356 3101 3099 1132 3100 
2357 2989 3101 3100 1133 
2358 13 3102 3104 12 
2359 3102 666 3103 3104 
2360 3104 3103 1020 2828 
2361 12 3104 2828 11 
2362 575 1229 3107 3106 
2363 1229 993 3105 3107 
2364 3107 3105 705 1728 
2365 3106 3107 1728 703 
2366 427 3084 3109 1561 
2367 3084 957 2694 3109 
2368 3109 2694 1161 3108 
2369 1561 3109 3108 650 
2370 13 1562 3111 3102 
2371 1562 650 3108 3111 
2372 3111 3108 1161 3110 
2373 3102 3111 3110 666 
2374 326 1597 3114 1523 
2375 1597 642 3112 3114 
2376 3114 3112 1160 3113 
2377 1523 3114 3113 902 
2378 576 3115 3117 2621 
2379 3115 637 3116 3117 
2380 3117 3116 508 2438 
2381 2621 3117 2438 509 
2382 924 3118 3120 3044 
2383 3118 620 1281 3120 
2384 3120 1281 1141 3119 
2385 3044 3120 3119 911 
2386 572 2444 3122 2922 
2387 2444 995 2958 3122 
2388 3122 2958 573 3121 
2389 2922 3122 3121 1031 
2390 857 2822 3125 2524 
2391 2822 1105 3123 3125 
2392 3125 3123 1028 3124 
2393 2524 3125 3124 562 
2394 685 3017 3127 1479 
2395 3017 981 1345 3127 
2396 3127 1345 1021 3126 
2397 1479 3127 3126 606 
2398 681 1643 3130 3015 
2399 1643 683 3128 3130 
2400 3130 3128 1006 3129 
2401 3015 3130 3129 684 
2402 828 2301 3131 1311 
2403 2301 160 161 3131 
2404 3131 161 162 2852 
2405 1311 3131 2852 986 
2406 565 3132 3136 3135 
2407 3132 1034 3133 3136 
2408 3136 3133 564 3134 
2409 3135 3136 3134 1035 
2410 328 329 3138 1598 
2411 329 330 2829 3138 
2412 3138 2829 1020 3137 
2413 1598 3138 3137 429 
2414 877 2514 3140 2726 
2415 2514 852 2682 3140 
2416 3140 2682 905 3139 
2417 2726 3140 3139 977 
2418 936 3141 3143 1714 
2419 3141 938 3142 3143 
2420 3143 3142 1143 1218 
2421 1714 3143 1218 527 
2422 912 3144 3145 2601 
2423 3144 1034 3132 3145 
2424 3145 3132 565 2820 
2425 2601 3145 2820 856 
2426 534 3146 3149 3148 
2427 3146 933 3147 3149 
2428 3149 3147 523 1449 
2429 3148 3149 1449 497 
2430 1062 3150 3153 1569 
2431 3150 1063 3151 3153 
2432 3153 3151 1099 3152 
2433 1569 3153 3152 1037 
2434 1006 2814 3154 3129 
2435 2814 908 1346 3154 
2436 3154 1346 981 3016 
2437 3129 3154 3016 684 
2438 747 3155 3157 1477 
2439 3155 1003 2844 3157 
2440 3157 2844 855 3156 
2441 1477 3157 3156 591 
2442 433 2818 3160 1586 
2443 2818 623 3158 3160 
2444 3160 3158 1139 3159 
2445 1586 3160 3159 622 
2446 449 3029 3163 3076 
2447 3029 470 3161 3163 
2448 3163 3161 478 3162 
2449 3076 3163 3162 448 
2450 652 2939 3165 2576 
2451 2939 1103 3164 3165 
2452 3165 3164 676 3073 
2453 2576 3165 3073 975 
2454 1108 1820 3169 3168 
2455 1820 1106 3166 3169 
2456 3169 3166 553 3167 
2457 3168 3169 3167 1107 
2458 745 1959 3170 2780 
2459 1959 746 2845 3170 
2460 3170 2845 1003 3155 
2461 2780 3170 3155 747 
2462 795 1748 3173 2607 
2463 1748 793 3171 3173 
2464 3173 3171 1025 3172 
2465 2607 3173 3172 796 
2466 653 2575 3175 3174 
2467 2575 651 1676 3175 
2468 3175 1676 976 1306 
2469 3174 3175 1306 563 
2470 847 2560 3177 3176 
2471 2560 890 2959 3177 
2472 3177 2959 995 2447 
2473 3176 3177 2447 848 
2474 956 3019 3179 3178 
2475 3019 402 2152 3179 
2476 3179 2152 761 2898 
2477 3178 3179 2898 990 
2478 743 2858 3181 1940 
2479 2858 998 3180 3181 
2480 3181 3180 870 2984 
2481 1940 3181 2984 742 
2482 945 1494 3183 3182 
2483 1494 429 3137 3183 
2484 3183 3137 1020 3103 
2485 3182 3183 3103 666 
2486 444 3184 3185 2965 
2487 3184 969 2969 3185 
2488 3185 2969 439 3004 
2489 2965 3185 3004 440 
2490 683 2916 3186 3128 
2491 2916 728 2084 3186 
2492 3186 2084 455 2815 
2493 3128 3186 2815 1006 
2494 1043 3187 3188 2658 
2495 3187 1042 2425 3188 
2496 3188 2425 840 3057 
2497 2658 3188 3057 1058 
2498 472 1402 3191 3190 
2499 1402 485 3097 3191 
2500 3191 3097 494 3189 
2501 3190 3191 3189 471 
2502 847 3176 3192 2030 
2503 3176 848 2446 3192 
2504 3192 2446 1026 2928 
2505 2030 3192 2928 736 
2506 591 3156 3195 3194 
2507 3156 855 1415 3195 
2508 3195 1415 1118 3193 
2509 3194 3195 3193 854 
2510 640 3196 3198 1661 
2511 3196 478 3161 3198 
2512 3198 3161 470 3197 
2513 1661 3198 3197 516 
2514 612 3199 3201 1490 
2515 3199 999 3200 3201 
2516 3201 3200 870 3180 
2517 1490 3201 3180 998 
2518 639 1601 3204 3203 
2519 1601 913 3202 3204 
2520 3204 3202 922 1461 
2521 3203 3204 1461 923 
2522 898 1649 3207 1712 
2523 1649 962 3205 3207 
2524 3207 3205 1078 3206 
2525 1712 3207 3206 900 
2526 1157 3208 3210 2638 
2527 3208 851 2429 3210 
2528 3210 2429 814 3209 
2529 2638 3210 3209 1016 
2530 531 1410 3213 3212 
2531 1410 523 3147 3213 
2532 3213 3147 933 3211 
2533 3212 3213 3211 619 
2534 876 2746 3215 2479 
2535 2746 1007 1511 3215 
2536 3215 1511 1116 3214 
2537 2479 3215 3214 815 
2538 1059 2325 3218 2652 
2539 2325 1075 3216 3218 
2540 3218 3216 1036 3217 
2541 2652 3218 3217 1077 
2542 918 3219 3222 3221 
2543 3219 917 3220 3222 
2544 3222 3220 1055 1890 
2545 3221 3222 1890 1046 
2546 665 3223 3225 2389 
2547 3223 904 2910 3225 
2548 3225 2910 1111 3224 
2549 2389 3225 3224 886 
2550 432 1321 3228 1380 
2551 1321 434 3226 3228 
2552 3228 3226 954 3227 
2553 1380 3228 3227 468 
2554 889 2907 3230 2454 
2555 2907 1023 3229 3230 
2556 3230 3229 450 2142 
2557 2454 3230 2142 760 
2558 460 1429 3232 1249 
2559 1429 955 3231 3232 
2560 3232 3231 480 1609 
2561 1249 3232 1609 465 
2562 642 1492 3234 3112 
2563 1492 544 1635 3234 
2564 3234 1635 972 3233 
2565 3112 3234 3233 1160 
2566 471 3027 3236 3190 
2567 3027 1120 3235 3236 
2568 3236 3235 980 1516 
2569 3190 3236 1516 472 
2570 507 2439 3238 3025 
2571 2439 508 3237 3238 
2572 3238 3237 566 1235 
2573 3025 3238 1235 506 
2574 625 3239 3241 2707 
2575 3239 611 1507 3241 
2576 3241 1507 970 3240 
2577 2707 3241 3240 971 
2578 737 2854 3245 3244 
2579 2854 631 3242 3245 
2580 3245 3242 1168 3243 
2581 3244 3245 3243 738 
2582 1062 1673 3247 3150 
2583 1673 1064 3066 3247 
2584 3247 3066 1145 3246 
2585 3150 3247 3246 1063 
2586 1016 3209 3248 1501 
2587 3209 814 1988 3248 
2588 3248 1988 815 3214 
2589 1501 3248 3214 1116 
2590 913 1593 3249 3202 
2591 1593 468 3227 3249 
2592 3249 3227 954 2967 
2593 3202 3249 2967 922 
2594 321 3060 3252 2765 
2595 3060 654 3250 3252 
2596 3252 3250 972 3251 
2597 2765 3252 3251 424 
2598 734 2029 3254 2337 
2599 2029 735 3253 3254 
2600 3254 3253 1121 2855 
2601 2337 3254 2855 733 
2602 1139 3158 3257 3256 
2603 3158 623 3255 3257 
2604 3257 3255 1119 3054 
2605 3256 3257 3054 641 
2606 904 3258 3259 2911 
2607 3258 663 2998 3259 
2608 3259 2998 1032 2744 
2609 2911 3259 2744 1012 
2610 641 3053 3261 3260 
2611 3053 915 2835 3261 
2612 3261 2835 899 1651 
2613 3260 3261 1651 518 
2614 675 1754 3262 2045 
2615 1754 676 3164 3262 
2616 3262 3164 1103 2938 
2617 2045 3262 2938 867 
2618 524 3086 3265 1286 
2619 3086 951 3263 3265 
2620 3265 3263 1024 3264 
2621 1286 3265 3264 479 
2622 649 1190 3266 2730 
2623 1190 971 3240 3266 
2624 3266 3240 970 1313 
2625 2730 3266 1313 669 
2626 964 2705 3267 2838 
2627 2705 637 3115 3267 
2628 3267 3115 576 2751 
2629 2838 3267 2751 578 
2630 37 38 3269 3268 
2631 38 4 39 3269 
2632 3269 39 40 2892 
2633 3268 3269 2892 1169 
2634 670 2062 3270 1970 
2635 2062 453 2915 3270 
2636 3270 2915 1165 2841 
2637 1970 3270 2841 678 
2638 422 3271 3275 3274 
2639 3271 946 3272 3275 
2640 3275 3272 630 3273 
2641 3274 3275 3273 952 
2642 1088 3094 3278 2735 
2643 3094 1098 3276 3278 
2644 3278 3276 937 3277 
2645 2735 3278 3277 1087 
2646 534 1646 3281 3146 
2647 1646 934 3279 3281 
2648 3281 3279 997 3280 
2649 3146 3281 3280 933 
2650 885 2390 3283 1300 
2651 2390 886 3224 3283 
2652 3283 3224 1111 3282 
2653 1300 3283 3282 603 
2654 796 3172 3285 2894 
2655 3172 1025 1669 3285 
2656 3285 1669 549 3284 
2657 2894 3285 3284 928 
2658 1023 2935 3286 3229 
2659 2935 1159 2673 3286 
2660 3286 2673 667 2195 
2661 3229 3286 2195 450 
2662 518 2663 3289 3288 
2663 2663 511 1519 3289 
2664 3289 1519 475 3287 
2665 3288 3289 3287 517 
2666 616 3023 3291 3290 
2667 3023 531 3212 3291 
2668 3291 3212 619 1373 
2669 3290 3291 1373 994 
2670 632 3292 3293 2641 
2671 3292 1163 3079 3293 
2672 3293 3079 1123 2930 
2673 2641 3293 2930 948 
2674 446 3294 3295 3040 
2675 3294 463 1460 3295 
2676 3295 1460 969 3184 
2677 3040 3295 3184 444 
2678 1076 2792 3298 3297 
2679 2792 1067 2832 3298 
2680 3298 2832 1074 3296 
2681 3297 3298 3296 1073 
2682 532 3299 3301 3300 
2683 3299 959 3032 3301 
2684 3301 3032 673 2812 
2685 3300 3301 2812 978 
2686 1033 3302 3304 3083 
2687 3302 1009 3303 3304 
2688 3304 3303 539 2695 
2689 3083 3304 2695 957 
2690 462 1183 3305 1582 
2691 1183 469 1692 3305 
2692 3305 1692 997 3279 
2693 1582 3305 3279 934 
2694 1031 3306 3308 1297 
2695 3306 1011 2878 3308 
2696 3308 2878 991 3307 
2697 1297 3308 3307 569 
2698 434 1471 3309 3226 
2699 1471 436 3005 3309 
2700 3309 3005 439 2968 
2701 3226 3309 2968 954 
2702 541 3310 3312 3311 
2703 3310 1001 2738 3312 
2704 3312 2738 515 1246 
2705 3311 3312 1246 1166 
2706 894 1427 3313 1645 
2707 1427 540 1350 3313 
2708 3313 1350 983 1584 
2709 1645 3313 1584 895 
2710 496 1678 3315 1448 
2711 1678 480 3231 3315 
2712 3315 3231 955 3314 
2713 1448 3315 3314 497 
2714 961 3316 3318 3065 
2715 3316 1102 3317 3318 
2716 3318 3317 1063 3246 
2717 3065 3318 3246 1145 
2718 962 1652 3321 3320 
2719 1652 899 2834 3321 
2720 3321 2834 932 3319 
2721 3320 3321 3319 960 
2722 1017 2941 3323 2392 
2723 2941 562 3124 3323 
2724 3323 3124 1028 3322 
2725 2392 3323 3322 1018 
2726 943 1549 3324 3010 
2727 1549 564 3133 3324 
2728 3324 3133 1034 3144 
2729 3010 3324 3144 912 
2730 902 3113 3325 3059 
2731 3113 1160 3233 3325 
2732 3325 3233 972 3250 
2733 3059 3325 3250 654 
2734 494 3096 3329 3328 
2735 3096 537 3326 3329 
2736 3329 3326 1009 3327 
2737 3328 3329 3327 604 
2738 490 1514 3332 2703 
2739 1514 980 3330 3332 
2740 3332 3330 567 3331 
2741 2703 3332 3331 967 
2742 1087 3277 3334 2798 
2743 3277 937 3333 3334 
2744 3334 3333 1158 3035 
2745 2798 3334 3035 1086 
2746 1004 3335 3336 1325 
2747 3335 554 2678 3336 
2748 3336 2678 944 2901 
2749 1325 3336 2901 935 
2750 538 3008 3337 2992 
2751 3008 539 3303 3337 
2752 3337 3303 1009 3326 
2753 2992 3337 3326 537 
2754 1084 2540 3339 2418 
2755 2540 1083 3338 3339 
2756 3339 3338 1082 2979 
2757 2418 3339 2979 823 
2758 647 1721 3341 3340 
2759 1721 931 2942 3341 
2760 3341 2942 1017 2395 
2761 3340 3341 2395 561 
2762 1095 1445 3343 3342 
2763 1445 535 1328 3343 
2764 3343 1328 1143 3142 
2765 3342 3343 3142 938 
2766 714 2591 3345 2774 
2767 2591 914 3344 3345 
2768 3345 3344 1115 2974 
2769 2774 3345 2974 907 
2770 483 2949 3347 3062 
2771 2949 484 2887 3347 
2772 3347 2887 500 3346 
2773 3062 3347 3346 988 
2774 627 3348 3352 3351 
2775 3348 486 3349 3352 
2776 3352 3349 963 3350 
2777 3351 3352 3350 942 
2778 604 1564 3354 3328 
2779 1564 984 3353 3354 
2780 3354 3353 471 3189 
2781 3328 3354 3189 494 
2782 587 1364 3357 1353 
2783 1364 588 3355 3357 
2784 3357 3355 592 3356 
2785 1353 3357 3356 586 
2786 546 1374 3358 1691 
2787 1374 619 3211 3358 
2788 3358 3211 933 3280 
2789 1691 3358 3280 997 
2790 941 1236 3361 3360 
2791 1236 566 3359 3361 
2792 3361 3359 1022 2755 
2793 3360 3361 2755 996 
2794 553 3166 3363 1528 
2795 3166 1106 3362 3363 
2796 3363 3362 977 3139 
2797 1528 3363 3139 905 
2798 1035 3364 3366 3135 
2799 3364 1162 3365 3366 
2800 3366 3365 1105 2821 
2801 3135 3366 2821 565 
2802 474 1293 3369 1518 
2803 1293 467 3367 3369 
2804 3369 3367 992 3368 
2805 1518 3369 3368 475 
2806 966 1393 3372 3371 
2807 1393 1005 3370 3372 
2808 3372 3370 448 3162 
2809 3371 3372 3162 478 
2810 508 3373 3375 3237 
2811 3373 567 3374 3375 
2812 3375 3374 1022 3359 
2813 3237 3375 3359 566 
2814 521 1694 3377 3047 
2815 1694 941 3360 3377 
2816 3377 3360 996 3376 
2817 3047 3377 3376 924 
2818 640 1660 3379 3378 
2819 1660 1113 1420 3379 
2820 3379 1420 423 1336 
2821 3378 3379 1336 1144 
2822 1049 1398 3381 2868 
2823 1398 1050 3380 3381 
2824 3381 3380 1155 2871 
2825 2868 3381 2871 1053 
2826 721 2864 3383 1880 
2827 2864 1030 3382 3383 
2828 3383 3382 974 1654 
2829 1880 3383 1654 724 
2830 722 3384 3386 2863 
2831 3384 595 3385 3386 
2832 3386 3385 974 3382 
2833 2863 3386 3382 1030 
2834 471 3353 3387 3028 
2835 3353 984 1567 3387 
2836 3387 1567 516 3197 
2837 3028 3387 3197 470 
2838 534 3148 3388 1647 
2839 3148 497 3314 3388 
2840 3388 3314 955 1428 
2841 1647 3388 1428 894 
2842 600 3389 3391 2667 
2843 3389 963 3390 3391 
2844 3391 3390 490 2702 
2845 2667 3391 2702 964 
2846 1031 3121 3392 3306 
2847 3121 573 2789 3392 
2848 3392 2789 968 2879 
2849 3306 3392 2879 1011 
2850 1033 3082 3394 3393 
2851 3082 626 1547 3394 
2852 3394 1547 1113 1659 
2853 3393 3394 1659 985 
2854 1019 3395 3398 3397 
2855 3395 592 3396 3398 
2856 3398 3396 627 3351 
2857 3397 3398 3351 942 
2858 963 3389 3400 3350 
2859 3389 600 3399 3400 
2860 3400 3399 1019 3397 
2861 3350 3400 3397 942 
2862 598 3401 3404 3099 
2863 3401 1027 3402 3404 
2864 3404 3402 1131 3403 
2865 3099 3404 3403 1132 
2866 851 3208 3406 2889 
2867 3208 1157 3405 3406 
2868 3406 3405 618 1579 
2869 2889 3406 1579 929 
2870 428 3055 3408 3407 
2871 3055 1119 3255 3408 
2872 3408 3255 623 2817 
2873 3407 3408 2817 989 
2874 1026 2445 3409 2929 
2875 2445 572 2921 3409 
2876 3409 2921 947 2642 
2877 2929 3409 2642 948 
2878 620 3118 3410 1368 
2879 3118 924 3376 3410 
2880 3410 3376 996 2754 
2881 1368 3410 2754 452 
2882 603 3411 3413 1301 
2883 3411 602 3412 3413 
2884 3413 3412 1118 2951 
2885 1301 3413 2951 949 
2886 502 1695 3414 2962 
2887 1695 521 3046 3414 
2888 3414 3046 988 3346 
2889 2962 3414 3346 500 
2890 567 3330 3416 3374 
2891 3330 980 3415 3416 
2892 3416 3415 609 2756 
2893 3374 3416 2756 1022 
2894 1010 2766 3417 1315 
2895 2766 424 3251 3417 
2896 3417 3251 972 1634 
2897 1315 3417 1634 1109 
2898 601 2912 3419 1363 
2899 2912 1012 2743 3419 
2900 3419 2743 593 3418 
2901 1363 3419 3418 588 
2902 798 1508 3420 1779 
2903 1508 611 3239 3420 
2904 3420 3239 625 2586 
2905 1779 3420 2586 1015 
2906 588 3418 3422 3355 
2907 3418 593 3421 3422 
2908 3422 3421 627 3396 
2909 3355 3422 3396 592 
2910 925 3049 3425 3424 
2911 3049 655 1629 3425 
2912 3425 1629 629 3423 
2913 3424 3425 3423 628 
2914 666 3110 3426 3182 
2915 3110 1161 2693 3426 
2916 3426 2693 543 3021 
2917 3182 3426 3021 945 
2918 448 3370 3427 3077 
2919 3370 1005 1392 3427 
2920 3427 1392 463 3294 
2921 3077 3427 3294 446 
2922 508 3116 3428 3373 
2923 3116 637 2704 3428 
2924 3428 2704 967 3331 
2925 3373 3428 3331 567 
2926 630 3429 3431 2742 
2927 3429 628 3430 3431 
2928 3431 3430 627 3421 
2929 2742 3431 3421 593 
2930 449 1704 3432 3030 
2931 1704 609 3415 3432 
2932 3432 3415 980 3235 
2933 3030 3432 3235 1120 
2934 930 2724 3433 2671 
2935 2724 977 3362 3433 
2936 3433 3362 1106 1819 
2937 2671 3433 1819 558 
2938 486 3348 3434 1360 
2939 3348 627 3430 3434 
2940 3434 3430 628 3423 
2941 1360 3434 3423 629 
2942 430 2563 3436 2891 
2943 2563 1170 3435 3436 
2944 3436 3435 37 3268 
2945 2891 3436 3268 1169 
2946 461 1575 3438 1442 
2947 1575 1101 3437 3438 
2948 3438 3437 992 3367 
2949 1442 3438 3367 467 
2950 990 3439 3441 3178 
2951 3439 1164 3440 3441 
2952 3441 3440 607 2761 
2953 3178 3441 2761 956 
2954 923 1394 3443 3203 
2955 1394 966 3442 3443 
2956 3443 3442 1144 1335 
2957 3203 3443 1335 639 
2958 518 3288 3445 3260 
2959 3288 517 3444 3445 
2960 3445 3444 1139 3256 
2961 3260 3445 3256 641 
2962 577 1207 3447 2752 
2963 1207 595 3384 3447 
2964 3447 3384 722 3446 
2965 2752 3447 3446 1127 
2966 1101 1587 3449 3437 
2967 1587 622 3159 3449 
2968 3449 3159 1139 3448 
2969 3437 3449 3448 992 
2970 561 2394 3451 3450 
2971 2394 559 2783 3451 
2972 3451 2783 1024 3263 
2973 3450 3451 3263 951 
2974 737 3244 3453 2897 
2975 3244 738 3452 3453 
2976 3453 3452 1164 3439 
2977 2897 3453 3439 990 
2978 873 2441 3455 1532 
2979 2441 875 2925 3455 
2980 3455 2925 1135 3454 
2981 1532 3455 3454 1138 
2982 1079 3456 3457 3037 
2983 3456 1114 3000 3457 
2984 3457 3000 1082 3338 
2985 3037 3457 3338 1083 
2986 606 3126 3459 1480 
2987 3126 1021 2762 3459 
2988 3459 2762 607 3458 
2989 1480 3459 3458 621 
2990 1168 1390 3461 3243 
2991 1390 1142 3460 3461 
2992 3461 3460 1164 3452 
2993 3243 3461 3452 738 
2994 727 3462 3463 1945 
2995 3462 1167 2884 3463 
2996 3463 2884 1137 2918 
2997 1945 3463 2918 726 
2998 800 3464 3466 1768 
2999 3464 1140 3465 3466 
3000 3466 3465 794 1738 
3001 1768 3466 1738 792 
3002 911 3119 3467 3063 
3003 3119 1141 1536 3467 
3004 3467 1536 459 1689 
3005 3063 3467 1689 910 
3006 1139 3444 3468 3448 
3007 3444 517 3287 3468 
3008 3468 3287 475 3368 
3009 3448 3468 3368 992 
3010 932 3469 3471 3470 
3011 3469 1099 3151 3471 
3012 3471 3151 1063 3317 
3013 3470 3471 3317 1102 
3014 985 1565 3472 3393 
3015 1565 604 3327 3472 
3016 3472 3327 1009 3302 
3017 3393 3472 3302 1033 
3018 499 1240 3474 1665 
3019 1240 528 3473 3474 
3020 3474 3473 682 1498 
3021 1665 3474 1498 987 
3022 581 2769 3476 2666 
3023 2769 583 3475 3476 
3024 3476 3475 1019 3399 
3025 2666 3476 3399 600 
3026 495 1679 3478 1616 
3027 1679 1104 3477 3478 
3028 3478 3477 794 3465 
3029 1616 3478 3465 1140 
3030 999 3479 3481 3200 
3031 3479 1136 3480 3481 
3032 3481 3480 1000 2985 
3033 3200 3481 2985 870 
3034 583 2716 3482 3475 
3035 2716 586 3356 3482 
3036 3482 3356 592 3395 
3037 3475 3482 3395 1019 
3038 1157 2637 3483 3405 
3039 2637 636 2824 3483 
3040 3483 2824 1117 1580 
3041 3405 3483 1580 618 
3042 486 1404 3484 3349 
3043 1404 1110 1515 3484 
3044 3484 1515 490 3390 
3045 3349 3484 3390 963 
3046 1014 2947 3485 1736 
3047 2947 610 1667 3485 
3048 3485 1667 1025 3171 
3049 1736 3485 3171 793 
3050 1014 1739 3486 2946 
3051 1739 794 3477 3486 
3052 3486 3477 1104 1432 
3053 2946 3486 1432 552 
3054 1015 2585 3487 1777 
3055 2585 525 1617 3487 
3056 3487 1617 1140 3464 
3057 1777 3487 3464 800 
3058 1105 3365 3490 3123 
3059 3365 1162 3488 3490 
3060 3490 3488 560 3489 
3061 3123 3490 3489 1028 
3062 727 1423 3491 3462 
3063 1423 1027 3401 3491 
3064 3491 3401 598 2885 
3065 3462 3491 2885 1167 
3066 735 3080 3493 3253 
3067 3080 1163 3492 3493 
3068 3493 3492 631 2856 
3069 3253 3493 2856 1121 
3070 1131 3402 3495 3494 
3071 3402 1027 1422 3495 
3072 3495 1422 1000 3480 
3073 3494 3495 3480 1136 
3074 478 3196 3496 3371 
3075 3196 640 3378 3496 
3076 3496 3378 1144 3442 
3077 3371 3496 3442 966 
3078 479 3264 3497 1608 
3079 3264 1024 2782 3497 
3080 3497 2782 476 1384 
3081 1608 3497 1384 1112 
3082 578 2750 3500 2839 
3083 2750 1127 3498 3500 
3084 3500 3498 1124 3499 
3085 2839 3500 3499 579 
3086 581 2665 3502 2770 
3087 2665 580 1622 3502 
3088 3502 1622 1129 3501 
3089 2770 3502 3501 1130 
3090 1164 3460 3503 3440 
3091 3460 1142 1331 3503 
3092 3503 1331 621 3458 
3093 3440 3503 3458 607 
3094 1163 3292 3504 3492 
3095 3292 632 1388 3504 
3096 3504 1388 1168 3242 
3097 3492 3504 3242 631 
3098 1153 3505 3506 2565 
3099 3505 35 36 3506 
3100 3506 36 37 3435 
3101 2565 3506 3435 1170 
3102 1132 3403 3509 3508 
3103 3403 1131 3507 3509 
3104 3509 3507 582 2768 
3105 3508 3509 2768 1130 
3106 22 23 3510 2982 
3107 23 3 24 3510 
3108 3510 24 25 1555 
3109 2982 3510 1555 896 
3110 989 1202 3512 3407 
3111 1202 31 32 3512 
3112 3512 32 33 3511 
3113 3407 3512 3511 428 
3114 1055 3220 3514 3513 
3115 3220 917 1211 3514 
3116 3514 1211 428 3511 
3117 3513 3514 3511 33 
3118 33 34 3517 3513 
3119 34 35 3515 3517 
3120 3517 3515 1146 3516 
3121 3513 3517 3516 1055 
3122 1146 3515 3520 3519 
3123 3515 35 3505 3520 
3124 3520 3505 1153 3518 
3125 3519 3520 3518 1156 
3126 301 302 3522 2648 
3127 302 303 1173 3522 
3128 3522 1173 422 3521 
3129 2648 3522 3521 866 
3130 307 308 3523 1171 
3131 308 309 1176 3523 
3132 3523 1176 946 3271 
3133 1171 3523 3271 422 
3134 865 3524 3526 3525 
3135 3524 866 3521 3526 
3136 3526 3521 422 3274 
3137 3525 3526 3274 952 
3138 533 1196 3528 3527 
3139 1196 680 1638 3528 
3140 3528 1638 682 3473 
3141 3527 3528 3473 528 
3142 549 1262 3531 3530 
3143 1262 529 3529 3531 
3144 3531 3529 1008 2796 
3145 3530 3531 2796 551 
3146 614 1503 3532 1409 
3147 1503 615 1510 3532 
3148 3532 1510 1008 3529 
3149 1409 3532 3529 529 
3150 528 1239 3533 3527 
3151 1239 532 3300 3533 
3152 3533 3300 978 2811 
3153 3527 3533 2811 533 
3154 959 3299 3534 3033 
3155 3299 532 1675 3534 
3156 3534 1675 651 3074 
3157 3033 3534 3074 674 
3158 1166 1274 3537 3311 
3159 1274 784 3535 3537 
3160 3537 3535 982 3536 
3161 3311 3537 3536 541 
3162 1001 3310 3538 2800 
3163 3310 541 3536 3538 
3164 3538 3536 982 3069 
3165 2800 3538 3069 1002 
3166 994 1372 3540 3539 
3167 1372 548 1326 3540 
3168 3540 1326 935 2900 
3169 3539 3540 2900 776 
3170 928 3284 3541 3042 
3171 3284 549 3530 3541 
3172 3541 3530 551 2795 
3173 3042 3541 2795 950 
3174 554 3335 3543 2847 
3175 3335 1004 3542 3543 
3176 3543 3542 553 1527 
3177 2847 3543 1527 1013 
3178 547 3544 3545 1324 
3179 3544 1107 3167 3545 
3180 3545 3167 553 3542 
3181 1324 3545 3542 1004 
3182 1108 3546 3547 1821 
3183 3546 556 2802 3547 
3184 3547 2802 809 1763 
3185 1821 3547 1763 810 
3186 547 2956 3548 3544 
3187 2956 556 3546 3548 
3188 3548 3546 1108 3168 
3189 3544 3548 3168 1107 
3190 559 2393 3549 1376 
3191 2393 1018 3322 3549 
3192 3549 3322 1028 3489 
3193 1376 3549 3489 560 
3194 563 1377 3551 3550 
3195 1377 560 3488 3551 
3196 3551 3488 1162 3364 
3197 3550 3551 3364 1035 
3198 951 3087 3553 3450 
3199 3087 634 3552 3553 
3200 3553 3552 647 3340 
3201 3450 3553 3340 561 
3202 563 3550 3554 3174 
3203 3550 1035 3134 3554 
3204 3554 3134 564 1552 
3205 3174 3554 1552 653 
3206 570 1832 3556 3555 
3207 1832 569 3307 3556 
3208 3556 3307 991 1699 
3209 3555 3556 1699 571 
3210 914 3557 3558 3344 
3211 3557 570 3555 3558 
3212 3558 3555 571 2975 
3213 3344 3558 2975 1115 
3214 1122 1833 3560 3559 
3215 1833 570 3557 3560 
3216 3560 3557 914 2590 
3217 3559 3560 2590 713 
3218 993 2759 3561 3105 
3219 2759 584 1783 3561 
3220 3561 1783 709 1827 
3221 3105 3561 1827 705 
3222 1122 3559 3562 2758 
3223 3559 713 1775 3562 
3224 3562 1775 711 1781 
3225 2758 3562 1781 584 
3226 1128 1475 3564 2661 
3227 1475 590 1355 3564 
3228 3564 1355 585 3563 
3229 2661 3564 3563 613 
3230 582 3565 3566 2715 
3231 3565 751 1717 3566 
3232 3566 1717 613 3563 
3233 2715 3566 3563 585 
3234 854 3567 3568 3194 
3235 3567 587 1356 3568 
3236 3568 1356 590 1474 
3237 3194 3568 1474 591 
3238 1118 3412 3569 3193 
3239 3412 602 1365 3569 
3240 3569 1365 587 3567 
3241 3193 3569 3567 854 
3242 702 2904 3572 3571 
3243 2904 940 2635 3572 
3244 3572 2635 597 3570 
3245 3571 3572 3570 594 
3246 575 3106 3573 1205 
3247 3106 703 1761 3573 
3248 3573 1761 702 3571 
3249 1205 3573 3571 594 
3250 594 3570 3574 1206 
3251 3570 597 1655 3574 
3252 3574 1655 974 3385 
3253 1206 3574 3385 595 
3254 1111 2913 3575 3282 
3255 2913 601 1366 3575 
3256 3575 1366 602 3411 
3257 3282 3575 3411 603 
3258 579 3499 3576 1620 
3259 3499 1124 1627 3576 
3260 3576 1627 1125 1557 
3261 1620 3576 1557 608 
3262 1129 1621 3577 2988 
3263 1621 608 1533 3577 
3264 3577 1533 1138 3454 
3265 2988 3577 3454 1135 
3266 582 3578 3579 3565 
3267 3578 999 3199 3579 
3268 3579 3199 612 1489 
3269 3565 3579 1489 751 
3270 994 3539 3580 3290 
3271 3539 776 1752 3580 
3272 3580 1752 775 2826 
3273 3290 3580 2826 616 
3274 925 3424 3581 2861 
3275 3424 628 3429 3581 
3276 3581 3429 630 3272 
3277 2861 3581 3272 946 
3278 646 1722 3582 3013 
3279 1722 647 3552 3582 
3280 3582 3552 634 1192 
3281 3013 3582 1192 644 
3282 662 1787 3584 3583 
3283 1787 660 1823 3584 
3284 3584 1823 862 2997 
3285 3583 3584 2997 663 
3286 663 3258 3585 3583 
3287 3258 904 3223 3585 
3288 3585 3223 665 2612 
3289 3583 3585 2612 662 
3290 1127 3446 3586 3498 
3291 3446 722 2503 3586 
3292 3586 2503 1126 1625 
3293 3498 3586 1625 1124 
3294 784 1273 3587 1806 
3295 1273 1094 1924 3587 
3296 3587 1924 888 2557 
3297 1806 3587 2557 783 
3298 786 3070 3588 1707 
3299 3070 982 3535 3588 
3300 3588 3535 784 1805 
3301 1707 3588 1805 785 
3302 880 2510 3589 3068 
3303 2510 808 1764 3589 
3304 3589 1764 809 2801 
3305 3068 3589 2801 1002 
3306 661 2581 3591 1814 
3307 2581 860 3590 3591 
3308 3591 3590 921 2471 
3309 1814 3591 2471 861 
3310 865 3592 3593 2809 
3311 3592 921 3590 3593 
3312 3593 3590 860 2805 
3313 2809 3593 2805 920 
3314 421 2645 3594 2808 
3315 2645 864 2649 3594 
3316 3594 2649 866 3524 
3317 2808 3594 3524 865 
3318 630 2472 3595 3273 
3319 2472 921 3592 3595 
3320 3595 3592 865 3525 
3321 3273 3595 3525 952 
3322 937 3596 3598 3333 
3323 3596 900 3597 3598 
3324 3598 3597 1079 3036 
3325 3333 3598 3036 1158 
3326 1038 3599 3601 3600 
3327 3599 916 1212 3601 
3328 3601 1212 917 3219 
3329 3600 3601 3219 918 
3330 960 3319 3603 3602 
3331 3319 932 3470 3603 
3332 3603 3470 1102 3316 
3333 3602 3603 3316 961 
3334 916 3604 3606 2836 
3335 3604 1036 3605 3606 
3336 3606 3605 1099 3469 
3337 2836 3606 3469 932 
3338 900 3596 3608 1713 
3339 3596 937 3276 3608 
3340 3608 3276 1098 3607 
3341 1713 3608 3607 936 
3342 938 3141 3610 3609 
3343 3141 936 3607 3610 
3344 3610 3607 1098 3093 
3345 3609 3610 3093 939 
3346 1095 3342 3611 2953 
3347 3342 938 3609 3611 
3348 3611 3609 939 2697 
3349 2953 3611 2697 1097 
3350 1073 3612 3613 3297 
3351 3612 960 3602 3613 
3352 3613 3602 961 2793 
3353 3297 3613 2793 1076 
3354 962 3320 3616 3615 
3355 3320 960 3612 3616 
3356 3616 3612 1073 3614 
3357 3615 3616 3614 1071 
3358 582 3507 3617 3578 
3359 3507 1131 3494 3617 
3360 3617 3494 1136 3479 
3361 3578 3617 3479 999 
3362 1075 1570 3618 3216 
3363 1570 1037 3152 3618 
3364 3618 3152 1099 3605 
3365 3216 3618 3605 1036 
3366 916 3599 3621 3604 
3367 3599 1038 3619 3621 
3368 3621 3619 1100 3620 
3369 3604 3621 3620 1036 
3370 1077 3217 3622 2653 
3371 3217 1036 3620 3622 
3372 3622 3620 1100 2656 
3373 2653 3622 2656 1039 
3374 1100 3619 3625 2657 
3375 3619 1038 3623 3625 
3376 3625 3623 1041 3624 
3377 2657 3625 3624 1043 
3378 918 3626 3628 3600 
3379 3626 1048 3627 3628 
3380 3628 3627 1041 3623 
3381 3600 3628 3623 1038 
3382 1042 3187 3629 2373 
3383 3187 1043 3624 3629 
3384 3629 3624 1041 2351 
3385 2373 3629 2351 1040 
3386 1047 2422 3630 1400 
3387 2422 1045 2550 3630 
3388 3630 2550 1041 3627 
3389 1400 3630 3627 1048 
3390 918 3221 3632 3626 
3391 3221 1046 3631 3632 
3392 3632 3631 1050 1397 
3393 3626 3632 1397 1048 
3394 1155 3380 3633 2995 
3395 3380 1050 3631 3633 
3396 3633 3631 1046 1889 
3397 2995 3633 1889 1154 
3398 1054 2994 3635 2507 
3399 2994 1147 3634 3635 
3400 3635 3634 1148 1911 
3401 2507 3635 1911 1057 
3402 1074 2866 3636 3296 
3403 2866 1069 2356 3636 
3404 3636 2356 1071 3614 
3405 3296 3636 3614 1073 
3406 962 3615 3637 3205 
3407 3615 1071 1606 3637 
3408 3637 1606 1080 3002 
3409 3205 3637 3002 1078 
3410 900 3206 3638 3597 
3411 3206 1078 3001 3638 
3412 3638 3001 1114 3456 
3413 3597 3638 3456 1079 
3414 1132 3508 3639 3100 
3415 3508 1130 3501 3639 
3416 3639 3501 1129 2987 
3417 3100 3639 2987 1133 
3418 1055 3516 3641 1891 
3419 3516 1146 3519 3641 
3420 3641 3519 1156 3640 
3421 1891 3641 3640 1147 
3422 1150 2516 3643 3642 
3423 2516 1148 3634 3643 
3424 3643 3634 1147 3640 
3425 3642 3643 3640 1156 
3426 1150 3642 3644 2520 
3427 3642 1156 3518 3644 
3428 3644 3518 1153 2569 
3429 2520 3644 2569 1151 
3430 305 306 3645 1172 
3431 306 307 1171 3645 
3432 1172 3645 1171 422 
3433 422 1173 3646 1172 
3434 1173 303 304 3646 
3435 1172 3646 304 305 
3436 311 312 3647 1175 
3437 312 313 1174 3647 
3438 1175 3647 1174 946 
3439 946 1176 3648 1175 
3440 1176 309 310 3648 
3441 1175 3648 310 311 
2 2 3 3136
3442 3740 4353 4357 4356 
3443 4353 343 4354 4357 
3444 4357 4354 4239 4355 
3445 4356 4357 4355 4240 
3446 4238 4358 4361 4360 
3447 4358 4237 4359 4361 
3448 4361 4359 4240 4355 
3449 4360 4361 4355 4239 
3450 3685 4362 4366 4365 
3451 4362 3686 4363 4366 
3452 4366 4363 3725 4364 
3453 4365 4366 4364 3687 
3454 3700 4367 4371 4370 
3455 4367 3720 4368 4371 
3456 4371 4368 4352 4369 
3457 4370 4371 4369 3705 
3458 3816 4372 4376 4375 
3459 4372 3813 4373 4376 
3460 4376 4373 3828 4374 
3461 4375 4376 4374 3817 
3462 3976 4377 4381 4380 
3463 4377 4295 4378 4381 
3464 4381 4378 4089 4379 
3465 4380 4381 4379 4088 
3466 3958 4382 4386 4385 
3467 4382 3956 4383 4386 
3468 4386 4383 4305 4384 
3469 4385 4386 4384 3959 
3470 3890 4387 4391 4390 
3471 4387 3891 4388 4391 
3472 4391 4388 3908 4389 
3473 4390 4391 4389 3907 
3474 3980 4392 4396 4395 
3475 4392 3954 4393 4396 
3476 4396 4393 3952 4394 
3477 4395 4396 4394 4094 
3478 3729 4397 4401 4400 
3479 4397 3714 4398 4401 
3480 4401 4398 385 4399 
3481 4400 4401 4399 3676 
3482 3696 4402 4406 4405 
3483 4402 3694 4403 4406 
3484 4406 4403 4346 4404 
3485 4405 4406 4404 3697 
3486 4161 4407 4411 4410 
3487 4407 4160 4408 4411 
3488 4411 4408 4164 4409 
3489 4410 4411 4409 4181 
3490 3822 4412 4416 4415 
3491 4412 4121 4413 4416 
3492 4416 4413 3823 4414 
3493 4415 4416 4414 3821 
3494 3950 4417 4421 4420 
3495 4417 4003 4418 4421 
3496 4421 4418 4059 4419 
3497 4420 4421 4419 3990 
3498 4164 4422 4426 4425 
3499 4422 4163 4423 4426 
3500 4426 4423 4165 4424 
3501 4425 4426 4424 4056 
3502 4110 4427 4431 4430 
3503 4427 3931 4428 4431 
3504 4431 4428 4109 4429 
3505 4430 4431 4429 4067 
3506 3687 4432 4436 4435 
3507 4432 4293 4433 4436 
3508 4436 4433 3689 4434 
3509 4435 4436 4434 3688 
3510 3898 4437 4441 4440 
3511 4437 3906 4438 4441 
3512 4441 4438 3819 4439 
3513 4440 4441 4439 4287 
3514 3685 4442 4445 4362 
3515 4442 3684 4443 4445 
3516 4445 4443 4197 4444 
3517 4362 4445 4444 3686 
3518 3800 4446 4448 4447 
3519 4446 3676 4399 4448 
3520 4448 4399 385 386 
3521 4447 4448 386 387 
3522 3876 4449 4453 4452 
3523 4449 3896 4450 4453 
3524 4453 4450 3811 4451 
3525 4452 4453 4451 3897 
3526 3817 4454 4457 4375 
3527 4454 4287 4455 4457 
3528 4457 4455 3818 4456 
3529 4375 4457 4456 3816 
3530 3684 4458 4462 4461 
3531 4458 3683 4459 4462 
3532 4462 4459 389 4460 
3533 4461 4462 4460 3677 
3534 3996 4463 4467 4466 
3535 4463 4119 4464 4467 
3536 4467 4464 3981 4465 
3537 4466 4467 4465 3710 
3538 3967 4468 4471 4470 
3539 4468 3973 4469 4471 
3540 4471 4469 3981 4464 
3541 4470 4471 4464 4119 
3542 3712 4472 4476 4475 
3543 4472 3751 4473 4476 
3544 4476 4473 4297 4474 
3545 4475 4476 4474 3750 
3546 4304 4477 4481 4480 
3547 4477 4019 4478 4481 
3548 4481 4478 4020 4479 
3549 4480 4481 4479 4111 
3550 4088 4482 4485 4380 
3551 4482 4103 4483 4485 
3552 4485 4483 4306 4484 
3553 4380 4485 4484 3976 
3554 3758 4486 4490 4489 
3555 4486 3680 4487 4490 
3556 4490 4487 3753 4488 
3557 4489 4490 4488 3757 
3558 339 340 4494 4493 
3559 340 341 4491 4494 
3560 4494 4491 3724 4492 
3561 4493 4494 4492 3670 
3562 3970 4495 4499 4498 
3563 4495 3972 4496 4499 
3564 4499 4496 4063 4497 
3565 4498 4499 4497 4133 
3566 3974 4500 4504 4503 
3567 4500 3984 4501 4504 
3568 4504 4501 3986 4502 
3569 4503 4504 4502 3979 
3570 4197 4505 4508 4444 
3571 4505 3722 4506 4508 
3572 4508 4506 3795 4507 
3573 4444 4508 4507 3686 
3574 3728 4509 4513 4512 
3575 4509 4351 4510 4513 
3576 4513 4510 3714 4511 
3577 4512 4513 4511 3794 
3578 4192 4514 4518 4517 
3579 4514 4176 4515 4518 
3580 4518 4515 4347 4516 
3581 4517 4518 4516 4191 
3582 4305 4519 4521 4384 
3583 4519 4304 4480 4521 
3584 4521 4480 4111 4520 
3585 4384 4521 4520 3959 
3586 3675 4522 4525 4524 
3587 4522 3721 4523 4525 
3588 4525 4523 3795 4506 
3589 4524 4525 4506 3722 
3590 4104 4526 4530 4529 
3591 4526 4127 4527 4530 
3592 4530 4527 4096 4528 
3593 4529 4530 4528 4273 
3594 3810 4531 4535 4534 
3595 4531 3809 4532 4535 
3596 4535 4532 3807 4533 
3597 4534 4535 4533 4275 
3598 3754 4536 4540 4539 
3599 4536 3753 4537 4540 
3600 4540 4537 3752 4538 
3601 4539 4540 4538 4302 
3602 3858 4541 4545 4544 
3603 4541 3900 4542 4545 
3604 4545 4542 3836 4543 
3605 4544 4545 4543 3904 
3606 4055 4546 4550 4549 
3607 4546 4165 4547 4550 
3608 4550 4547 4054 4548 
3609 4549 4550 4548 4051 
3610 3730 4551 4555 4554 
3611 4551 3679 4552 4555 
3612 4555 4552 4319 4553 
3613 4554 4555 4553 3738 
3614 3800 4447 4557 4556 
3615 4447 387 388 4557 
3616 4557 388 389 4459 
3617 4556 4557 4459 3683 
3618 3964 4558 4562 4561 
3619 4558 3970 4559 4562 
3620 4562 4559 3968 4560 
3621 4561 4562 4560 3967 
3622 4008 4563 4567 4566 
3623 4563 4005 4564 4567 
3624 4567 4564 4007 4565 
3625 4566 4567 4565 4120 
3626 4263 4568 4571 4570 
3627 4568 3730 4554 4571 
3628 4571 4554 3738 4569 
3629 4570 4571 4569 3677 
3630 4302 4572 4576 4575 
3631 4572 4145 4573 4576 
3632 4576 4573 4158 4574 
3633 4575 4576 4574 3755 
3634 3901 4577 4581 4580 
3635 4577 3902 4578 4581 
3636 4581 4578 3839 4579 
3637 4580 4581 4579 4134 
3638 3930 4582 4586 4585 
3639 4582 3822 4583 4586 
3640 4586 4583 4310 4584 
3641 4585 4586 4584 3928 
3642 4297 4587 4590 4589 
3643 4587 3752 4537 4590 
3644 4590 4537 3753 4588 
3645 4589 4590 4588 3682 
3646 3822 4415 4593 4583 
3647 4415 3821 4591 4593 
3648 4593 4591 3818 4592 
3649 4583 4593 4592 4310 
3650 3692 4594 4598 4597 
3651 4594 4246 4595 4598 
3652 4598 4595 3884 4596 
3653 4597 4598 4596 3883 
3654 3937 4599 4603 4602 
3655 4599 4196 4600 4603 
3656 4603 4600 4065 4601 
3657 4602 4603 4601 3932 
3658 3838 4604 4608 4607 
3659 4604 3830 4605 4608 
3660 4608 4605 3814 4606 
3661 4607 4608 4606 3837 
3662 3730 4609 4611 4551 
3663 4609 396 397 4611 
3664 4611 397 398 4610 
3665 4551 4611 4610 3679 
3666 3759 4612 4614 4613 
3667 4612 3757 4488 4614 
3668 4614 4488 3753 4536 
3669 4613 4614 4536 3754 
3670 4082 4615 4618 4617 
3671 4615 3944 4616 4618 
3672 4618 4616 4120 4565 
3673 4617 4618 4565 4007 
3674 4049 4619 4623 4622 
3675 4619 4186 4620 4623 
3676 4623 4620 4187 4621 
3677 4622 4623 4621 4052 
3678 4148 4624 4627 4626 
3679 4624 4158 4573 4627 
3680 4627 4573 4145 4625 
3681 4626 4627 4625 4144 
3682 4303 4628 4631 4630 
3683 4628 4019 4477 4631 
3684 4631 4477 4304 4629 
3685 4630 4631 4629 3977 
3686 3830 4632 4635 4605 
3687 4632 3829 4633 4635 
3688 4635 4633 3828 4634 
3689 4605 4635 4634 3814 
3690 3919 4636 4640 4639 
3691 4636 3913 4637 4640 
3692 4640 4637 4343 4638 
3693 4639 4640 4638 4266 
3694 4250 4641 4645 4644 
3695 4641 4246 4642 4645 
3696 4645 4642 3881 4643 
3697 4644 4645 4643 4247 
3698 4105 4646 4649 4648 
3699 4646 3962 4647 4649 
3700 4649 4647 4111 4479 
3701 4648 4649 4479 4020 
3702 4315 4650 4653 4652 
3703 4650 3836 4542 4653 
3704 4653 4542 3900 4651 
3705 4652 4653 4651 3859 
3706 3789 4654 4657 4656 
3707 4654 3757 4612 4657 
3708 4657 4612 3759 4655 
3709 4656 4657 4655 3787 
3710 3849 4658 4662 4661 
3711 4658 3909 4659 4662 
3712 4662 4659 3891 4660 
3713 4661 4662 4660 3892 
3714 4313 4663 4667 4666 
3715 4663 3918 4664 4667 
3716 4667 4664 4285 4665 
3717 4666 4667 4665 3927 
3718 4110 4430 4671 4670 
3719 4430 4067 4668 4671 
3720 4671 4668 4292 4669 
3721 4670 4671 4669 3936 
3722 4307 4672 4675 4674 
3723 4672 3693 4673 4675 
3724 4675 4673 3688 4434 
3725 4674 4675 4434 3689 
3726 4187 4676 4680 4679 
3727 4676 4189 4677 4680 
3728 4680 4677 4153 4678 
3729 4679 4680 4678 4188 
3730 3820 4681 4684 4683 
3731 4681 3689 4433 4684 
3732 4684 4433 4293 4682 
3733 4683 4684 4682 4272 
3734 4044 4685 4689 4688 
3735 4685 4183 4686 4689 
3736 4689 4686 3665 4687 
3737 4688 4689 4687 4043 
3738 3967 4470 4692 4691 
3739 4470 4119 4463 4692 
3740 4692 4463 3996 4690 
3741 4691 4692 4690 3963 
3742 4127 4693 4696 4527 
3743 4693 4100 4694 4696 
3744 4696 4694 4130 4695 
3745 4527 4696 4695 4096 
3746 3708 4697 4700 4699 
3747 4697 3706 4698 4700 
3748 4700 4698 3705 4369 
3749 4699 4700 4369 4352 
3750 3803 4701 4705 4704 
3751 4701 4344 4702 4705 
3752 4705 4702 3807 4703 
3753 4704 4705 4703 3806 
3754 3806 4706 4709 4704 
3755 4706 3802 4707 4709 
3756 4709 4707 4286 4708 
3757 4704 4709 4708 3803 
3758 3712 4710 4714 4713 
3759 4710 3711 4711 4714 
3760 4714 4711 3708 4712 
3761 4713 4714 4712 4350 
3762 3726 4715 4719 4718 
3763 4715 380 4716 4719 
3764 4719 4716 3744 4717 
3765 4718 4719 4717 3728 
3766 4318 4720 4723 4722 
3767 4720 4106 4721 4723 
3768 4723 4721 3710 4465 
3769 4722 4723 4465 3981 
3770 389 390 4725 4460 
3771 390 391 4724 4725 
3772 4725 4724 4263 4570 
3773 4460 4725 4570 3677 
3774 4095 4726 4730 4729 
3775 4726 4094 4727 4730 
3776 4730 4727 4130 4728 
3777 4729 4730 4728 4288 
3778 4334 4731 4735 4734 
3779 4731 3667 4732 4735 
3780 4735 4732 4335 4733 
3781 4734 4735 4733 4331 
3782 4270 4736 4740 4739 
3783 4736 3700 4737 4740 
3784 4740 4737 3702 4738 
3785 4739 4740 4738 3696 
3786 4047 4741 4745 4744 
3787 4741 4282 4742 4745 
3788 4745 4742 4280 4743 
3789 4744 4745 4743 4281 
3790 4294 4746 4750 4749 
3791 4746 3956 4747 4750 
3792 4750 4747 3955 4748 
3793 4749 4750 4748 3954 
3794 4307 4751 4754 4672 
3795 4751 3694 4752 4754 
3796 4754 4752 3695 4753 
3797 4672 4754 4753 3693 
3798 3846 4755 4759 4758 
3799 4755 3892 4756 4759 
3800 4759 4756 3847 4757 
3801 4758 4759 4757 3851 
3802 3909 4658 4763 4762 
3803 4658 3849 4760 4763 
3804 4763 4760 3850 4761 
3805 4762 4763 4761 3925 
3806 3915 4764 4768 4767 
3807 4764 3916 4765 4768 
3808 4768 4765 4077 4766 
3809 4767 4768 4766 4078 
3810 4220 4769 4773 4772 
3811 4769 4219 4770 4773 
3812 4773 4770 3655 4771 
3813 4772 4773 4771 4228 
3814 4047 4774 4777 4776 
3815 4774 3658 4775 4777 
3816 4777 4775 4052 4621 
3817 4776 4777 4621 4187 
3818 4226 4778 4782 4781 
3819 4778 4224 4779 4782 
3820 4782 4779 4222 4780 
3821 4781 4782 4780 4223 
3822 4331 4783 4787 4786 
3823 4783 4330 4784 4787 
3824 4787 4784 4341 4785 
3825 4786 4787 4785 4329 
3826 4017 4788 4791 4790 
3827 4788 4020 4478 4791 
3828 4791 4478 4019 4789 
3829 4790 4791 4789 4016 
3830 3766 4792 4796 4795 
3831 4792 3770 4793 4796 
3832 4796 4793 3768 4794 
3833 4795 4796 4794 3765 
3834 3905 4797 4801 4800 
3835 4797 3865 4798 4801 
3836 4801 4798 3864 4799 
3837 4800 4801 4799 3894 
3838 3769 4802 4805 4804 
3839 4802 3767 4803 4805 
3840 4805 4803 3765 4794 
3841 4804 4805 4794 3768 
3842 3866 4806 4809 4808 
3843 4806 3862 4807 4809 
3844 4809 4807 3864 4798 
3845 4808 4809 4798 3865 
3846 4331 4786 4812 4734 
3847 4786 4329 4810 4812 
3848 4812 4810 4333 4811 
3849 4734 4812 4811 4334 
3850 4225 4813 4817 4816 
3851 4813 4221 4814 4817 
3852 4817 4814 4220 4815 
3853 4816 4817 4815 4222 
3854 4329 4785 4821 4820 
3855 4785 4341 4818 4821 
3856 4821 4818 4328 4819 
3857 4820 4821 4819 4327 
3858 4173 4822 4826 4825 
3859 4822 4172 4823 4826 
3860 4826 4823 4171 4824 
3861 4825 4826 4824 4170 
3862 4089 4827 4830 4379 
3863 4827 4087 4828 4830 
3864 4830 4828 4085 4829 
3865 4379 4830 4829 4088 
3866 4222 4815 4832 4780 
3867 4815 4220 4772 4832 
3868 4832 4772 4228 4831 
3869 4780 4832 4831 4223 
3870 3875 4833 4837 4836 
3871 4833 4249 4834 4837 
3872 4837 4834 3881 4835 
3873 4836 4837 4835 3880 
3874 3760 4838 4842 4841 
3875 4838 3772 4839 4842 
3876 4842 4839 3773 4840 
3877 4841 4842 4840 3786 
3878 3895 4843 4847 4846 
3879 4843 3871 4844 4847 
3880 4847 4844 3870 4845 
3881 4846 4847 4845 3869 
3882 4333 4848 4851 4850 
3883 4848 3663 4849 4851 
3884 4851 4849 62 61 
3885 4850 4851 61 60 
3886 4174 4852 4855 4854 
3887 4852 3756 4853 4855 
3888 4855 4853 98 97 
3889 4854 4855 97 96 
3890 4218 4856 4859 4858 
3891 4856 4230 4857 4859 
3892 4859 4857 4228 4771 
3893 4858 4859 4771 3655 
3894 4332 4860 4863 4862 
3895 4860 4326 4861 4863 
3896 4863 4861 4327 4819 
3897 4862 4863 4819 4328 
3898 3770 4792 4867 4866 
3899 4792 3766 4864 4867 
3900 4867 4864 3782 4865 
3901 4866 4867 4865 3771 
3902 4042 4868 4872 4871 
3903 4868 3664 4869 4872 
3904 4872 4869 4026 4870 
3905 4871 4872 4870 4075 
3906 178 4873 4876 179 
3907 4873 4101 4874 4876 
3908 4876 4874 3704 4875 
3909 179 4876 4875 180 
3910 176 4877 4879 177 
3911 4877 3701 4878 4879 
3912 4879 4878 4101 4873 
3913 177 4879 4873 178 
3914 3663 4848 4881 4880 
3915 4848 4333 4810 4881 
3916 4881 4810 4329 4820 
3917 4880 4881 4820 4327 
3918 4175 4882 4885 4884 
3919 4882 4173 4825 4885 
3920 4885 4825 4170 4883 
3921 4884 4885 4883 4174 
3922 4072 4886 4890 4889 
3923 4886 4026 4887 4890 
3924 4890 4887 4070 4888 
3925 4889 4890 4888 4071 
3926 4000 4891 4895 4894 
3927 4891 3999 4892 4895 
3928 4895 4892 3943 4893 
3929 4894 4895 4893 3998 
3930 4007 4564 4899 4898 
3931 4564 4005 4896 4899 
3932 4899 4896 3934 4897 
3933 4898 4899 4897 4004 
3934 3917 4900 4904 4903 
3935 4900 3914 4901 4904 
3936 4904 4901 3912 4902 
3937 4903 4904 4902 3915 
3938 4246 4594 4906 4642 
3939 4594 3692 4905 4906 
3940 4906 4905 3880 4835 
3941 4642 4906 4835 3881 
3942 4249 4833 4910 4909 
3943 4833 3875 4907 4910 
3944 4910 4907 3877 4908 
3945 4909 4910 4908 3878 
3946 4213 4911 4914 4913 
3947 4911 3882 4912 4914 
3948 4914 4912 3883 4596 
3949 4913 4914 4596 3884 
3950 3842 4915 4919 4918 
3951 4915 3831 4916 4919 
3952 4919 4916 3840 4917 
3953 4918 4919 4917 3841 
3954 3892 4755 4922 4661 
3955 4755 3846 4920 4922 
3956 4922 4920 3848 4921 
3957 4661 4922 4921 3849 
3958 4321 4923 4927 4926 
3959 4923 3784 4924 4927 
3960 4927 4924 3783 4925 
3961 4926 4927 4925 3774 
3962 4017 4790 4931 4930 
3963 4790 4016 4928 4931 
3964 4931 4928 4015 4929 
3965 4930 4931 4929 3960 
3966 3766 4795 4935 4934 
3967 4795 3765 4932 4935 
3968 4935 4932 3762 4933 
3969 4934 4935 4933 3764 
3970 4165 4546 4938 4424 
3971 4546 4055 4936 4938 
3972 4938 4936 3659 4937 
3973 4424 4938 4937 4056 
3974 4186 4619 4942 4941 
3975 4619 4049 4939 4942 
3976 4942 4939 4048 4940 
3977 4941 4942 4940 4050 
3978 3786 4943 4946 4841 
3979 4943 3776 4944 4946 
3980 4946 4944 3775 4945 
3981 4841 4946 4945 3760 
3982 3869 4947 4949 4846 
3983 4947 3866 4808 4949 
3984 4949 4808 3865 4948 
3985 4846 4949 4948 3895 
3986 4058 4950 4954 4953 
3987 4950 4057 4951 4954 
3988 4954 4951 4041 4952 
3989 4953 4954 4952 3650 
3990 4030 4955 4959 4958 
3991 4955 4062 4956 4959 
3992 4959 4956 3656 4957 
3993 4958 4959 4957 4045 
3994 4002 4960 4964 4963 
3995 4960 4000 4961 4964 
3996 4964 4961 4057 4962 
3997 4963 4964 4962 4003 
3998 4031 4965 4968 4967 
3999 4965 4032 4966 4968 
4000 4968 4966 4062 4955 
4001 4967 4968 4955 4030 
4002 4022 4969 4972 4971 
4003 4969 3665 4686 4972 
4004 4972 4686 4183 4970 
4005 4971 4972 4970 4023 
4006 3779 4973 4976 4975 
4007 4973 3786 4840 4976 
4008 4976 4840 3773 4974 
4009 4975 4976 4974 3787 
4010 264 4977 4980 265 
4011 4977 3872 4978 4980 
4012 4980 4978 3654 4979 
4013 265 4980 4979 266 
4014 262 4981 4983 263 
4015 4981 3863 4982 4983 
4016 4983 4982 3872 4977 
4017 263 4983 4977 264 
4018 3778 4984 4986 4985 
4019 4984 3776 4943 4986 
4020 4986 4943 3786 4973 
4021 4985 4986 4973 3779 
4022 4248 4987 4991 4990 
4023 4987 3878 4988 4991 
4024 4991 4988 3885 4989 
4025 4990 4991 4989 3886 
4026 166 4992 4995 167 
4027 4992 3649 4993 4995 
4028 4995 4993 4086 4994 
4029 167 4995 4994 168 
4030 280 4996 4999 281 
4031 4996 3882 4997 4999 
4032 4999 4997 4216 4998 
4033 281 4999 4998 282 
4034 68 67 5003 5002 
4035 67 66 5000 5003 
4036 5003 5000 4323 5001 
4037 5002 5003 5001 3774 
4038 104 103 5007 5006 
4039 103 102 5004 5007 
4040 5007 5004 4166 5005 
4041 5006 5007 5005 3659 
4042 50 49 5011 5010 
4043 49 48 5008 5011 
4044 5011 5008 3736 5009 
4045 5010 5011 5009 3668 
4046 190 5012 5014 191 
4047 5012 3998 4893 5014 
4048 5014 4893 3943 5013 
4049 191 5014 5013 192 
4050 200 5015 5017 201 
4051 5015 4004 4897 5017 
4052 5017 4897 3934 5016 
4053 201 5017 5016 202 
4054 48 47 5020 5008 
4055 47 46 5018 5020 
4056 5020 5018 3674 5019 
4057 5008 5020 5019 3736 
4058 220 5021 5023 221 
4059 5021 3912 4901 5023 
4060 5023 4901 3914 5022 
4061 221 5023 5022 222 
4062 244 5024 5027 245 
4063 5024 3853 5025 5027 
4064 5027 5025 3653 5026 
4065 245 5027 5026 246 
4066 216 5028 5031 217 
4067 5028 3698 5029 5031 
4068 5031 5029 3920 5030 
4069 217 5031 5030 218 
4070 194 5032 5035 195 
4071 5032 4013 5033 5035 
4072 5035 5033 3699 5034 
4073 195 5035 5034 196 
4074 188 5036 5038 189 
4075 5036 4041 5037 5038 
4076 5038 5037 3998 5012 
4077 189 5038 5012 190 
4078 208 5039 5042 209 
4079 5039 4010 5040 5042 
4080 5042 5040 4009 5041 
4081 209 5042 5041 210 
4082 228 5043 5046 229 
4083 5043 3856 5044 5046 
4084 5046 5044 3848 5045 
4085 229 5046 5045 230 
4086 248 5047 5050 249 
4087 5047 3855 5048 5050 
4088 5050 5048 3840 5049 
4089 249 5050 5049 250 
4090 204 5051 5054 205 
4091 5051 4012 5052 5054 
4092 5054 5052 3651 5053 
4093 205 5054 5053 206 
4094 206 5053 5056 207 
4095 5053 3651 5055 5056 
4096 5056 5055 4010 5039 
4097 207 5056 5039 208 
4098 246 5026 5058 247 
4099 5026 3653 5057 5058 
4100 5058 5057 3855 5047 
4101 247 5058 5047 248 
4102 242 5059 5061 243 
4103 5059 3852 5060 5061 
4104 5061 5060 3853 5024 
4105 243 5061 5024 244 
4106 196 5034 5064 197 
4107 5034 3699 5062 5064 
4108 5064 5062 4014 5063 
4109 197 5064 5063 198 
4110 274 5065 5067 275 
4111 5065 3880 4905 5067 
4112 5067 4905 3692 5066 
4113 275 5067 5066 276 
4114 270 5068 5070 271 
4115 5068 3877 4907 5070 
4116 5070 4907 3875 5069 
4117 271 5070 5069 272 
4118 276 5066 5072 277 
4119 5066 3692 4597 5072 
4120 5072 4597 3883 5071 
4121 277 5072 5071 278 
4122 278 5071 5073 279 
4123 5071 3883 4912 5073 
4124 5073 4912 3882 4996 
4125 279 5073 4996 280 
4126 272 5069 5074 273 
4127 5069 3875 4836 5074 
4128 5074 4836 3880 5065 
4129 273 5074 5065 274 
4130 210 5041 5077 211 
4131 5041 4009 5075 5077 
4132 5077 5075 3929 5076 
4133 211 5077 5076 212 
4134 236 5078 5081 237 
4135 5078 3716 5079 5081 
4136 5081 5079 3844 5080 
4137 237 5081 5080 238 
4138 234 5082 5084 235 
4139 5082 3851 5083 5084 
4140 5084 5083 3716 5078 
4141 235 5084 5078 236 
4142 260 5085 5087 261 
4143 5085 3867 5086 5087 
4144 5087 5086 3863 4981 
4145 261 5087 4981 262 
4146 230 5045 5089 231 
4147 5045 3848 4920 5089 
4148 5089 4920 3846 5088 
4149 231 5089 5088 232 
4150 252 5090 5093 253 
4151 5090 3831 5091 5093 
4152 5093 5091 3857 5092 
4153 253 5093 5092 254 
4154 256 5094 5097 257 
4155 5094 3691 5095 5097 
4156 5097 5095 3868 5096 
4157 257 5097 5096 258 
4158 214 5098 5100 215 
4159 5098 4039 5099 5100 
4160 5100 5099 3698 5028 
4161 215 5100 5028 216 
4162 226 5101 5103 227 
4163 5101 3652 5102 5103 
4164 5103 5102 3856 5043 
4165 227 5103 5043 228 
4166 258 5096 5105 259 
4167 5096 3868 5104 5105 
4168 5105 5104 3867 5085 
4169 259 5105 5085 260 
4170 250 5049 5106 251 
4171 5049 3840 4916 5106 
4172 5106 4916 3831 5090 
4173 251 5106 5090 252 
4174 254 5092 5108 255 
4175 5092 3857 5107 5108 
4176 5108 5107 3691 5094 
4177 255 5108 5094 256 
4178 202 5016 5110 203 
4179 5016 3934 5109 5110 
4180 5110 5109 4012 5051 
4181 203 5110 5051 204 
4182 212 5076 5112 213 
4183 5076 3929 5111 5112 
4184 5112 5111 4039 5098 
4185 213 5112 5098 214 
4186 232 5088 5113 233 
4187 5088 3846 4758 5113 
4188 5113 4758 3851 5082 
4189 233 5113 5082 234 
4190 238 5080 5116 239 
4191 5080 3844 5114 5116 
4192 5116 5114 3833 5115 
4193 239 5116 5115 240 
4194 218 5030 5118 219 
4195 5030 3920 5117 5118 
4196 5118 5117 3912 5021 
4197 219 5118 5021 220 
4198 240 5115 5120 241 
4199 5115 3833 5119 5120 
4200 5120 5119 3852 5059 
4201 241 5120 5059 242 
4202 224 5121 5123 225 
4203 5121 3921 5122 5123 
4204 5123 5122 3652 5101 
4205 225 5123 5101 226 
4206 192 5013 5125 193 
4207 5013 3943 5124 5125 
4208 5125 5124 4013 5032 
4209 193 5125 5032 194 
4210 222 5022 5127 223 
4211 5022 3914 5126 5127 
4212 5127 5126 3921 5121 
4213 223 5127 5121 224 
4214 186 5128 5129 187 
4215 5128 3650 4952 5129 
4216 5129 4952 4041 5036 
4217 187 5129 5036 188 
4218 198 5063 5131 199 
4219 5063 4014 5130 5131 
4220 5131 5130 4004 5015 
4221 199 5131 5015 200 
4222 46 45 5134 5018 
4223 45 44 5132 5134 
4224 5134 5132 3733 5133 
4225 5018 5134 5133 3674 
4226 164 5135 5137 165 
4227 5135 4021 5136 5137 
4228 5137 5136 3649 4992 
4229 165 5137 4992 166 
4230 70 69 5139 5138 
4231 69 68 5002 5139 
4232 5139 5002 3774 4925 
4233 5138 5139 4925 3783 
4234 72 71 5142 5141 
4235 71 70 5138 5142 
4236 5142 5138 3783 5140 
4237 5141 5142 5140 3662 
4238 162 5143 5145 163 
4239 5143 4015 5144 5145 
4240 5145 5144 4021 5135 
4241 163 5145 5135 164 
4242 74 73 5148 5147 
4243 73 72 5141 5148 
4244 5148 5141 3662 5146 
4245 5147 5148 5146 3772 
4246 160 5149 5150 161 
4247 5149 3960 4929 5150 
4248 5150 4929 4015 5143 
4249 161 5150 5143 162 
4250 76 75 5152 5151 
4251 75 74 5147 5152 
4252 5152 5147 3772 4838 
4253 5151 5152 4838 3760 
4254 88 87 5155 5154 
4255 87 86 5153 5155 
4256 5155 5153 3764 4933 
4257 5154 5155 4933 3762 
4258 86 85 5158 5153 
4259 85 84 5156 5158 
4260 5158 5156 3785 5157 
4261 5153 5158 5157 3764 
4262 126 5159 5162 127 
4263 5159 4022 5160 5162 
4264 5162 5160 3987 5161 
4265 127 5162 5161 128 
4266 144 5163 5166 145 
4267 5163 3969 5164 5166 
4268 5166 5164 4045 5165 
4269 145 5166 5165 146 
4270 82 81 5170 5169 
4271 81 80 5167 5170 
4272 5170 5167 3780 5168 
4273 5169 5170 5168 3661 
4274 120 5171 5174 121 
4275 5171 4024 5172 5174 
4276 5174 5172 4043 5173 
4277 121 5174 5173 122 
4278 124 5175 5176 125 
4279 5175 3665 4969 5176 
4280 5176 4969 4022 5159 
4281 125 5176 5159 126 
4282 158 5177 5179 159 
4283 5177 4042 5178 5179 
4284 5179 5178 3960 5149 
4285 159 5179 5149 160 
4286 92 91 5183 5182 
4287 91 90 5180 5183 
4288 5183 5180 3781 5181 
4289 5182 5183 5181 3660 
4290 138 5184 5187 139 
4291 5184 4033 5185 5187 
4292 5187 5185 3666 5186 
4293 139 5187 5186 140 
4294 132 5188 5191 133 
4295 5188 3657 5189 5191 
4296 5191 5189 4027 5190 
4297 133 5191 5190 134 
4298 118 117 5194 5193 
4299 117 116 5192 5194 
4300 5194 5192 4052 4775 
4301 5193 5194 4775 3658 
4302 106 105 5196 5195 
4303 105 104 5006 5196 
4304 5196 5006 3659 4936 
4305 5195 5196 4936 4055 
4306 140 5186 5199 141 
4307 5186 3666 5197 5199 
4308 5199 5197 4028 5198 
4309 141 5199 5198 142 
4310 154 5200 5203 155 
4311 5200 4025 5201 5203 
4312 5203 5201 3664 5202 
4313 155 5203 5202 156 
4314 122 5173 5204 123 
4315 5173 4043 4687 5204 
4316 5204 4687 3665 5175 
4317 123 5204 5175 124 
4318 152 5205 5207 153 
4319 5205 3965 5206 5207 
4320 5207 5206 4025 5200 
4321 153 5207 5200 154 
4322 134 5190 5210 135 
4323 5190 4027 5208 5210 
4324 5210 5208 3985 5209 
4325 135 5210 5209 136 
4326 156 5202 5211 157 
4327 5202 3664 4868 5211 
4328 5211 4868 4042 5177 
4329 157 5211 5177 158 
4330 78 77 5213 5212 
4331 77 76 5151 5213 
4332 5213 5151 3760 4945 
4333 5212 5213 4945 3775 
4334 84 83 5215 5156 
4335 83 82 5169 5215 
4336 5215 5169 3661 5214 
4337 5156 5215 5214 3785 
4338 130 5216 5218 131 
4339 5216 4037 5217 5218 
4340 5218 5217 3657 5188 
4341 131 5218 5188 132 
4342 120 119 5221 5220 
4343 119 118 5193 5221 
4344 5221 5193 3658 5219 
4345 5220 5221 5219 4046 
4346 148 5222 5225 149 
4347 5222 3656 5223 5225 
4348 5225 5223 4035 5224 
4349 149 5225 5224 150 
4350 146 5165 5226 147 
4351 5165 4045 4957 5226 
4352 5226 4957 3656 5222 
4353 147 5226 5222 148 
4354 110 109 5230 5229 
4355 109 108 5227 5230 
4356 5230 5227 4051 5228 
4357 5229 5230 5228 4053 
4358 80 79 5232 5167 
4359 79 78 5212 5232 
4360 5232 5212 3775 5231 
4361 5167 5232 5231 3780 
4362 150 5224 5234 151 
4363 5224 4035 5233 5234 
4364 5234 5233 3965 5205 
4365 151 5234 5205 152 
4366 114 113 5237 5236 
4367 113 112 5235 5237 
4368 5237 5235 4048 4939 
4369 5236 5237 4939 4049 
4370 128 5161 5239 129 
4371 5161 3987 5238 5239 
4372 5239 5238 4037 5216 
4373 129 5239 5216 130 
4374 142 5198 5241 143 
4375 5198 4028 5240 5241 
4376 5241 5240 3969 5163 
4377 143 5241 5163 144 
4378 136 5209 5243 137 
4379 5209 3985 5242 5243 
4380 5243 5242 4033 5184 
4381 137 5243 5184 138 
4382 108 107 5244 5227 
4383 107 106 5195 5244 
4384 5244 5195 4055 4549 
4385 5227 5244 4549 4051 
4386 116 115 5245 5192 
4387 115 114 5236 5245 
4388 5245 5236 4049 4622 
4389 5192 5245 4622 4052 
4390 112 111 5247 5235 
4391 111 110 5229 5247 
4392 5247 5229 4053 5246 
4393 5235 5247 5246 4048 
4394 90 89 5249 5180 
4395 89 88 5154 5249 
4396 5249 5154 3762 5248 
4397 5180 5249 5248 3781 
4398 268 5250 5252 269 
4399 5250 3879 5251 5252 
4400 5252 5251 3877 5068 
4401 269 5252 5068 270 
4402 266 4979 5254 267 
4403 4979 3654 5253 5254 
4404 5254 5253 3879 5250 
4405 267 5254 5250 268 
4406 4057 4961 5255 4951 
4407 4961 4000 4894 5255 
4408 5255 4894 3998 5037 
4409 4951 5255 5037 4041 
4410 3845 5256 5258 5257 
4411 5256 3716 5083 5258 
4412 5258 5083 3851 4757 
4413 5257 5258 4757 3847 
4414 3849 4921 5260 4760 
4415 4921 3848 5044 5260 
4416 5260 5044 3856 5259 
4417 4760 5260 5259 3850 
4418 3841 4917 5263 5262 
4419 4917 3840 5048 5263 
4420 5263 5048 3855 5261 
4421 5262 5263 5261 3843 
4422 3915 4902 5265 4764 
4423 4902 3912 5117 5265 
4424 5265 5117 3920 5264 
4425 4764 5265 5264 3916 
4426 4005 5266 5268 4896 
4427 5266 4006 5267 5268 
4428 5268 5267 4012 5109 
4429 4896 5268 5109 3934 
4430 3999 5269 5271 4892 
4431 5269 4001 5270 5271 
4432 5271 5270 4013 5124 
4433 4892 5271 5124 3943 
4434 4016 5272 5274 4928 
4435 5272 4018 5273 5274 
4436 5274 5273 4021 5144 
4437 4928 5274 5144 4015 
4438 3782 4864 5276 5275 
4439 4864 3766 4934 5276 
4440 5276 4934 3764 5157 
4441 5275 5276 5157 3785 
4442 4029 5277 5279 5278 
4443 5277 4030 4958 5279 
4444 5279 4958 4045 5164 
4445 5278 5279 5164 3969 
4446 4075 5280 5281 4871 
4447 5280 4017 4930 5281 
4448 5281 4930 3960 5178 
4449 4871 5281 5178 4042 
4450 3776 5282 5284 4944 
4451 5282 3777 5283 5284 
4452 5284 5283 3780 5231 
4453 4944 5284 5231 3775 
4454 3765 4803 5286 4932 
4455 4803 3767 5285 5286 
4456 5286 5285 3781 5248 
4457 4932 5286 5248 3762 
4458 4217 5287 5289 5288 
4459 5287 4216 4997 5289 
4460 5289 4997 3882 4911 
4461 5288 5289 4911 4213 
4462 4324 5290 5292 5291 
4463 5290 4321 4926 5292 
4464 5292 4926 3774 5001 
4465 5291 5292 5001 4323 
4466 4056 4937 5295 5294 
4467 4937 3659 5005 5295 
4468 5295 5005 4166 5293 
4469 5294 5295 5293 4162 
4470 4058 5296 5297 4950 
4471 5296 4059 4418 5297 
4472 5297 4418 4003 4962 
4473 4950 5297 4962 4057 
4474 3703 5298 5302 5301 
4475 5298 4090 5299 5302 
4476 5302 5299 4087 5300 
4477 5301 5302 5300 4091 
4478 383 5303 5304 382 
4479 5303 3744 4716 5304 
4480 5304 4716 380 381 
4481 382 5304 381 8 
4482 3716 5256 5307 5079 
4483 5256 3845 5305 5307 
4484 5307 5305 3859 5306 
4485 5079 5307 5306 3844 
4486 3772 5146 5310 4839 
4487 5146 3662 5308 5310 
4488 5310 5308 3788 5309 
4489 4839 5310 5309 3773 
4490 4037 5238 5314 5313 
4491 5238 3987 5311 5314 
4492 5314 5311 4068 5312 
4493 5313 5314 5312 4038 
4494 3664 5201 5316 4869 
4495 5201 4025 5315 5316 
4496 5316 5315 4070 4887 
4497 4869 5316 4887 4026 
4498 3969 5240 5319 5278 
4499 5240 4028 5317 5319 
4500 5319 5317 4074 5318 
4501 5278 5319 5318 4029 
4502 168 4994 5322 169 
4503 4994 4086 5320 5322 
4504 5322 5320 4090 5321 
4505 169 5322 5321 170 
4506 170 5321 5324 171 
4507 5321 4090 5298 5324 
4508 5324 5298 3703 5323 
4509 171 5324 5323 172 
4510 3660 5181 5327 5326 
4511 5181 3781 5285 5327 
4512 5327 5285 3767 5325 
4513 5326 5327 5325 4177 
4514 4147 5328 5331 5330 
4515 5328 4149 5329 5331 
4516 5331 5329 4148 4626 
4517 5330 5331 4626 4144 
4518 3972 5332 5335 4496 
4519 5332 4098 5333 5335 
4520 5335 5333 4081 5334 
4521 4496 5335 5334 4063 
4522 3866 5336 5338 4806 
4523 5336 3868 5095 5338 
4524 5338 5095 3691 5337 
4525 4806 5338 5337 3862 
4526 282 4998 5341 283 
4527 4998 4216 5339 5341 
4528 5341 5339 4218 5340 
4529 283 5341 5340 284 
4530 66 65 5344 5000 
4531 65 64 5342 5344 
4532 5344 5342 4325 5343 
4533 5000 5344 5343 4323 
4534 102 101 5347 5004 
4535 101 100 5345 5347 
4536 5347 5345 4168 5346 
4537 5004 5347 5346 4166 
4538 284 5340 5349 285 
4539 5340 4218 4858 5349 
4540 5349 4858 3655 5348 
4541 285 5349 5348 286 
4542 64 63 5351 5342 
4543 63 62 4849 5351 
4544 5351 4849 3663 5350 
4545 5342 5351 5350 4325 
4546 100 99 5353 5345 
4547 99 98 4853 5353 
4548 5353 4853 3756 5352 
4549 5345 5353 5352 4168 
4550 4085 4828 5355 5354 
4551 4828 4087 5299 5355 
4552 5355 5299 4090 5320 
4553 5354 5355 5320 4086 
4554 184 5356 5358 185 
4555 5356 4060 5357 5358 
4556 5358 5357 3650 5128 
4557 185 5358 5128 186 
4558 3890 5359 5360 4387 
4559 5359 3847 4756 5360 
4560 5360 4756 3892 4660 
4561 4387 5360 4660 3891 
4562 172 5323 5363 173 
4563 5323 3703 5361 5363 
4564 5363 5361 4093 5362 
4565 173 5363 5362 174 
4566 174 5362 5365 175 
4567 5362 4093 5364 5365 
4568 5365 5364 3701 4877 
4569 175 5365 4877 176 
4570 3667 5366 5369 4732 
4571 5366 4336 5367 5369 
4572 5369 5367 4337 5368 
4573 4732 5369 5368 4335 
4574 4230 4856 5371 5370 
4575 4856 4218 5339 5371 
4576 5371 5339 4216 5287 
4577 5370 5371 5287 4217 
4578 4162 5293 5374 5373 
4579 5293 4166 5346 5374 
4580 5374 5346 4168 5372 
4581 5373 5374 5372 4167 
4582 4061 5375 5377 5376 
4583 5375 4058 4953 5377 
4584 5377 4953 3650 5357 
4585 5376 5377 5357 4060 
4586 56 55 5380 5379 
4587 55 54 5378 5380 
4588 5380 5378 4336 5366 
4589 5379 5380 5366 3667 
4590 4032 5381 5383 4966 
4591 5381 4063 5334 5383 
4592 5383 5334 4081 5382 
4593 4966 5383 5382 4062 
4594 4091 5384 5386 5301 
4595 5384 4092 5385 5386 
4596 5386 5385 4093 5361 
4597 5301 5386 5361 3703 
4598 4086 4993 5389 5354 
4599 4993 3649 5387 5389 
4600 5389 5387 4084 5388 
4601 5354 5389 5388 4085 
4602 60 59 5391 4850 
4603 59 58 5390 5391 
4604 5391 5390 4334 4811 
4605 4850 5391 4811 4333 
4606 96 95 5393 4854 
4607 95 94 5392 5393 
4608 5393 5392 4175 4884 
4609 4854 5393 4884 4174 
4610 3854 5394 5397 5396 
4611 5394 3853 5060 5397 
4612 5397 5060 3852 5395 
4613 5396 5397 5395 3858 
4614 4011 5398 5401 5400 
4615 5398 4064 5399 5401 
4616 5401 5399 4009 5040 
4617 5400 5401 5040 4010 
4618 4040 5402 5405 5404 
4619 5402 4039 5111 5405 
4620 5405 5111 3929 5403 
4621 5404 5405 5403 4066 
4622 3784 5406 5407 4924 
4623 5406 3788 5308 5407 
4624 5407 5308 3662 5140 
4625 4924 5407 5140 3783 
4626 4023 5408 5409 4971 
4627 5408 4068 5311 5409 
4628 5409 5311 3987 5160 
4629 4971 5409 5160 4022 
4630 4036 5410 5412 5411 
4631 5410 4070 5315 5412 
4632 5412 5315 4025 5206 
4633 5411 5412 5206 3965 
4634 4034 5413 5415 5414 
4635 5413 4074 5317 5415 
4636 5415 5317 4028 5197 
4637 5414 5415 5197 3666 
4638 4231 5416 5420 5419 
4639 5416 4241 5417 5420 
4640 5420 5417 4235 5418 
4641 5419 5420 5418 4232 
4642 180 4875 5423 181 
4643 4875 3704 5421 5423 
4644 5423 5421 4080 5422 
4645 181 5423 5422 182 
4646 4039 5402 5426 5099 
4647 5402 4040 5424 5426 
4648 5426 5424 4076 5425 
4649 5099 5426 5425 3698 
4650 3853 5394 5429 5025 
4651 5394 3854 5427 5429 
4652 5429 5427 3860 5428 
4653 5025 5429 5428 3653 
4654 4010 5055 5432 5400 
4655 5055 3651 5430 5432 
4656 5432 5430 4079 5431 
4657 5400 5432 5431 4011 
4658 3719 5433 5437 5436 
4659 5433 3747 5434 5437 
4660 5437 5434 3727 5435 
4661 5436 5437 5435 3748 
4662 3965 5233 5440 5411 
4663 5233 4035 5438 5440 
4664 5440 5438 4081 5439 
4665 5411 5440 5439 4036 
4666 3878 4908 5442 4988 
4667 4908 3877 5251 5442 
4668 5442 5251 3879 5441 
4669 4988 5442 5441 3885 
4670 3654 5443 5445 5253 
4671 5443 3874 5444 5445 
4672 5445 5444 3885 5441 
4673 5253 5445 5441 3879 
4674 286 5348 5447 287 
4675 5348 3655 4770 5447 
4676 5447 4770 4219 5446 
4677 287 5447 5446 288 
4678 3896 5448 5450 5449 
4679 5448 3895 4948 5450 
4680 5450 4948 3865 4797 
4681 5449 5450 4797 3905 
4682 3916 5264 5452 5451 
4683 5264 3920 5029 5452 
4684 5452 5029 3698 5425 
4685 5451 5452 5425 4076 
4686 4006 5453 5454 5267 
4687 5453 4079 5430 5454 
4688 5454 5430 3651 5052 
4689 5267 5454 5052 4012 
4690 3843 5261 5456 5455 
4691 5261 3855 5057 5456 
4692 5456 5057 3653 5428 
4693 5455 5456 5428 3860 
4694 3850 5259 5459 5458 
4695 5259 3856 5102 5459 
4696 5459 5102 3652 5457 
4697 5458 5459 5457 3923 
4698 4062 5382 5460 4956 
4699 5382 4081 5438 5460 
4700 5460 5438 4035 5223 
4701 4956 5460 5223 3656 
4702 4221 5461 5463 4814 
4703 5461 4215 5462 5463 
4704 5463 5462 4219 4769 
4705 4814 5463 4769 4220 
4706 182 5422 5465 183 
4707 5422 4080 5464 5465 
4708 5465 5464 4060 5356 
4709 183 5465 5356 184 
4710 3874 5443 5468 5467 
4711 5443 3654 4978 5468 
4712 5468 4978 3872 5466 
4713 5467 5468 5466 3873 
4714 3863 5469 5471 4982 
4715 5469 3870 5470 5471 
4716 5471 5470 3873 5466 
4717 4982 5471 5466 3872 
4718 3714 4510 5473 4398 
4719 4510 4351 5472 5473 
4720 5473 5472 383 384 
4721 4398 5473 384 385 
4722 378 5474 5477 377 
4723 5474 3669 5475 5477 
4724 5477 5475 3746 5476 
4725 377 5477 5476 376 
4726 3723 5478 5481 5480 
4727 5478 349 350 5481 
4728 5481 350 351 5479 
4729 5480 5481 5479 3739 
4730 3925 4761 5484 5483 
4731 4761 3850 5458 5484 
4732 5484 5458 3923 5482 
4733 5483 5484 5482 3924 
4734 3940 5485 5489 5488 
4735 5485 3939 5486 5489 
4736 5489 5486 3938 5487 
4737 5488 5489 5487 3933 
4738 58 57 5490 5390 
4739 57 56 5379 5490 
4740 5490 5379 3667 4731 
4741 5390 5490 4731 4334 
4742 94 93 5492 5392 
4743 93 92 5182 5492 
4744 5492 5182 3660 5491 
4745 5392 5492 5491 4175 
4746 4174 4883 5495 4852 
4747 4883 4170 5493 5495 
4748 5495 5493 4169 5494 
4749 4852 5495 5494 3756 
4750 3785 5214 5498 5275 
4751 5214 3661 5496 5498 
4752 5498 5496 3790 5497 
4753 5275 5498 5497 3782 
4754 3684 4442 5501 4458 
4755 4442 3685 5499 5501 
4756 5501 5499 3799 5500 
4757 4458 5501 5500 3683 
4758 4251 5502 5506 5505 
4759 5502 4248 5503 5506 
4760 5506 5503 4271 5504 
4761 5505 5506 5504 4253 
4762 4336 5507 5510 5367 
4763 5507 4339 5508 5510 
4764 5510 5508 4340 5509 
4765 5367 5510 5509 4337 
4766 54 53 5512 5378 
4767 53 52 5511 5512 
4768 5512 5511 4339 5507 
4769 5378 5512 5507 4336 
4770 3831 4915 5515 5091 
4771 4915 3842 5513 5515 
4772 5515 5513 3861 5514 
4773 5091 5515 5514 3857 
4774 3914 4900 5518 5126 
4775 4900 3917 5516 5518 
4776 5518 5516 3922 5517 
4777 5126 5518 5517 3921 
4778 4004 5130 5520 4898 
4779 5130 4014 5519 5520 
4780 5520 5519 4082 4617 
4781 4898 5520 4617 4007 
4782 3862 5337 5522 5521 
4783 5337 3691 5107 5522 
4784 5522 5107 3857 5514 
4785 5521 5522 5514 3861 
4786 4018 5523 5524 5273 
4787 5523 4084 5387 5524 
4788 5524 5387 3649 5136 
4789 5273 5524 5136 4021 
4790 288 5446 5526 289 
4791 5446 4219 5462 5526 
4792 5526 5462 4215 5525 
4793 289 5526 5525 5 
4794 3921 5517 5528 5122 
4795 5517 3922 5527 5528 
4796 5528 5527 3923 5457 
4797 5122 5528 5457 3652 
4798 4101 4878 5532 5531 
4799 4878 3701 5529 5532 
4800 5532 5529 4099 5530 
4801 5531 5532 5530 4100 
4802 4001 5533 5537 5536 
4803 5533 4126 5534 5537 
4804 5537 5534 4083 5535 
4805 5536 5537 5535 4113 
4806 3668 5538 5539 5010 
4807 5538 4339 5511 5539 
4808 5539 5511 52 51 
4809 5010 5539 51 50 
4810 4223 4831 5542 5541 
4811 4831 4228 4857 5542 
4812 5542 4857 4230 5540 
4813 5541 5542 5540 4227 
4814 3661 5168 5544 5496 
4815 5168 3780 5283 5544 
4816 5544 5283 3777 5543 
4817 5496 5544 5543 3790 
4818 3828 4633 5548 5547 
4819 4633 3829 5545 5548 
4820 5548 5545 3835 5546 
4821 5547 5548 5546 3898 
4822 3868 5336 5550 5104 
4823 5336 3866 4947 5550 
4824 5550 4947 3869 5549 
4825 5104 5550 5549 3867 
4826 4173 4882 5553 5552 
4827 4882 4175 5491 5553 
4828 5553 5491 3660 5551 
4829 5552 5553 5551 4176 
4830 4071 4888 5556 5555 
4831 4888 4070 5410 5556 
4832 5556 5410 4036 5554 
4833 5555 5556 5554 4097 
4834 3870 5469 5557 4845 
4835 5469 3863 5086 5557 
4836 5557 5086 3867 5549 
4837 4845 5557 5549 3869 
4838 3776 4984 5560 5282 
4839 4984 3778 5558 5560 
4840 5560 5558 3791 5559 
4841 5282 5560 5559 3777 
4842 4339 5538 5563 5508 
4843 5538 3668 5561 5563 
4844 5563 5561 3737 5562 
4845 5508 5563 5562 4340 
4846 4081 5333 5565 5439 
4847 5333 4098 5564 5565 
4848 5565 5564 4097 5554 
4849 5439 5565 5554 4036 
4850 4205 5566 5570 5569 
4851 5566 3899 5567 5570 
4852 5570 5567 4344 5568 
4853 5569 5570 5568 3808 
4854 4005 4563 5573 5266 
4855 4563 4008 5571 5573 
4856 5573 5571 4107 5572 
4857 5266 5573 5572 4006 
4858 4026 4886 5576 4870 
4859 4886 4072 5574 5576 
4860 5576 5574 4105 5575 
4861 4870 5576 5575 4075 
4862 3915 4767 5579 5578 
4863 4767 4078 5577 5579 
4864 5579 5577 4285 4664 
4865 5578 5579 4664 3918 
4866 4232 5580 5583 5419 
4867 5580 3672 5581 5583 
4868 5583 5581 4229 5582 
4869 5419 5583 5582 4231 
4870 4241 5416 5586 5585 
4871 5416 4231 5584 5586 
4872 5586 5584 4221 4813 
4873 5585 5586 4813 4225 
4874 4298 5587 5590 5589 
4875 5587 4250 4644 5590 
4876 5590 4644 4247 5588 
4877 5589 5590 5588 4208 
4878 4327 4861 5592 4880 
4879 4861 4326 5591 5592 
4880 5592 5591 4325 5350 
4881 4880 5592 5350 3663 
4882 3700 4370 5594 4737 
4883 4370 3705 4698 5594 
4884 5594 4698 3706 5593 
4885 4737 5594 5593 3702 
4886 3876 4452 5598 5597 
4887 4452 3897 5595 5598 
4888 5598 5595 3886 5596 
4889 5597 5598 5596 4284 
4890 3734 5599 5603 5602 
4891 5599 3733 5600 5603 
4892 5603 5600 3742 5601 
4893 5602 5603 5601 3735 
4894 3862 5521 5606 4807 
4895 5521 3861 5604 5606 
4896 5606 5604 3887 5605 
4897 4807 5606 5605 3864 
4898 4231 5582 5608 5584 
4899 5582 4229 5607 5608 
4900 5608 5607 4215 5461 
4901 5584 5608 5461 4221 
4902 4323 5343 5610 5291 
4903 5343 4325 5591 5610 
4904 5610 5591 4326 5609 
4905 5291 5610 5609 4324 
4906 3756 5494 5612 5352 
4907 5494 4169 5611 5612 
4908 5612 5611 4167 5372 
4909 5352 5612 5372 4168 
4910 361 5613 5615 360 
4911 5613 4229 5581 5615 
4912 5615 5581 3672 5614 
4913 360 5615 5614 359 
4914 5 5525 5616 362 
4915 5525 4215 5607 5616 
4916 5616 5607 4229 5613 
4917 362 5616 5613 361 
4918 353 5617 5619 352 
4919 5617 3671 5618 5619 
4920 5619 5618 3739 5479 
4921 352 5619 5479 351 
4922 4084 5620 5621 5388 
4923 5620 4103 4482 5621 
4924 5621 4482 4088 4829 
4925 5388 5621 4829 4085 
4926 3701 5364 5623 5529 
4927 5364 4093 5385 5623 
4928 5623 5385 4092 5622 
4929 5529 5623 5622 4099 
4930 4064 5624 5626 5399 
4931 5624 4102 5625 5626 
4932 5626 5625 3929 5075 
4933 5399 5626 5075 4009 
4934 4320 5627 5630 5629 
4935 5627 4139 5628 5630 
4936 5630 5628 3757 4654 
4937 5629 5630 4654 3789 
4938 3828 5547 5631 4374 
4939 5547 3898 4440 5631 
4940 5631 4440 4287 4454 
4941 4374 5631 4454 3817 
4942 4313 5632 5634 4663 
4943 5632 3919 4639 5634 
4944 5634 4639 4266 5633 
4945 4663 5634 5633 3918 
4946 359 5614 5637 358 
4947 5614 3672 5635 5637 
4948 5637 5635 4233 5636 
4949 358 5637 5636 357 
4950 4187 4620 5640 4676 
4951 4620 4186 5638 5640 
4952 5640 5638 4185 5639 
4953 4676 5640 5639 4189 
4954 4207 5641 5645 5644 
4955 5641 4209 5642 5645 
4956 5645 5642 4210 5643 
4957 5644 5645 5643 4211 
4958 3861 5513 5648 5604 
4959 5513 3842 5646 5648 
4960 5648 5646 3888 5647 
4961 5604 5648 5647 3887 
4962 4051 4548 5651 5228 
4963 4548 4054 5649 5651 
4964 5651 5649 4180 5650 
4965 5228 5651 5650 4053 
4966 4156 5652 5656 5655 
4967 5652 4154 5653 5656 
4968 5656 5653 4157 5654 
4969 5655 5656 5654 4280 
4970 4234 5657 5659 5658 
4971 5657 4233 5635 5659 
4972 5659 5635 3672 5580 
4973 5658 5659 5580 4232 
4974 4020 4788 5660 4648 
4975 4788 4017 5280 5660 
4976 5660 5280 4075 5575 
4977 4648 5660 5575 4105 
4978 4060 5464 5663 5376 
4979 5464 4080 5661 5663 
4980 5663 5661 4104 5662 
4981 5376 5663 5662 4061 
4982 3750 5664 5666 4475 
4983 5664 3718 5665 5666 
4984 5666 5665 3711 4710 
4985 4475 5666 4710 3712 
4986 3944 4615 5669 5668 
4987 4615 4082 5667 5669 
4988 5669 5667 4113 5535 
4989 5668 5669 5535 4083 
4990 4178 5670 5673 5672 
4991 5670 4179 5671 5673 
4992 5673 5671 4180 5649 
4993 5672 5673 5649 4054 
4994 4163 5674 5675 4423 
4995 5674 4178 5672 5675 
4996 5675 5672 4054 4547 
4997 4423 5675 4547 4165 
4998 333 5676 5678 332 
4999 5676 3743 5677 5678 
5000 5678 5677 398 399 
5001 332 5678 399 7 
5002 3842 4918 5681 5646 
5003 4918 3841 5679 5681 
5004 5681 5679 4134 5680 
5005 5646 5681 5680 3888 
5006 3990 4419 5684 5683 
5007 4419 4059 5296 5684 
5008 5684 5296 4058 5682 
5009 5683 5684 5682 4262 
5010 4348 5685 5688 5687 
5011 5685 3812 5686 5688 
5012 5688 5686 3809 4531 
5013 5687 5688 4531 3810 
5014 349 5478 5691 348 
5015 5478 3723 5689 5691 
5016 5691 5689 3827 5690 
5017 348 5691 5690 347 
5018 3671 5617 5694 5693 
5019 5617 353 354 5694 
5020 5694 354 355 5692 
5021 5693 5694 5692 4242 
5022 4087 4827 5697 5300 
5023 4827 4089 5695 5697 
5024 5697 5695 4112 5696 
5025 5300 5697 5696 4091 
5026 3916 5451 5700 4765 
5027 5451 4076 5698 5700 
5028 5700 5698 4109 5699 
5029 4765 5700 5699 4077 
5030 4000 4960 5703 4891 
5031 4960 4002 5701 5703 
5032 5703 5701 4125 5702 
5033 4891 5703 5702 3999 
5034 4072 5704 5706 5574 
5035 5704 4122 5705 5706 
5036 5706 5705 3962 4646 
5037 5574 5706 4646 4105 
5038 44 43 5708 5132 
5039 43 42 5707 5708 
5040 5708 5707 3742 5600 
5041 5132 5708 5600 3733 
5042 4297 4589 5711 4474 
5043 4589 3682 5709 5711 
5044 5711 5709 4317 5710 
5045 4474 5711 5710 3750 
5046 357 5636 5713 356 
5047 5636 4233 5712 5713 
5048 5713 5712 4242 5692 
5049 356 5713 5692 355 
5050 333 334 5717 5716 
5051 334 335 5714 5717 
5052 5717 5714 3675 5715 
5053 5716 5717 5715 3731 
5054 4348 5718 5721 5685 
5055 5718 3813 5719 5721 
5056 5721 5719 3815 5720 
5057 5685 5721 5720 3812 
5058 4014 5062 5723 5519 
5059 5062 3699 5722 5723 
5060 5723 5722 4113 5667 
5061 5519 5723 5667 4082 
5062 4161 4410 5726 5725 
5063 4410 4181 5724 5726 
5064 5726 5724 4162 5373 
5065 5725 5726 5373 4167 
5066 3847 5359 5729 5257 
5067 5359 3890 5727 5729 
5068 5729 5727 3889 5728 
5069 5257 5729 5728 3845 
5070 3888 5730 5733 5647 
5071 5730 3838 5731 5733 
5072 5733 5731 3903 5732 
5073 5647 5733 5732 3887 
5074 3844 5306 5735 5114 
5075 5306 3859 4651 5735 
5076 5735 4651 3900 5734 
5077 5114 5735 5734 3833 
5078 4116 5736 5739 5738 
5079 5736 4123 5737 5739 
5080 5739 5737 4033 5242 
5081 5738 5739 5242 3985 
5082 4157 5740 5742 5654 
5083 5740 4044 5741 5742 
5084 5742 5741 4281 4743 
5085 5654 5742 4743 4280 
5086 364 5743 5745 363 
5087 5743 4256 5744 5745 
5088 5745 5744 40 39 
5089 363 5745 39 4 
5090 4330 4783 5748 5747 
5091 4783 4331 4733 5748 
5092 5748 4733 4335 5746 
5093 5747 5748 5746 4342 
5094 3777 5559 5751 5543 
5095 5559 3791 5749 5751 
5096 5751 5749 3796 5750 
5097 5543 5751 5750 3790 
5098 3993 5752 5755 5754 
5099 5752 4140 5753 5755 
5100 5755 5753 4029 5318 
5101 5754 5755 5318 4074 
5102 4154 5756 5760 5759 
5103 5756 4146 5757 5760 
5104 5760 5757 4276 5758 
5105 5759 5760 5758 3983 
5106 3873 5761 5763 5467 
5107 5761 3876 5597 5763 
5108 5763 5597 4284 5762 
5109 5467 5763 5762 3874 
5110 3915 5578 5765 4903 
5111 5578 3918 5633 5765 
5112 5765 5633 4266 5764 
5113 4903 5765 5764 3917 
5114 3878 4987 5768 4909 
5115 4987 4248 5766 5768 
5116 5768 5766 4254 5767 
5117 4909 5768 5767 4249 
5118 3929 5625 5771 5403 
5119 5625 4102 5769 5771 
5120 5771 5769 4292 5770 
5121 5403 5771 5770 4066 
5122 3959 5772 5775 4385 
5123 5772 3961 5773 5775 
5124 5775 5773 3963 5774 
5125 4385 5775 5774 3958 
5126 4176 4514 5777 5552 
5127 4514 4192 5776 5777 
5128 5777 5776 4172 4822 
5129 5552 5777 4822 4173 
5130 4016 4789 5779 5272 
5131 4789 4019 4628 5779 
5132 5779 4628 4303 5778 
5133 5272 5779 5778 4018 
5134 380 4715 5781 379 
5135 4715 3726 5780 5781 
5136 5781 5780 3669 5474 
5137 379 5781 5474 378 
5138 4326 4860 5784 5609 
5139 4860 4332 5782 5784 
5140 5784 5782 4320 5783 
5141 5609 5784 5783 4324 
5142 3696 4738 5788 5787 
5143 4738 3702 5785 5788 
5144 5788 5785 3707 5786 
5145 5787 5788 5786 3749 
5146 4204 5789 5792 5791 
5147 5789 4206 5790 5792 
5148 5792 5790 3886 5595 
5149 5791 5792 5595 3897 
5150 4043 5172 5794 4688 
5151 5172 4024 5793 5794 
5152 5794 5793 4281 5741 
5153 4688 5794 5741 4044 
5154 3658 4774 5796 5219 
5155 4774 4047 4744 5796 
5156 5796 4744 4281 5795 
5157 5219 5796 5795 4046 
5158 4064 5797 5799 5624 
5159 5797 4196 4599 5799 
5160 5799 4599 3937 5798 
5161 5624 5799 5798 4102 
5162 3971 5800 5803 5802 
5163 5800 4289 5801 5803 
5164 5803 5801 4032 4965 
5165 5802 5803 4965 4031 
5166 4273 4528 5807 5806 
5167 4528 4096 5804 5807 
5168 5807 5804 3952 5805 
5169 5806 5807 5805 3989 
5170 3747 5808 5810 5434 
5171 5808 3669 5780 5810 
5172 5810 5780 3726 5809 
5173 5434 5810 5809 3727 
5174 4050 4940 5812 5811 
5175 4940 4048 5246 5812 
5176 5812 5246 4053 5650 
5177 5811 5812 5650 4180 
5178 3936 4669 5814 5813 
5179 4669 4292 5769 5814 
5180 5814 5769 4102 5798 
5181 5813 5814 5798 3937 
5182 3721 4522 5816 5815 
5183 4522 3675 5714 5816 
5184 5816 5714 335 336 
5185 5815 5816 336 337 
5186 4080 5421 5818 5661 
5187 5421 3704 5817 5818 
5188 5818 5817 4127 4526 
5189 5661 5818 4526 4104 
5190 3984 4500 5822 5821 
5191 4500 3974 5819 5822 
5192 5822 5819 3991 5820 
5193 5821 5822 5820 3995 
5194 3771 5823 5826 5825 
5195 5823 3796 5749 5826 
5196 5826 5749 3791 5824 
5197 5825 5826 5824 3763 
5198 4315 4652 5828 5827 
5199 4652 3859 5305 5828 
5200 5828 5305 3845 5728 
5201 5827 5828 5728 3889 
5202 3660 5326 5830 5551 
5203 5326 4177 5829 5830 
5204 5830 5829 4347 4515 
5205 5551 5830 4515 4176 
5206 3854 5396 5833 5832 
5207 5396 3858 4544 5833 
5208 5833 4544 3904 5831 
5209 5832 5833 5831 4261 
5210 4319 5834 5836 4553 
5211 5834 3722 4505 5836 
5212 5836 4505 4197 5835 
5213 4553 5836 5835 3738 
5214 4077 5837 5839 4766 
5215 5837 3926 5838 5839 
5216 5839 5838 4285 5577 
5217 4766 5839 5577 4078 
5218 4160 5840 5843 5842 
5219 5840 4159 5841 5843 
5220 5843 5841 3755 4574 
5221 5842 5843 4574 4158 
5222 4006 5572 5846 5453 
5223 5572 4107 5844 5846 
5224 5846 5844 4115 5845 
5225 5453 5846 5845 4079 
5226 4067 4429 5848 5847 
5227 4429 4109 5698 5848 
5228 5848 5698 4076 5424 
5229 5847 5848 5424 4040 
5230 4272 4682 5852 5851 
5231 4682 4293 5849 5852 
5232 5852 5849 4257 5850 
5233 5851 5852 5850 3690 
5234 3961 5853 5854 5773 
5235 5853 3964 4561 5854 
5236 5854 4561 3967 4691 
5237 5773 5854 4691 3963 
5238 3801 5855 5858 5857 
5239 5855 3795 4523 5858 
5240 5858 4523 3721 5856 
5241 5857 5858 5856 3670 
5242 3818 4591 5861 4456 
5243 4591 3821 5859 5861 
5244 5861 5859 4290 5860 
5245 4456 5861 5860 3816 
5246 4095 5862 5864 5863 
5247 5862 4092 5384 5864 
5248 5864 5384 4091 5696 
5249 5863 5864 5696 4112 
5250 4027 5189 5868 5867 
5251 5189 3657 5865 5868 
5252 5868 5865 4124 5866 
5253 5867 5868 5866 4108 
5254 3974 5869 5871 5870 
5255 5869 3973 4468 5871 
5256 5871 4468 3967 4560 
5257 5870 5871 4560 3968 
5258 3979 5872 5874 4503 
5259 5872 3978 5873 5874 
5260 5874 5873 3973 5869 
5261 4503 5874 5869 3974 
5262 3719 5436 5878 5877 
5263 5436 3748 5875 5878 
5264 5878 5875 3707 5876 
5265 5877 5878 5876 3797 
5266 3837 4606 5882 5881 
5267 4606 3814 5879 5882 
5268 5882 5879 4348 5880 
5269 5881 5882 5880 4259 
5270 3993 5754 5885 5884 
5271 5754 4074 5413 5885 
5272 5885 5413 4034 5883 
5273 5884 5885 5883 4291 
5274 4128 5886 5890 5889 
5275 5886 4131 5887 5890 
5276 5890 5887 4124 5888 
5277 5889 5890 5888 4038 
5278 3893 5891 5894 5893 
5279 5891 3837 5881 5894 
5280 5894 5881 4259 5892 
5281 5893 5894 5892 3811 
5282 4001 5536 5895 5270 
5283 5536 4113 5722 5895 
5284 5895 5722 3699 5033 
5285 5270 5895 5033 4013 
5286 4131 5886 5899 5898 
5287 5886 4128 5896 5899 
5288 5899 5896 4200 5897 
5289 5898 5899 5897 3986 
5290 3950 5900 5902 4417 
5291 5900 4117 5901 5902 
5292 5902 5901 4002 4963 
5293 4417 5902 4963 4003 
5294 4290 5903 5907 5906 
5295 5903 3715 5904 5907 
5296 5907 5904 3820 5905 
5297 5906 5907 5905 3815 
5298 4065 5908 5910 5909 
5299 5908 4011 5431 5910 
5300 5910 5431 4079 5845 
5301 5909 5910 5845 4115 
5302 3826 5911 5915 5914 
5303 5911 4195 5912 5915 
5304 5915 5912 3823 5913 
5305 5914 5915 5913 4264 
5306 3949 5916 5920 5919 
5307 5916 3948 5917 5920 
5308 5920 5917 3945 5918 
5309 5919 5920 5918 3946 
5310 4161 5725 5923 5922 
5311 5725 4167 5611 5923 
5312 5923 5611 4169 5921 
5313 5922 5923 5921 4194 
5314 3830 5924 5927 4632 
5315 5924 3832 5925 5927 
5316 5927 5925 4316 5926 
5317 4632 5927 5926 3829 
5318 3952 5928 5931 5930 
5319 5928 3951 5929 5931 
5320 5931 5929 3948 5916 
5321 5930 5931 5916 3949 
5322 3952 4393 5934 5933 
5323 4393 3954 4748 5934 
5324 5934 4748 3955 5932 
5325 5933 5934 5932 3953 
5326 3942 5935 5939 5938 
5327 5935 3945 5936 5939 
5328 5939 5936 3997 5937 
5329 5938 5939 5937 3939 
5330 3681 5940 5944 5943 
5331 5940 4311 5941 5944 
5332 5944 5941 3680 5942 
5333 5943 5944 5942 374 
5334 4248 5502 5947 5766 
5335 5502 4251 5945 5947 
5336 5947 5945 4247 5946 
5337 5766 5947 5946 4254 
5338 3958 5948 5950 4382 
5339 5948 3957 5949 5950 
5340 5950 5949 3955 4747 
5341 4382 5950 4747 3956 
5342 4279 5951 5954 5953 
5343 5951 4182 5952 5954 
5344 5954 5952 4023 4970 
5345 5953 5954 4970 4183 
5346 4144 5955 5958 5330 
5347 5955 4146 5956 5958 
5348 5958 5956 4152 5957 
5349 5330 5958 5957 4147 
5350 3963 4690 5960 5774 
5351 4690 3996 5959 5960 
5352 5960 5959 3957 5948 
5353 5774 5960 5948 3958 
5354 4286 4707 5964 5963 
5355 4707 3802 5961 5964 
5356 5964 5961 3801 5962 
5357 5963 5964 5962 3741 
5358 391 392 5966 4724 
5359 392 9 393 5966 
5360 5966 393 394 5965 
5361 4724 5966 5965 4263 
5362 3694 4402 5968 4752 
5363 4402 3696 5787 5968 
5364 5968 5787 3749 5967 
5365 4752 5968 5967 3695 
5366 337 338 5969 5815 
5367 338 339 4493 5969 
5368 5969 4493 3670 5856 
5369 5815 5969 5856 3721 
5370 4071 5970 5972 4889 
5371 5970 4073 5971 5972 
5372 5972 5971 4122 5704 
5373 4889 5972 5704 4072 
5374 4058 5375 5975 5682 
5375 5375 4061 5973 5975 
5376 5975 5973 4129 5974 
5377 5682 5975 5974 4262 
5378 4303 4630 5978 5977 
5379 4630 3977 5976 5978 
5380 5978 5976 4306 4483 
5381 5977 5978 4483 4103 
5382 4098 5979 5982 5564 
5383 5979 3966 5980 5982 
5384 5982 5980 4299 5981 
5385 5564 5982 5981 4097 
5386 4186 4941 5985 5638 
5387 4941 4050 5983 5985 
5388 5985 5983 4184 5984 
5389 5638 5985 5984 4185 
5390 4128 5986 5989 5896 
5391 5986 4069 5987 5989 
5392 5989 5987 4349 5988 
5393 5896 5989 5988 4200 
5394 3714 4397 5993 5992 
5395 4397 3729 5990 5993 
5396 5993 5990 3695 5991 
5397 5992 5993 5991 3732 
5398 3932 5994 5997 5996 
5399 5994 3933 5487 5997 
5400 5997 5487 3938 5995 
5401 5996 5997 5995 3930 
5402 3666 5185 5999 5414 
5403 5185 4033 5737 5999 
5404 5999 5737 4123 5998 
5405 5414 5999 5998 4034 
5406 3858 5395 6000 4541 
5407 5395 3852 5119 6000 
5408 6000 5119 3833 5734 
5409 4541 6000 5734 3900 
5410 4153 4677 6003 6002 
5411 4677 4189 5639 6003 
5412 6003 5639 4185 6001 
5413 6002 6003 6001 4308 
5414 3713 6004 6008 6007 
5415 6004 3982 6005 6008 
5416 6008 6005 4276 6006 
5417 6007 6008 6006 4143 
5418 3805 6009 6012 6011 
5419 6009 3671 5693 6012 
5420 6012 5693 4242 6010 
5421 6011 6012 6010 4244 
5422 4247 5945 6015 5588 
5423 5945 4251 6013 6015 
5424 6015 6013 4252 6014 
5425 5588 6015 6014 4208 
5426 4182 6016 6019 6018 
5427 6016 4309 6017 6019 
5428 6019 6017 4349 5987 
5429 6018 6019 5987 4069 
5430 4184 6020 6022 5984 
5431 6020 4151 6021 6022 
5432 6022 6021 4308 6001 
5433 5984 6022 6001 4185 
5434 4038 5888 6023 5313 
5435 5888 4124 5865 6023 
5436 6023 5865 3657 5217 
5437 5313 6023 5217 4037 
5438 4056 5294 6024 4425 
5439 5294 4162 5724 6024 
5440 6024 5724 4181 4409 
5441 4425 6024 4409 4164 
5442 4213 6025 6028 5288 
5443 6025 4212 6026 6028 
5444 6028 6026 4345 6027 
5445 5288 6028 6027 4217 
5446 4038 5312 6030 5889 
5447 5312 4068 6029 6030 
5448 6030 6029 4069 5986 
5449 5889 6030 5986 4128 
5450 3725 6031 6032 4364 
5451 6031 4257 5849 6032 
5452 6032 5849 4293 4432 
5453 4364 6032 4432 3687 
5454 3717 6033 6036 6035 
5455 6033 4346 6034 6036 
5456 6036 6034 3715 5903 
5457 6035 6036 5903 4290 
5458 3887 5732 6038 5605 
5459 5732 3903 6037 6038 
5460 6038 6037 3894 4799 
5461 5605 6038 4799 3864 
5462 4130 4727 6039 4695 
5463 4727 4094 4394 6039 
5464 6039 4394 3952 5804 
5465 4695 6039 5804 4096 
5466 3904 4543 6042 6041 
5467 4543 3836 4650 6042 
5468 6042 4650 4315 6040 
5469 6041 6042 6040 4316 
5470 3985 5208 6044 5738 
5471 5208 4027 5867 6044 
5472 6044 5867 4108 6043 
5473 5738 6044 6043 4116 
5474 4250 6045 6047 4641 
5475 6045 4245 6046 6047 
5476 6047 6046 3884 4595 
5477 4641 6047 4595 4246 
5478 4100 4693 6048 5531 
5479 4693 4127 5817 6048 
5480 6048 5817 3704 4874 
5481 5531 6048 4874 4101 
5482 4315 6049 6050 6040 
5483 6049 3835 5545 6050 
5484 6050 5545 3829 5926 
5485 6040 6050 5926 4316 
5486 4211 6051 6054 6053 
5487 6051 4212 6025 6054 
5488 6054 6025 4213 6052 
5489 6053 6054 6052 4243 
5490 398 5677 6056 4610 
5491 5677 3743 6055 6056 
5492 6056 6055 4319 4552 
5493 4610 6056 4552 3679 
5494 4092 5862 6058 5622 
5495 5862 4095 4729 6058 
5496 6058 4729 4288 6057 
5497 5622 6058 6057 4099 
5498 4125 5701 6061 6060 
5499 5701 4002 5901 6061 
5500 6061 5901 4117 6059 
5501 6060 6061 6059 4118 
5502 4068 5408 6062 6029 
5503 5408 4023 5952 6062 
5504 6062 5952 4182 6018 
5505 6029 6062 6018 4069 
5506 4157 6063 6064 5740 
5507 6063 4279 5953 6064 
5508 6064 5953 4183 4685 
5509 5740 6064 4685 4044 
5510 3771 4865 6065 5823 
5511 4865 3782 5497 6065 
5512 6065 5497 3790 5750 
5513 5823 6065 5750 3796 
5514 4304 4519 6067 4629 
5515 4519 4305 6066 6067 
5516 6067 6066 4306 5976 
5517 4629 6067 5976 3977 
5518 4187 4679 6069 4776 
5519 4679 4188 6068 6069 
5520 6069 6068 4282 4741 
5521 4776 6069 4741 4047 
5522 4233 5657 6071 5712 
5523 5657 4234 6070 6071 
5524 6071 6070 4244 6010 
5525 5712 6071 6010 4242 
5526 3745 6072 6074 6073 
5527 6072 3746 5475 6074 
5528 6074 5475 3669 5808 
5529 6073 6074 5808 3747 
5530 4337 6075 6077 5368 
5531 6075 4338 6076 6077 
5532 6077 6076 4342 5746 
5533 5368 6077 5746 4335 
5534 3682 4588 6079 6078 
5535 4588 3753 4487 6079 
5536 6079 4487 3680 5941 
5537 6078 6079 5941 4311 
5538 3677 4569 6080 4461 
5539 4569 3738 5835 6080 
5540 6080 5835 4197 4443 
5541 4461 6080 4443 3684 
5542 4247 4643 6081 5946 
5543 4643 3881 4834 6081 
5544 6081 4834 4249 5767 
5545 5946 6081 5767 4254 
5546 4163 6082 6085 5674 
5547 6082 4150 6083 6085 
5548 6085 6083 4201 6084 
5549 5674 6085 6084 4178 
5550 3901 4580 6087 6086 
5551 4580 4134 5679 6087 
5552 6087 5679 3841 5262 
5553 6086 6087 5262 3843 
5554 3823 6088 6089 4414 
5555 6088 3717 6035 6089 
5556 6089 6035 4290 5859 
5557 4414 6089 5859 3821 
5558 4213 4913 6091 6052 
5559 4913 3884 6046 6091 
5560 6091 6046 4245 6090 
5561 6052 6091 6090 4243 
5562 4030 5277 6093 4967 
5563 5277 4029 5753 6093 
5564 6093 5753 4140 6092 
5565 4967 6093 6092 4031 
5566 3747 5433 6096 6073 
5567 5433 3719 6094 6096 
5568 6096 6094 3718 6095 
5569 6073 6096 6095 3745 
5570 4144 4625 6099 6098 
5571 4625 4145 6097 6099 
5572 6099 6097 4297 4473 
5573 6098 6099 4473 3751 
5574 3955 5949 6103 6102 
5575 5949 3957 6100 6103 
5576 6103 6100 4114 6101 
5577 6102 6103 6101 4138 
5578 42 41 6105 5707 
5579 41 40 5744 6105 
5580 6105 5744 4256 6104 
5581 5707 6105 6104 3742 
5582 3902 4577 6109 6108 
5583 4577 3901 6106 6109 
5584 6109 6106 4260 6107 
5585 6108 6109 6107 3834 
5586 3843 5455 6111 6086 
5587 5455 3860 6110 6111 
5588 6111 6110 4260 6106 
5589 6086 6111 6106 3901 
5590 4136 6112 6116 6115 
5591 6112 4137 6113 6116 
5592 6116 6113 4269 6114 
5593 6115 6116 6114 3709 
5594 4170 4824 6118 5493 
5595 4824 4171 6117 6118 
5596 6118 6117 4194 5921 
5597 5493 6118 5921 4169 
5598 4132 6119 6122 6121 
5599 6119 4258 6120 6122 
5600 6122 6120 3944 5668 
5601 6121 6122 5668 4083 
5602 4011 5908 6123 5398 
5603 5908 4065 4600 6123 
5604 6123 4600 4196 5797 
5605 5398 6123 5797 4064 
5606 3824 6124 6128 6127 
5607 6124 4203 6125 6128 
5608 6128 6125 3819 6126 
5609 6127 6128 6126 3911 
5610 4346 4403 6130 6034 
5611 4403 3694 4751 6130 
5612 6130 4751 4307 6129 
5613 6034 6130 6129 3715 
5614 4225 4816 6133 6132 
5615 4816 4222 4779 6133 
5616 6133 4779 4224 6131 
5617 6132 6133 6131 4255 
5618 4089 6134 6137 5695 
5619 6134 4296 6135 6137 
5620 6137 6135 3980 6136 
5621 5695 6137 6136 4112 
5622 3717 6088 6140 6139 
5623 6088 3823 5912 6140 
5624 6140 5912 4195 6138 
5625 6139 6140 6138 3825 
5626 4235 6141 6145 6144 
5627 6141 3804 6142 6145 
5628 6145 6142 3741 6143 
5629 6144 6145 6143 4236 
5630 366 6146 6148 365 
5631 6146 3678 6147 6148 
5632 6148 6147 4256 5743 
5633 365 6148 5743 364 
5634 4345 6026 6152 6151 
5635 6026 4212 6149 6152 
5636 6152 6149 4267 6150 
5637 6151 6152 6150 4227 
5638 4108 5866 6155 6154 
5639 5866 4124 5887 6155 
5640 6155 5887 4131 6153 
5641 6154 6155 6153 3988 
5642 4205 6156 6158 6157 
5643 6156 4252 6013 6158 
5644 6158 6013 4251 5505 
5645 6157 6158 5505 4253 
5646 4223 5541 6160 4781 
5647 5541 4227 6150 6160 
5648 6160 6150 4267 6159 
5649 4781 6160 6159 4226 
5650 3801 6161 6162 5855 
5651 6161 3725 4363 6162 
5652 6162 4363 3686 4507 
5653 5855 6162 4507 3795 
5654 3768 6163 6166 4804 
5655 6163 3793 6164 6166 
5656 6166 6164 4190 6165 
5657 4804 6166 6165 3769 
5658 4107 6167 6170 5844 
5659 6167 4277 6168 6170 
5660 6170 6168 3935 6169 
5661 5844 6170 6169 4115 
5662 4190 6171 6174 6173 
5663 6171 4193 6172 6174 
5664 6174 6172 4192 4517 
5665 6173 6174 4517 4191 
5666 396 4609 6175 395 
5667 4609 3730 4568 6175 
5668 6175 4568 4263 5965 
5669 395 6175 5965 394 
5670 4118 6176 6179 6060 
5671 6176 3947 6177 6179 
5672 6179 6177 4126 6178 
5673 6060 6179 6178 4125 
5674 3999 5702 6180 5269 
5675 5702 4125 6178 6180 
5676 6180 6178 4126 5533 
5677 5269 6180 5533 4001 
5678 120 5220 6181 5171 
5679 5220 4046 5795 6181 
5680 6181 5795 4281 5793 
5681 5171 6181 5793 4024 
5682 4310 6182 6185 4584 
5683 6182 3824 6183 6185 
5684 6185 6183 3926 6184 
5685 4584 6185 6184 3928 
5686 4040 5404 6186 5847 
5687 5404 4066 5770 6186 
5688 6186 5770 4292 4668 
5689 5847 6186 4668 4067 
5690 3794 6187 6188 4512 
5691 6187 3727 5809 6188 
5692 6188 5809 3726 4718 
5693 4512 6188 4718 3728 
5694 3807 4532 6191 4703 
5695 4532 3809 6189 6191 
5696 6191 6189 3690 6190 
5697 4703 6191 6190 3806 
5698 4205 6157 6194 6193 
5699 6157 4253 5504 6194 
5700 6194 5504 4271 6192 
5701 6193 6194 6192 4206 
5702 3971 6195 6197 5800 
5703 6195 3970 4498 6197 
5704 6197 4498 4133 6196 
5705 5800 6197 6196 4289 
5706 3886 4989 6198 5596 
5707 4989 3885 5444 6198 
5708 6198 5444 3874 5762 
5709 5596 6198 5762 4284 
5710 4291 5883 6201 6200 
5711 5883 4034 5998 6201 
5712 6201 5998 4123 6199 
5713 6200 6201 6199 4283 
5714 4270 6202 6205 6204 
5715 6202 3825 6138 6205 
5716 6205 6138 4195 6203 
5717 6204 6205 6203 3709 
5718 3994 6206 6209 6208 
5719 6206 4116 6043 6209 
5720 6209 6043 4108 6207 
5721 6208 6209 6207 3995 
5722 4151 6020 6213 6212 
5723 6020 4184 6210 6213 
5724 6213 6210 4179 6211 
5725 6212 6213 6211 4202 
5726 4316 5925 6215 6041 
5727 5925 3832 6214 6215 
5728 6215 6214 4261 5831 
5729 6041 6215 5831 3904 
5730 3924 5482 6218 6217 
5731 5482 3923 5527 6218 
5732 6218 5527 3922 6216 
5733 6217 6218 6216 4343 
5734 4188 6219 6220 6068 
5735 6219 4156 5655 6220 
5736 6220 5655 4280 4742 
5737 6068 6220 4742 4282 
5738 4257 6031 6222 6221 
5739 6031 3725 6161 6222 
5740 6222 6161 3801 5961 
5741 6221 6222 5961 3802 
5742 4103 5620 6223 5977 
5743 5620 4084 5523 6223 
5744 6223 5523 4018 5778 
5745 5977 6223 5778 4303 
5746 3952 5933 6226 5928 
5747 5933 3953 6224 6226 
5748 6226 6224 3975 6225 
5749 5928 6226 6225 3951 
5750 3767 4802 6228 5325 
5751 4802 3769 6227 6228 
5752 6228 6227 4347 5829 
5753 5325 6228 5829 4177 
5754 3735 5601 6230 6229 
5755 5601 3742 6104 6230 
5756 6230 6104 4256 6147 
5757 6229 6230 6147 3678 
5758 3710 6231 6234 6233 
5759 6231 4352 4368 6234 
5760 6234 4368 3720 6232 
5761 6233 6234 6232 4114 
5762 3710 6233 6235 4466 
5763 6233 4114 6100 6235 
5764 6235 6100 3957 5959 
5765 4466 6235 5959 3996 
5766 4073 5970 6237 6236 
5767 5970 4071 5555 6237 
5768 6237 5555 4097 5981 
5769 6236 6237 5981 4299 
5770 3917 5764 6238 5516 
5771 5764 4266 4638 6238 
5772 6238 4638 4343 6216 
5773 5516 6238 6216 3922 
5774 4050 5811 6239 5983 
5775 5811 4180 5671 6239 
5776 6239 5671 4179 6210 
5777 5983 6239 6210 4184 
5778 4144 6098 6243 6242 
5779 6098 3751 6240 6243 
5780 6243 6240 4142 6241 
5781 6242 6243 6241 4143 
5782 4227 5540 6244 6151 
5783 5540 4230 5370 6244 
5784 6244 5370 4217 6027 
5785 6151 6244 6027 4345 
5786 3907 6245 6247 4390 
5787 6245 4314 6246 6247 
5788 6247 6246 3889 5727 
5789 4390 6247 5727 3890 
5790 3682 6078 6249 5709 
5791 6078 4311 5940 6249 
5792 6249 5940 3681 6248 
5793 5709 6249 6248 4317 
5794 3813 4372 6250 5719 
5795 4372 3816 5860 6250 
5796 6250 5860 4290 5906 
5797 5719 6250 5906 3815 
5798 3700 6251 6253 4367 
5799 6251 4269 6113 6253 
5800 6253 6113 4137 6252 
5801 4367 6253 6252 3720 
5802 4098 5332 6256 5979 
5803 5332 3972 6254 6256 
5804 6256 6254 4274 6255 
5805 5979 6256 6255 3966 
5806 3826 6257 6258 5911 
5807 6257 4136 6115 6258 
5808 6258 6115 3709 6203 
5809 5911 6258 6203 4195 
5810 3993 5884 6261 6260 
5811 5884 4291 6200 6261 
5812 6261 6200 4283 6259 
5813 6260 6261 6259 3991 
5814 4302 4538 6262 4572 
5815 4538 3752 4587 6262 
5816 6262 4587 4297 6097 
5817 4572 6262 6097 4145 
5818 4236 6143 6266 6265 
5819 6143 3741 6263 6266 
5820 6266 6263 3724 6264 
5821 6265 6266 6264 3740 
5822 4083 5534 6268 6121 
5823 5534 4126 6177 6268 
5824 6268 6177 3947 6267 
5825 6121 6268 6267 4132 
5826 4061 5662 6270 5973 
5827 5662 4104 4529 6270 
5828 6270 4529 4273 6269 
5829 5973 6270 6269 4129 
5830 3993 6271 6273 5752 
5831 6271 3992 6272 6273 
5832 6273 6272 4031 6092 
5833 5752 6273 6092 4140 
5834 4008 6274 6276 5571 
5835 6274 3941 6275 6276 
5836 6276 6275 4277 6167 
5837 5571 6276 6167 4107 
5838 4106 4720 6279 6278 
5839 4720 4318 6277 6279 
5840 6279 6277 3982 6004 
5841 6278 6279 6004 3713 
5842 4204 5791 6282 6281 
5843 5791 3897 4451 6282 
5844 6282 4451 3811 6280 
5845 6281 6282 6280 3899 
5846 333 5716 6284 5676 
5847 5716 3731 6283 6284 
5848 6284 6283 4319 6055 
5849 5676 6284 6055 3743 
5850 3978 6285 6288 6287 
5851 6285 4301 6286 6288 
5852 6288 6286 3982 6277 
5853 6287 6288 6277 4318 
5854 4344 6289 6291 5568 
5855 6289 4209 5641 6291 
5856 6291 5641 4207 6290 
5857 5568 6291 6290 3808 
5858 4138 6292 6295 6294 
5859 6292 4137 6112 6295 
5860 6295 6112 4136 6293 
5861 6294 6295 6293 3975 
5862 3822 4582 6297 4412 
5863 4582 3930 5995 6297 
5864 6297 5995 3938 6296 
5865 4412 6297 6296 4121 
5866 3687 4435 6299 4365 
5867 4435 3688 6298 6299 
5868 6299 6298 3799 5499 
5869 4365 6299 5499 3685 
5870 3670 4492 6300 5857 
5871 4492 3724 6263 6300 
5872 6300 6263 3741 5962 
5873 5857 6300 5962 3801 
5874 4143 6241 6303 6007 
5875 6241 4142 6301 6303 
5876 6303 6301 4350 6302 
5877 6007 6303 6302 3713 
5878 3708 4711 6306 4697 
5879 4711 3711 6304 6306 
5880 6306 6304 3797 6305 
5881 4697 6306 6305 3706 
5882 4031 6272 6309 5802 
5883 6272 3992 6307 6309 
5884 6309 6307 4141 6308 
5885 5802 6309 6308 3971 
5886 4144 6242 6310 5955 
5887 6242 4143 6006 6310 
5888 6310 6006 4276 5757 
5889 5955 6310 5757 4146 
5890 4245 6045 6312 6090 
5891 6045 4250 5587 6312 
5892 6312 5587 4298 6311 
5893 6090 6312 6311 4243 
5894 3718 6094 6313 5665 
5895 6094 3719 5877 6313 
5896 6313 5877 3797 6304 
5897 5665 6313 6304 3711 
5898 3702 5593 6314 5785 
5899 5593 3706 6305 6314 
5900 6314 6305 3797 5876 
5901 5785 6314 5876 3707 
5902 3750 5710 6316 5664 
5903 5710 4317 6315 6316 
5904 6316 6315 3745 6095 
5905 5664 6316 6095 3718 
5906 3695 5967 6319 5991 
5907 5967 3749 6317 6319 
5908 6319 6317 4300 6318 
5909 5991 6319 6318 3732 
5910 3746 6072 6321 6320 
5911 6072 3745 6315 6321 
5912 6321 6315 4317 6248 
5913 6320 6321 6248 3681 
5914 4315 5827 6323 6049 
5915 5827 3889 6246 6323 
5916 6323 6246 4314 6322 
5917 6049 6323 6322 3835 
5918 3983 5758 6325 6324 
5919 5758 4276 6005 6325 
5920 6325 6005 3982 6286 
5921 6324 6325 6286 4301 
5922 3727 6187 6328 5435 
5923 6187 3794 6326 6328 
5924 6328 6326 4300 6327 
5925 5435 6328 6327 3748 
5926 3815 5905 6330 5720 
5927 5905 3820 4683 6330 
5928 6330 4683 4272 6329 
5929 5720 6330 6329 3812 
5930 3675 4524 6331 5715 
5931 4524 3722 5834 6331 
5932 6331 5834 4319 6283 
5933 5715 6331 6283 3731 
5934 4099 6057 6332 5530 
5935 6057 4288 4728 6332 
5936 6332 4728 4130 4694 
5937 5530 6332 4694 4100 
5938 3997 5936 6335 6334 
5939 5936 3945 5917 6335 
5940 6335 5917 3948 6333 
5941 6334 6335 6333 4312 
5942 3860 5427 6337 6110 
5943 5427 3854 5832 6337 
5944 6337 5832 4261 6336 
5945 6110 6337 6336 4260 
5946 3748 6327 6338 5875 
5947 6327 4300 6317 6338 
5948 6338 6317 3749 5786 
5949 5875 6338 5786 3707 
5950 3973 5873 6339 4469 
5951 5873 3978 6287 6339 
5952 6339 6287 4318 4722 
5953 4469 6339 4722 3981 
5954 4116 6206 6341 5736 
5955 6206 3994 6340 6341 
5956 6341 6340 4283 6199 
5957 5736 6341 6199 4123 
5958 4262 5974 6343 6342 
5959 5974 4129 6269 6343 
5960 6343 6269 4273 5806 
5961 6342 6343 5806 3989 
5962 4248 4990 6344 5503 
5963 4990 3886 5790 6344 
5964 6344 5790 4206 6192 
5965 5503 6344 6192 4271 
5966 3696 4405 6346 4739 
5967 4405 3697 6345 6346 
5968 6346 6345 3825 6202 
5969 4739 6346 6202 4270 
5970 3695 5990 6349 4753 
5971 5990 3729 6347 6349 
5972 6349 6347 3798 6348 
5973 4753 6349 6348 3693 
5974 4151 6212 6353 6352 
5975 6212 4202 6350 6353 
5976 6353 6350 4201 6351 
5977 6352 6353 6351 4149 
5978 4178 6084 6354 5670 
5979 6084 4201 6350 6354 
5980 6354 6350 4202 6211 
5981 5670 6354 6211 4179 
5982 3693 6348 6356 4673 
5983 6348 3798 6355 6356 
5984 6356 6355 3799 6298 
5985 4673 6356 6298 3688 
5986 4137 6292 6357 6252 
5987 6292 4138 6101 6357 
5988 6357 6101 4114 6232 
5989 6252 6357 6232 3720 
5990 4161 5922 6360 6359 
5991 5922 4194 6117 6360 
5992 6360 6117 4171 6358 
5993 6359 6360 6358 4265 
5994 3713 6302 6362 6278 
5995 6302 4350 4712 6362 
5996 6362 4712 3708 6361 
5997 6278 6362 6361 4106 
5998 4302 4575 6365 6364 
5999 4575 3755 6363 6365 
6000 6365 6363 4190 6164 
6001 6364 6365 6164 3793 
6002 3899 6280 6368 6367 
6003 6280 3811 5892 6368 
6004 6368 5892 4259 6366 
6005 6367 6368 6366 4275 
6006 3935 6168 6371 6370 
6007 6168 4277 6275 6371 
6008 6371 6275 3941 6369 
6009 6370 6371 6369 4278 
6010 3803 4708 6373 6372 
6011 4708 4286 5963 6373 
6012 6373 5963 3741 6142 
6013 6372 6373 6142 3804 
6014 3683 5500 6375 4556 
6015 5500 3799 6374 6375 
6016 6375 6374 3676 4446 
6017 4556 6375 4446 3800 
6018 4063 5381 6376 4497 
6019 5381 4032 5801 6376 
6020 6376 5801 4289 6196 
6021 4497 6376 6196 4133 
6022 3802 4706 6377 6221 
6023 4706 3806 6190 6377 
6024 6377 6190 3690 5850 
6025 6221 6377 5850 4257 
6026 3939 5937 6380 5486 
6027 5937 3997 6378 6380 
6028 6380 6378 4264 6379 
6029 5486 6380 6379 3938 
6030 4279 6381 6383 5951 
6031 6381 4155 6382 6383 
6032 6383 6382 4309 6016 
6033 5951 6383 6016 4182 
6034 3689 4681 6384 4674 
6035 4681 3820 5904 6384 
6036 6384 5904 3715 6129 
6037 4674 6384 6129 4307 
6038 3710 4721 6385 6231 
6039 4721 4106 6361 6385 
6040 6385 6361 3708 4699 
6041 6231 6385 4699 4352 
6042 3761 6386 6388 6387 
6043 6386 3754 4539 6388 
6044 6388 4539 4302 6364 
6045 6387 6388 6364 3793 
6046 3978 5872 6391 6285 
6047 5872 3979 6389 6391 
6048 6391 6389 4198 6390 
6049 6285 6391 6390 4301 
6050 3717 6139 6392 6033 
6051 6139 3825 6345 6392 
6052 6392 6345 3697 4404 
6053 6033 6392 4404 4346 
6054 3804 6393 6394 6372 
6055 6393 4209 6289 6394 
6056 6394 6289 4344 4701 
6057 6372 6394 4701 3803 
6058 3812 6329 6395 5686 
6059 6329 4272 5851 6395 
6060 6395 5851 3690 6189 
6061 5686 6395 6189 3809 
6062 3951 6396 6398 5929 
6063 6396 4135 6397 6398 
6064 6398 6397 4312 6333 
6065 5929 6398 6333 3948 
6066 4264 6378 6400 5914 
6067 6378 3997 6334 6400 
6068 6400 6334 4312 6399 
6069 5914 6400 6399 3826 
6070 3728 4717 6401 4509 
6071 4717 3744 5303 6401 
6072 6401 5303 383 5472 
6073 4509 6401 5472 4351 
6074 3951 6225 6403 6396 
6075 6225 3975 6293 6403 
6076 6403 6293 4136 6402 
6077 6396 6403 6402 4135 
6078 3814 4634 6404 5879 
6079 4634 3828 4373 6404 
6080 6404 4373 3813 5718 
6081 5879 6404 5718 4348 
6082 3751 4472 6405 6240 
6083 4472 3712 4713 6405 
6084 6405 4713 4350 6301 
6085 6240 6405 6301 4142 
6086 3823 4413 6406 5913 
6087 4413 4121 6296 6406 
6088 6406 6296 3938 6379 
6089 5913 6406 6379 4264 
6090 3819 6125 6408 4439 
6091 6125 4203 6407 6408 
6092 6408 6407 3818 4455 
6093 4439 6408 4455 4287 
6094 4348 5687 6409 5880 
6095 5687 3810 4534 6409 
6096 6409 4534 4275 6366 
6097 5880 6409 6366 4259 
6098 3714 5992 6410 4511 
6099 5992 3732 6318 6410 
6100 6410 6318 4300 6326 
6101 4511 6410 6326 3794 
6102 3729 4400 6411 6347 
6103 4400 3676 6374 6411 
6104 6411 6374 3799 6355 
6105 6347 6411 6355 3798 
6106 4136 6257 6412 6402 
6107 6257 3826 6399 6412 
6108 6412 6399 4312 6397 
6109 6402 6412 6397 4135 
6110 3709 6114 6413 6204 
6111 6114 4269 6251 6413 
6112 6413 6251 3700 4736 
6113 6204 6413 4736 4270 
6114 4344 5567 6414 4702 
6115 5567 3899 6367 6414 
6116 6414 6367 4275 4533 
6117 4702 6414 4533 3807 
6118 3991 6259 6415 5820 
6119 6259 4283 6340 6415 
6120 6415 6340 3994 6208 
6121 5820 6415 6208 3995 
6122 4301 6390 6418 6324 
6123 6390 4198 6416 6418 
6124 6418 6416 4199 6417 
6125 6324 6418 6417 3983 
6126 3824 6182 6419 6124 
6127 6182 4310 4592 6419 
6128 6419 4592 3818 6407 
6129 6124 6419 6407 4203 
6130 3673 6420 6422 6421 
6131 6420 345 346 6422 
6132 6422 346 347 5690 
6133 6421 6422 5690 3827 
6134 3724 4491 6423 6264 
6135 4491 341 342 6423 
6136 6423 342 343 4353 
6137 6264 6423 4353 3740 
6138 4238 4360 6425 6424 
6139 4360 4239 4354 6425 
6140 6425 4354 343 344 
6141 6424 6425 344 345 
6142 366 367 6427 6146 
6143 367 368 6426 6427 
6144 6427 6426 3735 6229 
6145 6146 6427 6229 3678 
6146 3737 6428 6431 6430 
6147 6428 3734 6429 6431 
6148 6431 6429 370 371 
6149 6430 6431 371 372 
6150 368 369 6432 6426 
6151 369 370 6429 6432 
6152 6432 6429 3734 5602 
6153 6426 6432 5602 3735 
6154 374 5942 6434 373 
6155 5942 3680 4486 6434 
6156 6434 4486 3758 6433 
6157 373 6434 6433 372 
6158 3737 6430 6437 6436 
6159 6430 372 6433 6437 
6160 6437 6433 3758 6435 
6161 6436 6437 6435 4338 
6162 376 5476 6438 375 
6163 5476 3746 6320 6438 
6164 6438 6320 3681 5943 
6165 375 6438 5943 374 
6166 3827 5689 6441 6421 
6167 5689 3723 6439 6441 
6168 6441 6439 3805 6440 
6169 6421 6441 6440 3673 
6170 3805 6442 6445 6440 
6171 6442 4236 6443 6445 
6172 6445 6443 4237 6444 
6173 6440 6445 6444 3673 
6174 345 6420 6446 6424 
6175 6420 3673 6444 6446 
6176 6446 6444 4237 4358 
6177 6424 6446 4358 4238 
6178 3733 5599 6448 5133 
6179 5599 3734 6428 6448 
6180 6448 6428 3737 6447 
6181 5133 6448 6447 3674 
6182 3668 5009 6449 5561 
6183 5009 3736 5019 6449 
6184 6449 5019 3674 6447 
6185 5561 6449 6447 3737 
6186 3671 6009 6450 5618 
6187 6009 3805 6439 6450 
6188 6450 6439 3723 5480 
6189 5618 6450 5480 3739 
6190 4236 6265 6451 6443 
6191 6265 3740 4356 6451 
6192 6451 4356 4240 4359 
6193 6443 6451 4359 4237 
6194 4322 6452 6454 6453 
6195 6452 3758 4489 6454 
6196 6454 4489 3757 5628 
6197 6453 6454 5628 4139 
6198 3754 6386 6457 4613 
6199 6386 3761 6455 6457 
6200 6457 6455 3763 6456 
6201 4613 6457 6456 3759 
6202 3791 6458 6460 5824 
6203 6458 3792 6459 6460 
6204 6460 6459 3759 6456 
6205 5824 6460 6456 3763 
6206 3792 6461 6462 6459 
6207 6461 3779 4975 6462 
6208 6462 4975 3787 4655 
6209 6459 6462 4655 3759 
6210 3770 4866 6464 6463 
6211 4866 3771 5825 6464 
6212 6464 5825 3763 6455 
6213 6463 6464 6455 3761 
6214 3793 6163 6465 6387 
6215 6163 3768 4793 6465 
6216 6465 4793 3770 6463 
6217 6387 6465 6463 3761 
6218 4190 6173 6466 6165 
6219 6173 4191 4516 6466 
6220 6466 4516 4347 6227 
6221 6165 6466 6227 3769 
6222 3787 4974 6468 4656 
6223 4974 3773 5309 6468 
6224 6468 5309 3788 6467 
6225 4656 6468 6467 3789 
6226 3791 5558 6469 6458 
6227 5558 3778 4985 6469 
6228 6469 4985 3779 6461 
6229 6458 6469 6461 3792 
6230 3788 5406 6471 6467 
6231 5406 3784 4923 6471 
6232 6471 4923 4321 6470 
6233 6467 6471 6470 3789 
6234 4324 5783 6472 5290 
6235 5783 4320 5629 6472 
6236 6472 5629 3789 6470 
6237 5290 6472 6470 4321 
6238 4209 6393 6475 5642 
6239 6393 3804 6473 6475 
6240 6475 6473 4214 6474 
6241 5642 6475 6474 4210 
6242 4236 6442 6477 6144 
6243 6442 3805 6011 6477 
6244 6477 6011 4244 6476 
6245 6144 6477 6476 4235 
6246 3832 5924 6480 6479 
6247 5924 3830 6478 6480 
6248 6480 6478 3902 6108 
6249 6479 6480 6108 3834 
6250 3838 6481 6482 4604 
6251 6481 3839 4578 6482 
6252 6482 4578 3902 6478 
6253 4604 6482 6478 3830 
6254 4260 6336 6483 6107 
6255 6336 4261 6214 6483 
6256 6483 6214 3832 6479 
6257 6107 6483 6479 3834 
6258 3898 5546 6485 6484 
6259 5546 3835 6322 6485 
6260 6485 6322 4314 6245 
6261 6484 6485 6245 3907 
6262 4134 4579 6486 5680 
6263 4579 3839 6481 6486 
6264 6486 6481 3838 5730 
6265 5680 6486 5730 3888 
6266 3837 5891 6488 4607 
6267 5891 3893 6487 6488 
6268 6488 6487 3903 5731 
6269 4607 6488 5731 3838 
6270 3871 6489 6490 4844 
6271 6489 3876 5761 6490 
6272 6490 5761 3873 5470 
6273 4844 6490 5470 3870 
6274 3895 5448 6491 4843 
6275 5448 3896 4449 6491 
6276 6491 4449 3876 6489 
6277 4843 6491 6489 3871 
6278 3903 6487 6493 6037 
6279 6487 3893 6492 6493 
6280 6493 6492 3905 4800 
6281 6037 6493 4800 3894 
6282 3811 4450 6494 5893 
6283 4450 3896 5449 6494 
6284 6494 5449 3905 6492 
6285 5893 6494 6492 3893 
6286 3898 6484 6496 4437 
6287 6484 3907 4389 6496 
6288 6496 4389 3908 6495 
6289 4437 6496 6495 3906 
6290 3819 4438 6499 6498 
6291 4438 3906 6495 6499 
6292 6499 6495 3908 6497 
6293 6498 6499 6497 3910 
6294 3891 4659 6501 4388 
6295 4659 3909 6500 6501 
6296 6501 6500 3910 6497 
6297 4388 6501 6497 3908 
6298 3924 6502 6503 5483 
6299 6502 3910 6500 6503 
6300 6503 6500 3909 4762 
6301 5483 6503 4762 3925 
6302 3819 6498 6506 6126 
6303 6498 3910 6504 6506 
6304 6506 6504 3913 6505 
6305 6126 6506 6505 3911 
6306 4343 4637 6507 6217 
6307 4637 3913 6504 6507 
6308 6507 6504 3910 6502 
6309 6217 6507 6502 3924 
6310 4313 6508 6509 5632 
6311 6508 3911 6505 6509 
6312 6509 6505 3913 4636 
6313 5632 6509 4636 3919 
6314 3824 6127 6511 6510 
6315 6127 3911 6508 6511 
6316 6511 6508 4313 4666 
6317 6510 6511 4666 3927 
6318 3824 6510 6512 6183 
6319 6510 3927 4665 6512 
6320 6512 4665 4285 5838 
6321 6183 6512 5838 3926 
6322 4109 4428 6514 5699 
6323 4428 3931 6513 6514 
6324 6514 6513 3926 5837 
6325 5699 6514 5837 4077 
6326 3926 6513 6516 6184 
6327 6513 3931 4427 6516 
6328 6516 4427 4110 6515 
6329 6184 6516 6515 3928 
6330 3930 4585 6518 6517 
6331 4585 3928 6515 6518 
6332 6518 6515 4110 4670 
6333 6517 6518 4670 3936 
6334 4115 6169 6520 5909 
6335 6169 3935 6519 6520 
6336 6520 6519 3932 4601 
6337 5909 6520 4601 4065 
6338 3930 6517 6521 5996 
6339 6517 3936 5813 6521 
6340 6521 5813 3937 4602 
6341 5996 6521 4602 3932 
6342 3932 6519 6523 5994 
6343 6519 3935 6370 6523 
6344 6523 6370 4278 6522 
6345 5994 6523 6522 3933 
6346 3940 5488 6525 6524 
6347 5488 3933 6522 6525 
6348 6525 6522 4278 6369 
6349 6524 6525 6369 3941 
6350 4120 6526 6527 4566 
6351 6526 3940 6524 6527 
6352 6527 6524 3941 6274 
6353 4566 6527 6274 4008 
6354 3939 5485 6530 5938 
6355 5485 3940 6528 6530 
6356 6530 6528 4258 6529 
6357 5938 6530 6529 3942 
6358 4120 4616 6531 6526 
6359 4616 3944 6120 6531 
6360 6531 6120 4258 6528 
6361 6526 6531 6528 3940 
6362 3945 5935 6534 5918 
6363 5935 3942 6532 6534 
6364 6534 6532 3947 6533 
6365 5918 6534 6533 3946 
6366 4258 6119 6535 6529 
6367 6119 4132 6267 6535 
6368 6535 6267 3947 6532 
6369 6529 6535 6532 3942 
6370 4117 6536 6537 6059 
6371 6536 3946 6533 6537 
6372 6537 6533 3947 6176 
6373 6059 6537 6176 4118 
6374 3949 5919 6539 6538 
6375 5919 3946 6536 6539 
6376 6539 6536 4117 5900 
6377 6538 6539 5900 3950 
6378 3990 6540 6542 4420 
6379 6540 4268 6541 6542 
6380 6542 6541 3949 6538 
6381 4420 6542 6538 3950 
6382 3952 5930 6544 5805 
6383 5930 3949 6541 6544 
6384 6544 6541 4268 6543 
6385 5805 6544 6543 3989 
6386 3975 6224 6545 6294 
6387 6224 3953 5932 6545 
6388 6545 5932 3955 6102 
6389 6294 6545 6102 4138 
6390 3961 5772 6547 6546 
6391 5772 3959 4520 6547 
6392 6547 4520 4111 4647 
6393 6546 6547 4647 3962 
6394 4073 6548 6549 5971 
6395 6548 3961 6546 6549 
6396 6549 6546 3962 5705 
6397 5971 6549 5705 4122 
6398 4299 5980 6551 6236 
6399 5980 3966 6550 6551 
6400 6551 6550 3961 6548 
6401 6236 6551 6548 4073 
6402 3961 6550 6553 5853 
6403 6550 3966 6255 6553 
6404 6553 6255 4274 6552 
6405 5853 6553 6552 3964 
6406 4274 6254 6554 6552 
6407 6254 3972 4495 6554 
6408 6554 4495 3970 4558 
6409 6552 6554 4558 3964 
6410 4141 6555 6556 6308 
6411 6555 3968 4559 6556 
6412 6556 4559 3970 6195 
6413 6308 6556 6195 3971 
6414 3974 5870 6558 6557 
6415 5870 3968 6555 6558 
6416 6558 6555 4141 6307 
6417 6557 6558 6307 3992 
6418 3956 4746 6561 6560 
6419 4746 4294 6559 6561 
6420 6561 6559 4295 4377 
6421 6560 6561 4377 3976 
6422 3956 6560 6562 4383 
6423 6560 3976 4484 6562 
6424 6562 4484 4306 6066 
6425 4383 6562 6066 4305 
6426 4112 6136 6563 5863 
6427 6136 3980 4395 6563 
6428 6563 4395 4094 4726 
6429 5863 6563 4726 4095 
6430 3954 4392 6565 4749 
6431 4392 3980 6135 6565 
6432 6565 6135 4296 6564 
6433 4749 6565 6564 4294 
6434 4108 6154 6567 6207 
6435 6154 3988 6566 6567 
6436 6567 6566 3984 5821 
6437 6207 6567 5821 3995 
6438 3984 6566 6568 4501 
6439 6566 3988 6153 6568 
6440 6568 6153 4131 5898 
6441 4501 6568 5898 3986 
6442 3979 4502 6570 6389 
6443 4502 3986 5897 6570 
6444 6570 5897 4200 6569 
6445 6389 6570 6569 4198 
6446 3989 6543 6571 6342 
6447 6543 4268 6540 6571 
6448 6571 6540 3990 5683 
6449 6342 6571 5683 4262 
6450 3974 6557 6572 5819 
6451 6557 3992 6271 6572 
6452 6572 6271 3993 6260 
6453 5819 6572 6260 3991 
6454 4308 6021 6574 6573 
6455 6021 4151 6352 6574 
6456 6574 6352 4149 5328 
6457 6573 6574 5328 4147 
6458 4201 6083 6576 6351 
6459 6083 4150 6575 6576 
6460 6576 6575 4148 5329 
6461 6351 6576 5329 4149 
6462 4158 4624 6578 5842 
6463 4624 4148 6575 6578 
6464 6578 6575 4150 6577 
6465 5842 6578 6577 4160 
6466 4147 5957 6580 6573 
6467 5957 4152 6579 6580 
6468 6580 6579 4153 6002 
6469 6573 6580 6002 4308 
6470 4146 5756 6582 5956 
6471 5756 4154 5652 6582 
6472 6582 5652 4156 6581 
6473 5956 6582 6581 4152 
6474 4153 6579 6583 4678 
6475 6579 4152 6581 6583 
6476 6583 6581 4156 6219 
6477 4678 6583 6219 4188 
6478 4279 6063 6585 6381 
6479 6063 4157 5653 6585 
6480 6585 5653 4154 6584 
6481 6381 6585 6584 4155 
6482 3983 6417 6587 5759 
6483 6417 4199 6586 6587 
6484 6587 6586 4155 6584 
6485 5759 6587 6584 4154 
6486 4349 6017 6589 6588 
6487 6017 4309 6382 6589 
6488 6589 6382 4155 6586 
6489 6588 6589 6586 4199 
6490 4160 4407 6591 5840 
6491 4407 4161 6359 6591 
6492 6591 6359 4265 6590 
6493 5840 6591 6590 4159 
6494 4172 6592 6593 4823 
6495 6592 4159 6590 6593 
6496 6593 6590 4265 6358 
6497 4823 6593 6358 4171 
6498 4192 6172 6595 5776 
6499 6172 4193 6594 6595 
6500 6595 6594 4159 6592 
6501 5776 6595 6592 4172 
6502 3755 5841 6596 6363 
6503 5841 4159 6594 6596 
6504 6596 6594 4193 6171 
6505 6363 6596 6171 4190 
6506 4349 6588 6597 5988 
6507 6588 4199 6416 6597 
6508 6597 6416 4198 6569 
6509 5988 6597 6569 4200 
6510 3899 5566 6598 6281 
6511 5566 4205 6193 6598 
6512 6598 6193 4206 5789 
6513 6281 6598 5789 4204 
6514 3808 6290 6600 5569 
6515 6290 4207 6599 6600 
6516 6600 6599 4252 6156 
6517 5569 6600 6156 4205 
6518 4252 6599 6602 6014 
6519 6599 4207 6601 6602 
6520 6602 6601 4298 5589 
6521 6014 6602 5589 4208 
6522 4211 6053 6603 5644 
6523 6053 4243 6311 6603 
6524 6603 6311 4298 6601 
6525 5644 6603 6601 4207 
6526 4267 6149 6605 6604 
6527 6149 4212 6051 6605 
6528 6605 6051 4211 5643 
6529 6604 6605 5643 4210 
6530 4267 6604 6607 6159 
6531 6604 4210 6606 6607 
6532 6607 6606 4224 4778 
6533 6159 6607 4778 4226 
6534 4210 6474 6609 6606 
6535 6474 4214 6608 6609 
6536 6609 6608 4255 6131 
6537 6606 6609 6131 4224 
6538 4255 6608 6611 6132 
6539 6608 4214 6610 6611 
6540 6611 6610 4241 5585 
6541 6132 6611 5585 4225 
6542 3804 6141 6612 6473 
6543 6141 4235 5417 6612 
6544 6612 5417 4241 6610 
6545 6473 6612 6610 4214 
6546 4232 5418 6613 5658 
6547 5418 4235 6476 6613 
6548 6613 6476 4244 6070 
6549 5658 6613 6070 4234 
6550 4089 4378 6614 6134 
6551 4378 4295 6559 6614 
6552 6614 6559 4294 6564 
6553 6134 6614 6564 4296 
6554 4139 5627 6616 6615 
6555 5627 4320 5782 6616 
6556 6616 5782 4332 4862 
6557 6615 6616 4862 4328 
6558 4139 6615 6618 6453 
6559 6615 4328 4818 6618 
6560 6618 4818 4341 6617 
6561 6453 6618 6617 4322 
6562 3758 6452 6620 6435 
6563 6452 4322 6619 6620 
6564 6620 6619 4342 6076 
6565 6435 6620 6076 4338 
6566 4330 5747 6621 4784 
6567 5747 4342 6619 6621 
6568 6621 6619 4322 6617 
6569 4784 6621 6617 4341 
6570 3737 6436 6622 5562 
6571 6436 4338 6075 6622 
6572 6622 6075 4337 5509 
6573 5562 6622 5509 4340 
6574 4163 4422 6623 6082 
6575 4422 4164 4408 6623 
6576 6623 4408 4160 6577 
6577 6082 6623 6577 4150 
$EndElements
