$MeshFormat
4.1 0 8
$EndMeshFormat
$PhysicalNames
4
0 30 "Ponto_Referencia"
1 10 "Bottom_ids"
1 20 "Top_ids"
2 40 "Dominio_Placa"
$EndPhysicalNames
$Entities
10 11 2 0
1 -0.5 -0.5 0 0 
2 0 -0.5 0 1 30 
3 0.5 -0.5 0 0 
4 0.5 0 0 0 
5 0 0 0 0 
6 -0.5 0 0 0 
7 -0.5 0 0 0 
8 0.5 0.5 0 0 
9 -0.5 0.5 0 0 
10 0.3333333333333333 -0.5 0 0 
1 -0.5 -0.5 0 0 -0.5 0 1 10 2 1 -2 
2 0.3333333333333333 -0.5 0 0.5 -0.5 0 1 10 2 10 -3 
3 0.5 -0.5 0 0.5 0 0 0 2 3 -4 
5 -0.5 0 0 0 0 0 0 2 5 -6 
6 -0.5 -0.5 0 -0.5 0 0 0 2 6 -1 
7 -0.5 0 0 0 0 0 0 2 7 -5 
8 0.5 0 0 0.5 0.5 0 0 2 4 -8 
9 -0.5 0.5 0 0.5 0.5 0 1 20 2 8 -9 
10 -0.5 0 0 -0.5 0.5 0 0 2 9 -7 
11 0 -0.5 0 0.3333333333333333 0 0 0 2 5 -10 
12 0 -0.5 0 0.3333333333333333 -0.5 0 1 10 2 2 -10 
1 -0.5 -0.5 0 0.3333333333333333 0 0 1 40 5 1 12 -11 5 6 
2 -0.5 -0.5 0 0.5 0.5 0 1 40 7 7 11 2 3 8 9 10 
$EndEntities
$Nodes
23 8129 1 8129
0 1 0 1
1
-0.5 -0.5 0
0 2 0 1
2
0 -0.5 0
0 3 0 1
3
0.5 -0.5 0
0 4 0 1
4
0.5 0 0
0 5 0 1
5
0 0 0
0 6 0 1
6
-0.5 0 0
0 7 0 1
7
-0.5 0 0
0 8 0 1
8
0.5 0.5 0
0 9 0 1
9
-0.5 0.5 0
0 10 0 1
10
0.3333333333333333 -0.5 0
1 1 0 7
11
12
13
14
15
16
17
-0.437500000000021 -0.5 0
-0.3750000000001735 -0.5 0
-0.3125000000006283 -0.5 0
-0.2500000000010301 -0.5 0
-0.1875000000007752 -0.5 0
-0.1250000000005203 -0.5 0
-0.06250000000026013 -0.5 0
1 2 0 19
18
19
20
21
22
23
24
25
26
27
28
29
30
31
32
33
34
35
36
0.3352019890960477 -0.5 0
0.3370706448587684 -0.5 0
0.3389393006214767 -0.5 0
0.3408079563841846 -0.5 0
0.3426766121469036 -0.5 0
0.3445452679096169 -0.5 0
0.3464376913663084 -0.5 0
0.3483301148230025 -0.5 0
0.350735815854552 -0.5 0
0.353141516886101 -0.5 0
0.3610069529513583 -0.5 0
0.3688723890166205 -0.5 0
0.3837653241668018 -0.5 0
0.3986582593169786 -0.5 0
0.4105264751463073 -0.5 0
0.4223946909756449 -0.5 0
0.438726573195547 -0.5 0
0.4550584554154028 -0.5 0
0.4775292277077732 -0.5 0
1 3 0 7
37
38
39
40
41
42
43
0.5 -0.437500000000021 0
0.5 -0.3750000000001735 0
0.5 -0.3125000000006283 0
0.5 -0.2500000000010301 0
0.5 -0.1875000000007752 0
0.5 -0.1250000000005203 0
0.5 -0.06250000000026013 0
1 5 0 31
44
45
46
47
48
49
50
51
52
53
54
55
56
57
58
59
60
61
62
63
64
65
66
67
68
69
70
71
72
73
74
-0.001892640364236669 0 0
-0.003785280728473418 0 0
-0.005677921092710164 0 0
-0.007570561456946911 0 0
-0.009463201821183658 0 0
-0.01135584218542041 0 0
-0.01324848254965701 0 0
-0.0151411229138936 0 0
-0.01703376327812997 0 0
-0.0189264036423662 0 0
-0.02081904400660231 0 0
-0.02271168437083843 0 0
-0.02460432473507452 0 0
-0.02649696509931061 0 0
-0.02838960546354696 0 0
-0.0302822458277833 0 0
-0.03217488619201988 0 0
-0.03406752655625712 0 0
-0.03596016692049443 0 0
-0.03785280728473173 0 0
-0.03980551485498116 0 0
-0.04175822242523058 0 0
-0.05956386634075913 0 0
-0.07736951025626836 0 0
-0.117558041003688 0 0
-0.1577465717511076 0 0
-0.2165705031477826 0 0
-0.2753944345446209 0 0
-0.3225472888505242 0 0
-0.3697001431564276 0 0
-0.4348500715782138 0 0
1 6 0 7
75
76
77
78
79
80
81
-0.5 -0.06249999999988778 0
-0.5 -0.1249999999997059 0
-0.5 -0.1874999999995263 0
-0.5 -0.2499999999993468 0
-0.5 -0.3124999999995088 0
-0.5 -0.3749999999996708 0
-0.5 -0.4374999999998354 0
1 7 0 31
82
83
84
85
86
87
88
89
90
91
92
93
94
95
96
97
98
99
100
101
102
103
104
105
106
107
108
109
110
111
112
-0.4348500715785119 0 0
-0.3697001431571301 0 0
-0.3225472888517174 0 0
-0.2753944345462799 0 0
-0.2165705031493458 0 0
-0.1577465717523163 0 0
-0.1175580410045359 0 0
-0.07736951025675559 0 0
-0.05956386634105609 0 0
-0.04175822242535659 0 0
-0.03980551485509487 0 0
-0.0378528072848332 0 0
-0.03596016692059156 0 0
-0.03406752655634987 0 0
-0.03217488619210823 0 0
-0.03028224582786659 0 0
-0.02838960546362496 0 0
-0.02649696509938326 0 0
-0.02460432473514162 0 0
-0.02271168437089993 0 0
-0.02081904400665829 0 0
-0.0189264036424166 0 0
-0.01703376327817496 0 0
-0.01514112291393327 0 0
-0.01324848254969163 0 0
-0.01135584218544999 0 0
-0.009463201821208356 0 0
-0.007570561456966662 0 0
-0.005677921092725025 0 0
-0.003785280728483331 0 0
-0.001892640364241693 0 0
1 8 0 7
113
114
115
116
117
118
119
0.5 0.06249999999988778 0
0.5 0.1249999999997059 0
0.5 0.1874999999995263 0
0.5 0.2499999999993468 0
0.5 0.3124999999995088 0
0.5 0.3749999999996708 0
0.5 0.4374999999998354 0
1 9 0 11
120
121
122
123
124
125
126
127
128
129
130
0.4166666666668605 0.5 0
0.3333333333337959 0.5 0
0.2500000000006939 0.5 0
0.1666666666675919 0.5 0
0.08333333333448439 0.5 0
1.376898595140119e-12 0.5 0
-0.0833333333321824 0.5 0
-0.1666666666657416 0.5 0
-0.2499999999993063 0.5 0
-0.3333333333328711 0.5 0
-0.4166666666664355 0.5 0
1 10 0 7
131
132
133
134
135
136
137
-0.5 0.437500000000021 0
-0.5 0.3750000000001735 0
-0.5 0.3125000000006283 0
-0.5 0.2500000000010301 0
-0.5 0.1875000000007752 0
-0.5 0.1250000000005203 0
-0.5 0.06250000000026013 0
1 11 0 303
138
139
140
141
142
143
144
145
146
147
148
149
150
151
152
153
154
155
156
157
158
159
160
161
162
163
164
165
166
167
168
169
170
171
172
173
174
175
176
177
178
179
180
181
182
183
184
185
186
187
188
189
190
191
192
193
194
195
196
197
198
199
200
201
202
203
204
205
206
207
208
209
210
211
212
213
214
215
216
217
218
219
220
221
222
223
224
225
226
227
228
229
230
231
232
233
234
235
236
237
238
239
240
241
242
243
244
245
246
247
248
249
250
251
252
253
254
255
256
257
258
259
260
261
262
263
264
265
266
267
268
269
270
271
272
273
274
275
276
277
278
279
280
281
282
283
284
285
286
287
288
289
290
291
292
293
294
295
296
297
298
299
300
301
302
303
304
305
306
307
308
309
310
311
312
313
314
315
316
317
318
319
320
321
322
323
324
325
326
327
328
329
330
331
332
333
334
335
336
337
338
339
340
341
342
343
344
345
346
347
348
349
350
351
352
353
354
355
356
357
358
359
360
361
362
363
364
365
366
367
368
369
370
371
372
373
374
375
376
377
378
379
380
381
382
383
384
385
386
387
388
389
390
391
392
393
394
395
396
397
398
399
400
401
402
403
404
405
406
407
408
409
410
411
412
413
414
415
416
417
418
419
420
421
422
423
424
425
426
427
428
429
430
431
432
433
434
435
436
437
438
439
440
0.001096491228068074 -0.001644736842102111 0
0.002192982456136184 -0.003289473684204276 0
0.003289473684204277 -0.004934210526306416 0
0.00438596491227238 -0.006578947368408571 0
0.005482456140340477 -0.008223684210510717 0
0.00657894736840858 -0.009868421052612871 0
0.007675438596476644 -0.01151315789471497 0
0.008771929824544722 -0.01315789473681708 0
0.009868421052612786 -0.01480263157891918 0
0.01096491228068069 -0.01644736842102103 0
0.01206140350874852 -0.01809210526312278 0
0.01315789473681635 -0.01973684210522453 0
0.01425438596488408 -0.02138157894732612 0
0.0153508771929518 -0.0230263157894277 0
0.01644736842101953 -0.02467105263152929 0
0.01754385964908725 -0.02631578947363088 0
0.01864035087715513 -0.0279605263157327 0
0.01973684210522301 -0.02960526315783452 0
0.02083333333329077 -0.03124999999993616 0
0.02192982456135925 -0.03289473684203888 0
0.02302631578942758 -0.03453947368414138 0
0.02412280701749592 -0.03618421052624389 0
0.02521929824556436 -0.03782894736834654 0
0.02631578947363281 -0.03947368421044922 0
0.02741228070170129 -0.04111842105255194 0
0.02850877192976984 -0.04276315789465476 0
0.02960526315783843 -0.04440789473675765 0
0.03070175438590703 -0.04605263157886055 0
0.03179824561397548 -0.04769736842096323 0
0.03289473684204398 -0.04934210526306598 0
0.0339912280701124 -0.0509868421051686 0
0.03508771929818084 -0.05263157894727126 0
0.03618421052624934 -0.05427631578937401 0
0.03728070175431783 -0.05592105263147674 0
0.03837719298238629 -0.05756578947357945 0
0.03947368421045487 -0.05921052631568231 0
0.04057017543852302 -0.06085526315778453 0
0.0416666666665912 -0.06249999999988681 0
0.04276315789465854 -0.06414473684198782 0
0.04385964912272577 -0.06578947368408866 0
0.04495614035079271 -0.06743421052618907 0
0.04605263157885964 -0.06907894736828946 0
0.04714912280692662 -0.07072368421038994 0
0.04824561403499356 -0.07236842105249033 0
0.04934210526306058 -0.07401315789459088 0
0.0504385964911276 -0.07565789473669141 0
0.05153508771919457 -0.07730263157879186 0
0.05263157894726157 -0.07894736842089235 0
0.05372807017532847 -0.08059210526299271 0
0.05482456140339528 -0.08223684210509292 0
0.05592105263146233 -0.08388157894719349 0
0.05701754385952933 -0.085526315789294 0
0.05811403508759627 -0.08717105263139441 0
0.05921052631566338 -0.08881578947349507 0
0.06030701754373047 -0.0904605263155957 0
0.06140350877179743 -0.09210526315769614 0
0.06249999999986454 -0.09374999999979682 0
0.06359649122793165 -0.09539473684189749 0
0.06469298245599873 -0.09703947368399811 0
0.06578947368406583 -0.09868421052609876 0
0.06688596491213267 -0.100328947368199 0
0.06798245614019953 -0.1019736842102993 0
0.06907894736826646 -0.1036184210523997 0
0.07017543859633323 -0.1052631578944998 0
0.07127192982440037 -0.1069078947366005 0
0.07236842105246757 -0.1085526315787014 0
0.07346491228053459 -0.1101973684208019 0
0.07456140350860146 -0.1118421052629022 0
0.07565789473666826 -0.1134868421050024 0
0.07675438596473515 -0.1151315789471027 0
0.07785087719280209 -0.1167763157892031 0
0.07894736842086911 -0.1184210526313037 0
0.08004385964893619 -0.1200657894734043 0
0.08114035087700337 -0.1217105263155051 0
0.0822368421050703 -0.1233552631576055 0
0.08333333333313708 -0.1249999999997056 0
0.08442982456120393 -0.1266447368418059 0
0.08552631578927078 -0.1282894736839062 0
0.08662280701733789 -0.1299342105260068 0
0.08771929824540504 -0.1315789473681076 0
0.08881578947347203 -0.1332236842102081 0
0.08991228070153902 -0.1348684210523085 0
0.09100877192960574 -0.1365131578944086 0
0.0921052631576727 -0.1381578947365091 0
0.09320175438573959 -0.1398026315786094 0
0.09429824561380658 -0.1414473684207099 0
0.09539473684187369 -0.1430921052628105 0
0.09649122806994093 -0.1447368421049114 0
0.09758771929800782 -0.1463815789470117 0
0.09868421052607464 -0.148026315789112 0
0.09978070175414147 -0.1496710526312122 0
0.1008771929822083 -0.1513157894733125 0
0.1019736842102754 -0.1529605263154131 0
0.1030701754383425 -0.1546052631575138 0
0.1041666666664094 -0.1562499999996141 0
0.1052631578944766 -0.1578947368417148 0
0.1063596491225434 -0.1595394736838152 0
0.1074561403506103 -0.1611842105259154 0
0.1085526315786773 -0.1628289473680159 0
0.109649122806744 -0.1644736842101161 0
0.1107456140348112 -0.1661184210522168 0
0.1118421052628784 -0.1677631578943176 0
0.1129385964909454 -0.1694078947364181 0
0.1140350877190122 -0.1710526315785183 0
0.115131578947079 -0.1726973684206185 0
0.1162280701751459 -0.1743421052627188 0
0.1173245614032129 -0.1759868421048194 0
0.11842105263128 -0.1776315789469199 0
0.1195175438593468 -0.1792763157890203 0
0.1206140350874141 -0.1809210526311212 0
0.1217105263154809 -0.1825657894732214 0
0.1228070175435478 -0.1842105263153217 0
0.1239035087716146 -0.1858552631574219 0
0.1249999999996815 -0.1874999999995223 0
0.126096491227749 -0.1891447368416236 0
0.1271929824558166 -0.1907894736837249 0
0.1282894736838838 -0.1924342105258257 0
0.1293859649119511 -0.1940789473679267 0
0.1304824561400179 -0.1957236842100269 0
0.1315789473680847 -0.197368421052127 0
0.1326754385961518 -0.1990131578942277 0
0.1337719298242183 -0.2006578947363274 0
0.1348684210522852 -0.2023026315784279 0
0.1359649122803527 -0.203947368420529 0
0.13706140350842 -0.20559210526263 0
0.138157894736487 -0.2072368421047305 0
0.1392543859645535 -0.2088815789468303 0
0.14035087719262 -0.21052631578893 0
0.1414473684206871 -0.2121710526310307 0
0.1425438596487542 -0.2138157894731313 0
0.1436403508768211 -0.2154605263152316 0
0.1447368421048886 -0.2171052631573329 0
0.1458333333329554 -0.2187499999994331 0
0.1469298245610223 -0.2203947368415334 0
0.1480263157890891 -0.2220394736836337 0
0.1491228070171557 -0.2236842105257336 0
0.150219298245223 -0.2253289473678344 0
0.1513157894732901 -0.2269736842099352 0
0.1524122807013575 -0.2286184210520363 0
0.1535087719294245 -0.2302631578941367 0
0.1546052631574909 -0.2319078947362364 0
0.1557017543855576 -0.2335526315783364 0
0.1567982456136243 -0.2351973684204365 0
0.1578947368416916 -0.2368421052625374 0
0.1589912280697588 -0.2384868421046382 0
0.160087719297826 -0.240131578946739 0
0.1611842105258928 -0.2417763157888392 0
0.1622807017539599 -0.2434210526309398 0
0.1633771929820267 -0.24506578947304 0
0.1644736842100936 -0.2467105263151403 0
0.1655701754381619 -0.2483552631572428 0
0.16666666666623 -0.2499999999993451 0
0.1677631578943018 -0.2516447368414527 0
0.1688596491223736 -0.2532894736835604 0
0.1699561403504468 -0.2549342105256702 0
0.17105263157852 -0.25657894736778 0
0.1721491228065931 -0.2582236842098896 0
0.1732456140346661 -0.2598684210519992 0
0.1743421052627388 -0.2615131578941082 0
0.1754385964908118 -0.2631578947362176 0
0.1765350877188849 -0.2648026315783273 0
0.1776315789469577 -0.2664473684204366 0
0.1787280701750314 -0.2680921052625471 0
0.1798245614031048 -0.2697368421046571 0
0.1809210526311779 -0.2713815789467668 0
0.1820175438592504 -0.2730263157888756 0
0.1831140350873232 -0.2746710526309848 0
0.184210526315396 -0.276315789473094 0
0.1853070175434693 -0.277960526315204 0
0.1864035087715427 -0.279605263157314 0
0.1874999999996155 -0.2812499999994233 0
0.188596491227689 -0.2828947368415335 0
0.1896929824557615 -0.2845394736836423 0
0.1907894736838346 -0.286184210525752 0
0.1918859649119074 -0.2878289473678611 0
0.1929824561399804 -0.2894736842099707 0
0.194078947368054 -0.291118421052081 0
0.1951754385961275 -0.2927631578941913 0
0.1962719298242004 -0.2944078947363006 0
0.1973684210522733 -0.2960526315784099 0
0.1984649122803461 -0.2976973684205192 0
0.1995614035084189 -0.2993421052626283 0
0.2006578947364919 -0.3009868421047378 0
0.2017543859645653 -0.302631578946848 0
0.2028508771926388 -0.3042763157889583 0
0.2039473684207118 -0.3059210526310678 0
0.2050438596487844 -0.3075657894731766 0
0.2061403508768575 -0.3092105263152863 0
0.2072368421049303 -0.3108552631573955 0
0.2083333333330031 -0.3124999999995047 0
0.2094298245610766 -0.3141447368416149 0
0.2105263157891502 -0.3157894736837253 0
0.2116228070172234 -0.3174342105258351 0
0.2127192982452961 -0.3190789473679442 0
0.2138157894733689 -0.3207236842100534 0
0.2149122807014417 -0.3223684210521626 0
0.216008771929515 -0.3240131578942725 0
0.217105263157588 -0.3256578947363821 0
0.2182017543856613 -0.327302631578492 0
0.2192982456137347 -0.3289473684206021 0
0.2203947368418074 -0.3305921052627111 0
0.2214912280698804 -0.3322368421048206 0
0.2225877192979531 -0.3338815789469297 0
0.223684210526026 -0.335526315789039 0
0.2247807017540995 -0.3371710526311493 0
0.2258771929821729 -0.3388157894732594 0
0.2269736842102461 -0.3404605263153692 0
0.228070175438319 -0.3421052631574785 0
0.2291666666663918 -0.3437499999995877 0
0.2302631578944646 -0.3453947368416969 0
0.2313596491225379 -0.3470394736838069 0
0.2324561403506107 -0.3486842105259161 0
0.2335526315786842 -0.3503289473680264 0
0.2346491228067576 -0.3519736842101364 0
0.2357456140348302 -0.3536184210522453 0
0.2368421052629032 -0.3552631578943549 0
0.237938596490976 -0.3569078947364641 0
0.2390350877190489 -0.3585526315785734 0
0.2401315789471224 -0.3601973684206836 0
0.2412280701751956 -0.3618421052627934 0
0.2423245614032686 -0.3634868421049029 0
0.2434210526313418 -0.3651315789470128 0
0.2445175438594147 -0.3667763157891221 0
0.2456140350874875 -0.3684210526312312 0
0.2467105263155604 -0.3700657894733406 0
0.2478070175436334 -0.3717105263154501 0
0.2489035087717069 -0.3733552631575604 0
0.2499999999997804 -0.3749999999996707 0
0.2510964912278529 -0.3766447368417793 0
0.2521929824559261 -0.3782894736838892 0
0.2532894736839999 -0.3799342105259998 0
0.2543859649120729 -0.3815789473681093 0
0.2554824561401466 -0.38322368421022 0
0.25657894736822 -0.3848684210523299 0
0.2576754385962927 -0.386513157894439 0
0.2587719298243657 -0.3881578947365486 0
0.2598684210524382 -0.3898026315786573 0
0.2609649122805107 -0.3914473684207661 0
0.2620614035085842 -0.3930921052628764 0
0.2631578947366577 -0.3947368421049867 0
0.2642543859647311 -0.3963815789470967 0
0.2653508771928048 -0.3980263157892072 0
0.2664473684208771 -0.3996710526313157 0
0.2675438596489493 -0.4013157894734241 0
0.2686403508770221 -0.4029605263155332 0
0.2697368421050956 -0.4046052631576434 0
0.2708333333331688 -0.4062499999997533 0
0.2719298245612426 -0.4078947368418639 0
0.2730263157893159 -0.4095394736839739 0
0.2741228070173888 -0.4111842105260832 0
0.2752192982454606 -0.4128289473681909 0
0.2763157894735334 -0.4144736842103001 0
0.277412280701607 -0.4161184210524105 0
0.2785087719296804 -0.4177631578945207 0
0.2796052631577538 -0.4194078947366307 0
0.2807017543858275 -0.4210526315787412 0
0.2817982456139004 -0.4226973684208506 0
0.2828947368419724 -0.4243421052629586 0
0.2839912280700459 -0.4259868421050689 0
0.2850877192981183 -0.4276315789471774 0
0.2861842105261916 -0.4292763157892875 0
0.2872807017542652 -0.4309210526313978 0
0.2883771929823383 -0.4325657894735075 0
0.2894736842104118 -0.4342105263156177 0
0.2905701754384841 -0.4358552631577261 0
0.2916666666665561 -0.4374999999998341 0
0.2927631578946294 -0.4391447368419442 0
0.293859649122703 -0.4407894736840546 0
0.2949561403507769 -0.4424342105261653 0
0.2960526315788501 -0.4440789473682752 0
0.2971491228069231 -0.4457236842103847 0
0.2982456140349954 -0.4473684210524932 0
0.2993421052630678 -0.4490131578946017 0
0.3004385964911409 -0.4506578947367113 0
0.3015350877192144 -0.4523026315788216 0
0.3026315789472879 -0.4539473684209319 0
0.3037280701753616 -0.4555921052630424 0
0.3048245614034348 -0.4572368421051523 0
0.3059210526315067 -0.45888157894726 0
0.307017543859579 -0.4605263157893686 0
0.3081140350876522 -0.4621710526314783 0
0.3092105263157258 -0.4638157894735887 0
0.3103070175437992 -0.4654605263156988 0
0.3114035087718728 -0.4671052631578093 0
0.3124999999999455 -0.4687499999999183 0
0.3135964912280185 -0.4703947368420277 0
0.3146929824560909 -0.4720394736841364 0
0.3157894736841636 -0.4736842105262454 0
0.316885964912237 -0.4753289473683556 0
0.3179824561403106 -0.4769736842104659 0
0.3190789473683842 -0.4786184210525762 0
0.3201754385964577 -0.4802631578946865 0
0.3212719298245302 -0.4819078947367954 0
0.3223684210526021 -0.4835526315789032 0
0.3234649122806752 -0.4851973684210129 0
0.3245614035087484 -0.4868421052631227 0
0.3256578947368222 -0.4884868421052334 0
0.3267543859648955 -0.4901315789473433 0
0.3278508771929683 -0.4917763157894526 0
0.3289473684210415 -0.4934210526315623 0
0.3300438596491133 -0.49506578947367 0
0.3311403508771862 -0.4967105263157794 0
0.3322368421052598 -0.4983552631578897 0
1 12 0 23
441
442
443
444
445
446
447
448
449
450
451
452
453
454
455
456
457
458
459
460
461
462
463
0.04462020181977303 -0.5 0
0.08924040363949948 -0.5 0
0.1449427745824914 -0.5 0
0.2006451455256608 -0.5 0
0.2298475994664905 -0.5 0
0.2590500534073371 -0.5 0
0.2743594331490625 -0.5 0
0.2896688128907803 -0.5 0
0.2976947512329299 -0.5 0
0.3057206895750847 -0.5 0
0.3081612188255757 -0.5 0
0.3106017480760689 -0.5 0
0.3125162812033989 -0.5 0
0.3144308143307248 -0.5 0
0.3163210662309863 -0.5 0
0.3182113181312486 -0.5 0
0.320101570031508 -0.5 0
0.3219918219317682 -0.5 0
0.3238820738320289 -0.5 0
0.325772325732291 -0.5 0
0.327662577632551 -0.5 0
0.3295528295328116 -0.5 0
0.331443081433075 -0.5 0
2 1 0 3653
464
465
466
467
468
469
470
471
472
473
474
475
476
477
478
479
480
481
482
483
484
485
486
487
488
489
490
491
492
493
494
495
496
497
498
499
500
501
502
503
504
505
506
507
508
509
510
511
512
513
514
515
516
517
518
519
520
521
522
523
524
525
526
527
528
529
530
531
532
533
534
535
536
537
538
539
540
541
542
543
544
545
546
547
548
549
550
551
552
553
554
555
556
557
558
559
560
561
562
563
564
565
566
567
568
569
570
571
572
573
574
575
576
577
578
579
580
581
582
583
584
585
586
587
588
589
590
591
592
593
594
595
596
597
598
599
600
601
602
603
604
605
606
607
608
609
610
611
612
613
614
615
616
617
618
619
620
621
622
623
624
625
626
627
628
629
630
631
632
633
634
635
636
637
638
639
640
641
642
643
644
645
646
647
648
649
650
651
652
653
654
655
656
657
658
659
660
661
662
663
664
665
666
667
668
669
670
671
672
673
674
675
676
677
678
679
680
681
682
683
684
685
686
687
688
689
690
691
692
693
694
695
696
697
698
699
700
701
702
703
704
705
706
707
708
709
710
711
712
713
714
715
716
717
718
719
720
721
722
723
724
725
726
727
728
729
730
731
732
733
734
735
736
737
738
739
740
741
742
743
744
745
746
747
748
749
750
751
752
753
754
755
756
757
758
759
760
761
762
763
764
765
766
767
768
769
770
771
772
773
774
775
776
777
778
779
780
781
782
783
784
785
786
787
788
789
790
791
792
793
794
795
796
797
798
799
800
801
802
803
804
805
806
807
808
809
810
811
812
813
814
815
816
817
818
819
820
821
822
823
824
825
826
827
828
829
830
831
832
833
834
835
836
837
838
839
840
841
842
843
844
845
846
847
848
849
850
851
852
853
854
855
856
857
858
859
860
861
862
863
864
865
866
867
868
869
870
871
872
873
874
875
876
877
878
879
880
881
882
883
884
885
886
887
888
889
890
891
892
893
894
895
896
897
898
899
900
901
902
903
904
905
906
907
908
909
910
911
912
913
914
915
916
917
918
919
920
921
922
923
924
925
926
927
928
929
930
931
932
933
934
935
936
937
938
939
940
941
942
943
944
945
946
947
948
949
950
951
952
953
954
955
956
957
958
959
960
961
962
963
964
965
966
967
968
969
970
971
972
973
974
975
976
977
978
979
980
981
982
983
984
985
986
987
988
989
990
991
992
993
994
995
996
997
998
999
1000
1001
1002
1003
1004
1005
1006
1007
1008
1009
1010
1011
1012
1013
1014
1015
1016
1017
1018
1019
1020
1021
1022
1023
1024
1025
1026
1027
1028
1029
1030
1031
1032
1033
1034
1035
1036
1037
1038
1039
1040
1041
1042
1043
1044
1045
1046
1047
1048
1049
1050
1051
1052
1053
1054
1055
1056
1057
1058
1059
1060
1061
1062
1063
1064
1065
1066
1067
1068
1069
1070
1071
1072
1073
1074
1075
1076
1077
1078
1079
1080
1081
1082
1083
1084
1085
1086
1087
1088
1089
1090
1091
1092
1093
1094
1095
1096
1097
1098
1099
1100
1101
1102
1103
1104
1105
1106
1107
1108
1109
1110
1111
1112
1113
1114
1115
1116
1117
1118
1119
1120
1121
1122
1123
1124
1125
1126
1127
1128
1129
1130
1131
1132
1133
1134
1135
1136
1137
1138
1139
1140
1141
1142
1143
1144
1145
1146
1147
1148
1149
1150
1151
1152
1153
1154
1155
1156
1157
1158
1159
1160
1161
1162
1163
1164
1165
1166
1167
1168
1169
1170
1171
1172
1173
1174
1175
1176
1177
1178
1179
1180
1181
1182
1183
1184
1185
1186
1187
1188
1189
1190
1191
1192
1193
1194
1195
1196
1197
1198
1199
1200
1201
1202
1203
1204
1205
1206
1207
1208
1209
1210
1211
1212
1213
1214
1215
1216
1217
1218
1219
1220
1221
1222
1223
1224
1225
1226
1227
1228
1229
1230
1231
1232
1233
1234
1235
1236
1237
1238
1239
1240
1241
1242
1243
1244
1245
1246
1247
1248
1249
1250
1251
1252
1253
1254
1255
1256
1257
1258
1259
1260
1261
1262
1263
1264
1265
1266
1267
1268
1269
1270
1271
1272
1273
1274
1275
1276
1277
1278
1279
1280
1281
1282
1283
1284
1285
1286
1287
1288
1289
1290
1291
1292
1293
1294
1295
1296
1297
1298
1299
1300
1301
1302
1303
1304
1305
1306
1307
1308
1309
1310
1311
1312
1313
1314
1315
1316
1317
1318
1319
1320
1321
1322
1323
1324
1325
1326
1327
1328
1329
1330
1331
1332
1333
1334
1335
1336
1337
1338
1339
1340
1341
1342
1343
1344
1345
1346
1347
1348
1349
1350
1351
1352
1353
1354
1355
1356
1357
1358
1359
1360
1361
1362
1363
1364
1365
1366
1367
1368
1369
1370
1371
1372
1373
1374
1375
1376
1377
1378
1379
1380
1381
1382
1383
1384
1385
1386
1387
1388
1389
1390
1391
1392
1393
1394
1395
1396
1397
1398
1399
1400
1401
1402
1403
1404
1405
1406
1407
1408
1409
1410
1411
1412
1413
1414
1415
1416
1417
1418
1419
1420
1421
1422
1423
1424
1425
1426
1427
1428
1429
1430
1431
1432
1433
1434
1435
1436
1437
1438
1439
1440
1441
1442
1443
1444
1445
1446
1447
1448
1449
1450
1451
1452
1453
1454
1455
1456
1457
1458
1459
1460
1461
1462
1463
1464
1465
1466
1467
1468
1469
1470
1471
1472
1473
1474
1475
1476
1477
1478
1479
1480
1481
1482
1483
1484
1485
1486
1487
1488
1489
1490
1491
1492
1493
1494
1495
1496
1497
1498
1499
1500
1501
1502
1503
1504
1505
1506
1507
1508
1509
1510
1511
1512
1513
1514
1515
1516
1517
1518
1519
1520
1521
1522
1523
1524
1525
1526
1527
1528
1529
1530
1531
1532
1533
1534
1535
1536
1537
1538
1539
1540
1541
1542
1543
1544
1545
1546
1547
1548
1549
1550
1551
1552
1553
1554
1555
1556
1557
1558
1559
1560
1561
1562
1563
1564
1565
1566
1567
1568
1569
1570
1571
1572
1573
1574
1575
1576
1577
1578
1579
1580
1581
1582
1583
1584
1585
1586
1587
1588
1589
1590
1591
1592
1593
1594
1595
1596
1597
1598
1599
1600
1601
1602
1603
1604
1605
1606
1607
1608
1609
1610
1611
1612
1613
1614
1615
1616
1617
1618
1619
1620
1621
1622
1623
1624
1625
1626
1627
1628
1629
1630
1631
1632
1633
1634
1635
1636
1637
1638
1639
1640
1641
1642
1643
1644
1645
1646
1647
1648
1649
1650
1651
1652
1653
1654
1655
1656
1657
1658
1659
1660
1661
1662
1663
1664
1665
1666
1667
1668
1669
1670
1671
1672
1673
1674
1675
1676
1677
1678
1679
1680
1681
1682
1683
1684
1685
1686
1687
1688
1689
1690
1691
1692
1693
1694
1695
1696
1697
1698
1699
1700
1701
1702
1703
1704
1705
1706
1707
1708
1709
1710
1711
1712
1713
1714
1715
1716
1717
1718
1719
1720
1721
1722
1723
1724
1725
1726
1727
1728
1729
1730
1731
1732
1733
1734
1735
1736
1737
1738
1739
1740
1741
1742
1743
1744
1745
1746
1747
1748
1749
1750
1751
1752
1753
1754
1755
1756
1757
1758
1759
1760
1761
1762
1763
1764
1765
1766
1767
1768
1769
1770
1771
1772
1773
1774
1775
1776
1777
1778
1779
1780
1781
1782
1783
1784
1785
1786
1787
1788
1789
1790
1791
1792
1793
1794
1795
1796
1797
1798
1799
1800
1801
1802
1803
1804
1805
1806
1807
1808
1809
1810
1811
1812
1813
1814
1815
1816
1817
1818
1819
1820
1821
1822
1823
1824
1825
1826
1827
1828
1829
1830
1831
1832
1833
1834
1835
1836
1837
1838
1839
1840
1841
1842
1843
1844
1845
1846
1847
1848
1849
1850
1851
1852
1853
1854
1855
1856
1857
1858
1859
1860
1861
1862
1863
1864
1865
1866
1867
1868
1869
1870
1871
1872
1873
1874
1875
1876
1877
1878
1879
1880
1881
1882
1883
1884
1885
1886
1887
1888
1889
1890
1891
1892
1893
1894
1895
1896
1897
1898
1899
1900
1901
1902
1903
1904
1905
1906
1907
1908
1909
1910
1911
1912
1913
1914
1915
1916
1917
1918
1919
1920
1921
1922
1923
1924
1925
1926
1927
1928
1929
1930
1931
1932
1933
1934
1935
1936
1937
1938
1939
1940
1941
1942
1943
1944
1945
1946
1947
1948
1949
1950
1951
1952
1953
1954
1955
1956
1957
1958
1959
1960
1961
1962
1963
1964
1965
1966
1967
1968
1969
1970
1971
1972
1973
1974
1975
1976
1977
1978
1979
1980
1981
1982
1983
1984
1985
1986
1987
1988
1989
1990
1991
1992
1993
1994
1995
1996
1997
1998
1999
2000
2001
2002
2003
2004
2005
2006
2007
2008
2009
2010
2011
2012
2013
2014
2015
2016
2017
2018
2019
2020
2021
2022
2023
2024
2025
2026
2027
2028
2029
2030
2031
2032
2033
2034
2035
2036
2037
2038
2039
2040
2041
2042
2043
2044
2045
2046
2047
2048
2049
2050
2051
2052
2053
2054
2055
2056
2057
2058
2059
2060
2061
2062
2063
2064
2065
2066
2067
2068
2069
2070
2071
2072
2073
2074
2075
2076
2077
2078
2079
2080
2081
2082
2083
2084
2085
2086
2087
2088
2089
2090
2091
2092
2093
2094
2095
2096
2097
2098
2099
2100
2101
2102
2103
2104
2105
2106
2107
2108
2109
2110
2111
2112
2113
2114
2115
2116
2117
2118
2119
2120
2121
2122
2123
2124
2125
2126
2127
2128
2129
2130
2131
2132
2133
2134
2135
2136
2137
2138
2139
2140
2141
2142
2143
2144
2145
2146
2147
2148
2149
2150
2151
2152
2153
2154
2155
2156
2157
2158
2159
2160
2161
2162
2163
2164
2165
2166
2167
2168
2169
2170
2171
2172
2173
2174
2175
2176
2177
2178
2179
2180
2181
2182
2183
2184
2185
2186
2187
2188
2189
2190
2191
2192
2193
2194
2195
2196
2197
2198
2199
2200
2201
2202
2203
2204
2205
2206
2207
2208
2209
2210
2211
2212
2213
2214
2215
2216
2217
2218
2219
2220
2221
2222
2223
2224
2225
2226
2227
2228
2229
2230
2231
2232
2233
2234
2235
2236
2237
2238
2239
2240
2241
2242
2243
2244
2245
2246
2247
2248
2249
2250
2251
2252
2253
2254
2255
2256
2257
2258
2259
2260
2261
2262
2263
2264
2265
2266
2267
2268
2269
2270
2271
2272
2273
2274
2275
2276
2277
2278
2279
2280
2281
2282
2283
2284
2285
2286
2287
2288
2289
2290
2291
2292
2293
2294
2295
2296
2297
2298
2299
2300
2301
2302
2303
2304
2305
2306
2307
2308
2309
2310
2311
2312
2313
2314
2315
2316
2317
2318
2319
2320
2321
2322
2323
2324
2325
2326
2327
2328
2329
2330
2331
2332
2333
2334
2335
2336
2337
2338
2339
2340
2341
2342
2343
2344
2345
2346
2347
2348
2349
2350
2351
2352
2353
2354
2355
2356
2357
2358
2359
2360
2361
2362
2363
2364
2365
2366
2367
2368
2369
2370
2371
2372
2373
2374
2375
2376
2377
2378
2379
2380
2381
2382
2383
2384
2385
2386
2387
2388
2389
2390
2391
2392
2393
2394
2395
2396
2397
2398
2399
2400
2401
2402
2403
2404
2405
2406
2407
2408
2409
2410
2411
2412
2413
2414
2415
2416
2417
2418
2419
2420
2421
2422
2423
2424
2425
2426
2427
2428
2429
2430
2431
2432
2433
2434
2435
2436
2437
2438
2439
2440
2441
2442
2443
2444
2445
2446
2447
2448
2449
2450
2451
2452
2453
2454
2455
2456
2457
2458
2459
2460
2461
2462
2463
2464
2465
2466
2467
2468
2469
2470
2471
2472
2473
2474
2475
2476
2477
2478
2479
2480
2481
2482
2483
2484
2485
2486
2487
2488
2489
2490
2491
2492
2493
2494
2495
2496
2497
2498
2499
2500
2501
2502
2503
2504
2505
2506
2507
2508
2509
2510
2511
2512
2513
2514
2515
2516
2517
2518
2519
2520
2521
2522
2523
2524
2525
2526
2527
2528
2529
2530
2531
2532
2533
2534
2535
2536
2537
2538
2539
2540
2541
2542
2543
2544
2545
2546
2547
2548
2549
2550
2551
2552
2553
2554
2555
2556
2557
2558
2559
2560
2561
2562
2563
2564
2565
2566
2567
2568
2569
2570
2571
2572
2573
2574
2575
2576
2577
2578
2579
2580
2581
2582
2583
2584
2585
2586
2587
2588
2589
2590
2591
2592
2593
2594
2595
2596
2597
2598
2599
2600
2601
2602
2603
2604
2605
2606
2607
2608
2609
2610
2611
2612
2613
2614
2615
2616
2617
2618
2619
2620
2621
2622
2623
2624
2625
2626
2627
2628
2629
2630
2631
2632
2633
2634
2635
2636
2637
2638
2639
2640
2641
2642
2643
2644
2645
2646
2647
2648
2649
2650
2651
2652
2653
2654
2655
2656
2657
2658
2659
2660
2661
2662
2663
2664
2665
2666
2667
2668
2669
2670
2671
2672
2673
2674
2675
2676
2677
2678
2679
2680
2681
2682
2683
2684
2685
2686
2687
2688
2689
2690
2691
2692
2693
2694
2695
2696
2697
2698
2699
2700
2701
2702
2703
2704
2705
2706
2707
2708
2709
2710
2711
2712
2713
2714
2715
2716
2717
2718
2719
2720
2721
2722
2723
2724
2725
2726
2727
2728
2729
2730
2731
2732
2733
2734
2735
2736
2737
2738
2739
2740
2741
2742
2743
2744
2745
2746
2747
2748
2749
2750
2751
2752
2753
2754
2755
2756
2757
2758
2759
2760
2761
2762
2763
2764
2765
2766
2767
2768
2769
2770
2771
2772
2773
2774
2775
2776
2777
2778
2779
2780
2781
2782
2783
2784
2785
2786
2787
2788
2789
2790
2791
2792
2793
2794
2795
2796
2797
2798
2799
2800
2801
2802
2803
2804
2805
2806
2807
2808
2809
2810
2811
2812
2813
2814
2815
2816
2817
2818
2819
2820
2821
2822
2823
2824
2825
2826
2827
2828
2829
2830
2831
2832
2833
2834
2835
2836
2837
2838
2839
2840
2841
2842
2843
2844
2845
2846
2847
2848
2849
2850
2851
2852
2853
2854
2855
2856
2857
2858
2859
2860
2861
2862
2863
2864
2865
2866
2867
2868
2869
2870
2871
2872
2873
2874
2875
2876
2877
2878
2879
2880
2881
2882
2883
2884
2885
2886
2887
2888
2889
2890
2891
2892
2893
2894
2895
2896
2897
2898
2899
2900
2901
2902
2903
2904
2905
2906
2907
2908
2909
2910
2911
2912
2913
2914
2915
2916
2917
2918
2919
2920
2921
2922
2923
2924
2925
2926
2927
2928
2929
2930
2931
2932
2933
2934
2935
2936
2937
2938
2939
2940
2941
2942
2943
2944
2945
2946
2947
2948
2949
2950
2951
2952
2953
2954
2955
2956
2957
2958
2959
2960
2961
2962
2963
2964
2965
2966
2967
2968
2969
2970
2971
2972
2973
2974
2975
2976
2977
2978
2979
2980
2981
2982
2983
2984
2985
2986
2987
2988
2989
2990
2991
2992
2993
2994
2995
2996
2997
2998
2999
3000
3001
3002
3003
3004
3005
3006
3007
3008
3009
3010
3011
3012
3013
3014
3015
3016
3017
3018
3019
3020
3021
3022
3023
3024
3025
3026
3027
3028
3029
3030
3031
3032
3033
3034
3035
3036
3037
3038
3039
3040
3041
3042
3043
3044
3045
3046
3047
3048
3049
3050
3051
3052
3053
3054
3055
3056
3057
3058
3059
3060
3061
3062
3063
3064
3065
3066
3067
3068
3069
3070
3071
3072
3073
3074
3075
3076
3077
3078
3079
3080
3081
3082
3083
3084
3085
3086
3087
3088
3089
3090
3091
3092
3093
3094
3095
3096
3097
3098
3099
3100
3101
3102
3103
3104
3105
3106
3107
3108
3109
3110
3111
3112
3113
3114
3115
3116
3117
3118
3119
3120
3121
3122
3123
3124
3125
3126
3127
3128
3129
3130
3131
3132
3133
3134
3135
3136
3137
3138
3139
3140
3141
3142
3143
3144
3145
3146
3147
3148
3149
3150
3151
3152
3153
3154
3155
3156
3157
3158
3159
3160
3161
3162
3163
3164
3165
3166
3167
3168
3169
3170
3171
3172
3173
3174
3175
3176
3177
3178
3179
3180
3181
3182
3183
3184
3185
3186
3187
3188
3189
3190
3191
3192
3193
3194
3195
3196
3197
3198
3199
3200
3201
3202
3203
3204
3205
3206
3207
3208
3209
3210
3211
3212
3213
3214
3215
3216
3217
3218
3219
3220
3221
3222
3223
3224
3225
3226
3227
3228
3229
3230
3231
3232
3233
3234
3235
3236
3237
3238
3239
3240
3241
3242
3243
3244
3245
3246
3247
3248
3249
3250
3251
3252
3253
3254
3255
3256
3257
3258
3259
3260
3261
3262
3263
3264
3265
3266
3267
3268
3269
3270
3271
3272
3273
3274
3275
3276
3277
3278
3279
3280
3281
3282
3283
3284
3285
3286
3287
3288
3289
3290
3291
3292
3293
3294
3295
3296
3297
3298
3299
3300
3301
3302
3303
3304
3305
3306
3307
3308
3309
3310
3311
3312
3313
3314
3315
3316
3317
3318
3319
3320
3321
3322
3323
3324
3325
3326
3327
3328
3329
3330
3331
3332
3333
3334
3335
3336
3337
3338
3339
3340
3341
3342
3343
3344
3345
3346
3347
3348
3349
3350
3351
3352
3353
3354
3355
3356
3357
3358
3359
3360
3361
3362
3363
3364
3365
3366
3367
3368
3369
3370
3371
3372
3373
3374
3375
3376
3377
3378
3379
3380
3381
3382
3383
3384
3385
3386
3387
3388
3389
3390
3391
3392
3393
3394
3395
3396
3397
3398
3399
3400
3401
3402
3403
3404
3405
3406
3407
3408
3409
3410
3411
3412
3413
3414
3415
3416
3417
3418
3419
3420
3421
3422
3423
3424
3425
3426
3427
3428
3429
3430
3431
3432
3433
3434
3435
3436
3437
3438
3439
3440
3441
3442
3443
3444
3445
3446
3447
3448
3449
3450
3451
3452
3453
3454
3455
3456
3457
3458
3459
3460
3461
3462
3463
3464
3465
3466
3467
3468
3469
3470
3471
3472
3473
3474
3475
3476
3477
3478
3479
3480
3481
3482
3483
3484
3485
3486
3487
3488
3489
3490
3491
3492
3493
3494
3495
3496
3497
3498
3499
3500
3501
3502
3503
3504
3505
3506
3507
3508
3509
3510
3511
3512
3513
3514
3515
3516
3517
3518
3519
3520
3521
3522
3523
3524
3525
3526
3527
3528
3529
3530
3531
3532
3533
3534
3535
3536
3537
3538
3539
3540
3541
3542
3543
3544
3545
3546
3547
3548
3549
3550
3551
3552
3553
3554
3555
3556
3557
3558
3559
3560
3561
3562
3563
3564
3565
3566
3567
3568
3569
3570
3571
3572
3573
3574
3575
3576
3577
3578
3579
3580
3581
3582
3583
3584
3585
3586
3587
3588
3589
3590
3591
3592
3593
3594
3595
3596
3597
3598
3599
3600
3601
3602
3603
3604
3605
3606
3607
3608
3609
3610
3611
3612
3613
3614
3615
3616
3617
3618
3619
3620
3621
3622
3623
3624
3625
3626
3627
3628
3629
3630
3631
3632
3633
3634
3635
3636
3637
3638
3639
3640
3641
3642
3643
3644
3645
3646
3647
3648
3649
3650
3651
3652
3653
3654
3655
3656
3657
3658
3659
3660
3661
3662
3663
3664
3665
3666
3667
3668
3669
3670
3671
3672
3673
3674
3675
3676
3677
3678
3679
3680
3681
3682
3683
3684
3685
3686
3687
3688
3689
3690
3691
3692
3693
3694
3695
3696
3697
3698
3699
3700
3701
3702
3703
3704
3705
3706
3707
3708
3709
3710
3711
3712
3713
3714
3715
3716
3717
3718
3719
3720
3721
3722
3723
3724
3725
3726
3727
3728
3729
3730
3731
3732
3733
3734
3735
3736
3737
3738
3739
3740
3741
3742
3743
3744
3745
3746
3747
3748
3749
3750
3751
3752
3753
3754
3755
3756
3757
3758
3759
3760
3761
3762
3763
3764
3765
3766
3767
3768
3769
3770
3771
3772
3773
3774
3775
3776
3777
3778
3779
3780
3781
3782
3783
3784
3785
3786
3787
3788
3789
3790
3791
3792
3793
3794
3795
3796
3797
3798
3799
3800
3801
3802
3803
3804
3805
3806
3807
3808
3809
3810
3811
3812
3813
3814
3815
3816
3817
3818
3819
3820
3821
3822
3823
3824
3825
3826
3827
3828
3829
3830
3831
3832
3833
3834
3835
3836
3837
3838
3839
3840
3841
3842
3843
3844
3845
3846
3847
3848
3849
3850
3851
3852
3853
3854
3855
3856
3857
3858
3859
3860
3861
3862
3863
3864
3865
3866
3867
3868
3869
3870
3871
3872
3873
3874
3875
3876
3877
3878
3879
3880
3881
3882
3883
3884
3885
3886
3887
3888
3889
3890
3891
3892
3893
3894
3895
3896
3897
3898
3899
3900
3901
3902
3903
3904
3905
3906
3907
3908
3909
3910
3911
3912
3913
3914
3915
3916
3917
3918
3919
3920
3921
3922
3923
3924
3925
3926
3927
3928
3929
3930
3931
3932
3933
3934
3935
3936
3937
3938
3939
3940
3941
3942
3943
3944
3945
3946
3947
3948
3949
3950
3951
3952
3953
3954
3955
3956
3957
3958
3959
3960
3961
3962
3963
3964
3965
3966
3967
3968
3969
3970
3971
3972
3973
3974
3975
3976
3977
3978
3979
3980
3981
3982
3983
3984
3985
3986
3987
3988
3989
3990
3991
3992
3993
3994
3995
3996
3997
3998
3999
4000
4001
4002
4003
4004
4005
4006
4007
4008
4009
4010
4011
4012
4013
4014
4015
4016
4017
4018
4019
4020
4021
4022
4023
4024
4025
4026
4027
4028
4029
4030
4031
4032
4033
4034
4035
4036
4037
4038
4039
4040
4041
4042
4043
4044
4045
4046
4047
4048
4049
4050
4051
4052
4053
4054
4055
4056
4057
4058
4059
4060
4061
4062
4063
4064
4065
4066
4067
4068
4069
4070
4071
4072
4073
4074
4075
4076
4077
4078
4079
4080
4081
4082
4083
4084
4085
4086
4087
4088
4089
4090
4091
4092
4093
4094
4095
4096
4097
4098
4099
4100
4101
4102
4103
4104
4105
4106
4107
4108
4109
4110
4111
4112
4113
4114
4115
4116
0.01819305454662752 -0.03336370330140026 0
0.03349451206489778 -0.05640145863595054 0
0.05338752781169324 -0.08631913730920818 0
0.07561013491301367 -0.1195829918466272 0
0.09603532713228378 -0.1502486982055093 0
0.1158096553396255 -0.1798287347880235 0
0.1350878382824324 -0.2089802363378581 0
0.1519654392887786 -0.2339396346216461 0
0.1694293119425667 -0.2603521773411015 0
0.1848230203088399 -0.2834712936227003 0
0.2002520701113528 -0.3063935484581037 0
0.2156005085902395 -0.3294975549387202 0
0.2287442776461595 -0.3492059093269234 0
0.2417720703683926 -0.3688083651376396 0
0.2527255569996727 -0.3853495558389259 0
0.2636660237088839 -0.4018006030299768 0
0.2746465566523125 -0.4180747922838901 0
0.0644791058017347 -0.1031934163746532 0
0.2833858606818148 -0.4312180962596773 0
0.04214664661601458 -0.06950781387164554 0
0.009085692330975288 -0.02037164974442166 0
-0.01735041038378849 -0.003611563432003568 0
0.2352311638120634 -0.3590944921781114 0
0.2900417952255664 -0.4414251147000633 0
0.2968505735661583 -0.4513342944871586 0
0.3032342731639088 -0.4608904341377048 0
0.02466857028749442 -0.04310895238719373 0
-0.1277622806753361 -0.05608432796305764 0
0.002490266970165818 -0.01011535384061513 0
0.3119164896485133 -0.4739513294961453 0
0.3184648960123687 -0.4838175694372114 0
-0.04278036881278668 -0.3884231655415438 0
0.3075148241881543 -0.467370858853932 0
0.2789514975136551 -0.4246018323570472 0
0.01371163816187734 -0.02696422347813745 0
-0.009459368516323056 -0.003447767804829806 0
0.3140581029493664 -0.4979450810057371 0
0.1501648843470897 -0.4310484426134893 0
0.3228792792754989 -0.4903194192336326 0
0.298132010122253 -0.4886544048848738 0
0.2357126857090904 -0.4568470711076178 0
-0.3313322861961921 -0.08733459966579557 0
-0.3676021169991347 -0.3057583998482603 0
0.3198010971054527 -0.4969900847801376 0
0.0371719552361885 -0.4035242682659646 0
0.004145082687714267 -0.3308218227593132 0
-0.09468925833753301 -0.3081504603694757 0
-0.03818967913522987 -0.2827159684241372 0
0.02597186537833258 -0.2858106797476664 0
-0.01503505766008126 -0.2222473665627153 0
0.03090534653847383 -0.2399761031439613 0
-0.1193296853206765 -0.2407021680996394 0
-0.166146254050215 -0.3291133547454086 0
-0.1903788887688838 -0.2521620353293987 0
-0.1296028370481153 -0.1767351237781468 0
-0.07489132617801665 -0.0275305260688677 0
-0.07597961524136615 -0.1172663892098689 0
-0.02294190193078631 -0.05365724886255838 0
0.2723602294937007 -0.4754010685741174 0
-0.1895946332938054 -0.06608842249954272 0
0.0539995788906117 -0.3254311184532213 0
0.06470950533678926 -0.2835820751246332 0
-0.1994663917164858 -0.177479107923057 0
-0.05963381912269966 -0.2304037861854341 0
-0.01675630090680529 -0.1877150922982542 0
0.01188350811549885 -0.189726369567306 0
-0.004768698768316612 -0.1628052501836358 0
0.0288860469626121 -0.163424964616401 0
0.08580917670841304 -0.1369018765564039 0
0.08214952227789273 -0.1294497983443272 0
0.09152331548572502 -0.1436635782263821 0
-0.0240927302390779 -0.1426329685163106 0
-0.004798743428379165 -0.1077667114033045 0
0.0217267321686085 -0.1225894780526612 0
-0.2416611901470336 -0.3558003004518115 0
-0.001700214423721954 -0.003348736636335945 0
0.3059534832785278 -0.4925726488492633 0
-0.1317712489937976 -0.1174397483270744 0
-0.0614735815879423 -0.1710156068706826 0
-0.3939794368813138 -0.2067741204960017 0
-0.005583527774168247 -0.003401719119875616 0
-0.007561019068091311 -0.006979790846888189 0
-0.01156646047677506 -0.007226310664607211 0
-0.009775656827491246 -0.01103469013327126 0
-0.005693318951601645 -0.01067318979554233 0
-0.008333325458815813 -0.01508576599877668 0
-0.003802511592614263 -0.01453081004232091 0
-0.001593290236203799 -0.01039113567643142 0
0.0004718578312482945 -0.01399401415081844 0
-0.001642632168131348 -0.01854473099262237 0
0.002679879384943876 -0.01764303154737633 0
0.0009151854121523285 -0.02246735342327073 0
-0.006744222240333714 -0.01996112412595548 0
0.00502487958856248 -0.02125542422030076 0
0.00463767503752013 -0.01355916398118158 0
0.3206630199396899 -0.4870797132937298 0
0.316779393954164 -0.4873647186723264 0
0.3145910311000455 -0.484132059080911 0
0.3129516716120061 -0.487770632780719 0
0.3105699436662401 -0.4844409375703954 0
0.312485135303436 -0.4809001552304288 0
0.3088488578531403 -0.4814482605001528 0
0.3152402680931965 -0.4909271267733074 0
0.3110021989215976 -0.4912692761316967 0
0.3100969046638527 -0.4884613999817397 0
0.3113558886722154 -0.4965315327099609 0
0.3251085662504693 -0.4935494040168468 0
0.006839394550874661 -0.01700233072698823 0
0.007531988051792354 -0.02471342616325793 0
0.003470243750683092 -0.02612422985063331 0
0.3163033066516412 -0.4805518434386564 0
0.3190415944739267 -0.4905751318761462 0
0.0003926550599796748 -0.006722634763133458 0
0.3162623636862444 -0.497107559923214 0
0.3097111830480038 -0.470654617644119 0
0.3058600144290222 -0.4709520477387788 0
0.02037019031392765 -0.03659178870849972 0
0.01672115628698824 -0.03715619942391997 0
0.0225265025692433 -0.03985312049612853 0
0.02083902876678498 -0.04362679846819172 0
0.02904558162158359 -0.04976176684219025 0
0.02684404548434682 -0.04645352117807156 0
0.02521043982424113 -0.05053177164659075 0
0.01599554488707667 -0.03018673694298515 0
0.01249659288599583 -0.03100840922836194 0
0.01141536733089351 -0.02375108241649799 0
0.314124997275485 -0.4772611129244976 0
0.3053707941505687 -0.4641212351060296 0
0.30158205670125 -0.4644343936033917 0
0.03128547617743709 -0.05312894983315418 0
0.02986977030687148 -0.05720591661279031 0
0.0378573427098161 -0.06296782805206746 0
0.03570210469888573 -0.05972846684737298 0
0.03419616785521075 -0.06372684170266742 0
0.04002405408372273 -0.06626666580329191 0
0.03834078255836611 -0.07017280519043714 0
0.04647319457129354 -0.07612164718314673 0
0.04873428687284932 -0.07949918778870939 0
0.04476997544105775 -0.08029900806821071 0
0.05106369012671921 -0.08293713859764332 0
0.04987735387796691 -0.08742123499077459 0
0.05792002823835215 -0.09309789995834779 0
0.06013021235968978 -0.09647837795784213 0
0.05680759126170985 -0.09790312937612937 0
0.05569384907345666 -0.08976763488469414 0
0.06231753593951392 -0.09988841198588684 0
0.06114464034817472 -0.1049160958446999 0
0.0689430623823802 -0.109790976551561 0
0.07119475449189952 -0.1130651887709546 0
0.06812544612028344 -0.1147302896892398 0
0.07344544987391123 -0.116373745708243 0
0.07256452647510893 -0.1211559131630857 0
0.04430138189503794 -0.07283107292339602 0
0.06673732778897465 -0.1065885534826244 0
-0.0214975728550125 -0.00352633120619211 0
-0.01218240969904382 -0.01531888133005017 0
-0.02869153798917432 -0.002350131510441967 0
-0.02058423595327194 -0.007684637627930204 0
-0.01405671565040896 -0.01196470392333667 0
-0.01973583317826087 -0.01329010558521377 0
-0.02757830829254135 -0.01271750493727496 0
-0.015478634654676 -0.02065532475014732 0
-0.009608044917683274 -0.03150982917294627 0
-0.03199116642632274 -0.02602134515791484 0
-0.04473992078013027 -0.01427538448228365 0
0.3103572623080845 -0.4776525527769526 0
0.3081264253481318 -0.4743221608310523 0
0.3044000107646934 -0.4749471706249643 0
-0.003590545537043399 -0.006869972945202961 0
-0.02593059407236464 -0.006803697002944143 0
0.01012172315497765 -0.02798026103812036 0
0.009515563068603529 -0.03220408190888734 0
-0.0133742978848208 -0.00356869825423978 0
0.3273328954770502 -0.4967741903745012 0
-0.0220106467935729 -0.03671450048145408 0
-0.003006141739727653 -0.04348400388790894 0
-0.006952441241521739 -0.06339646346650089 0
0.007226330692663251 -0.05425408167621921 0
0.0117130666685885 -0.0675261740084005 0
-0.03324822573194439 -0.08146339964798881 0
-0.05195677817402043 -0.04592892108913914 0
0.01834137587049234 -0.06080695594959973 0
0.02236011207351916 -0.07301084749153447 0
0.01720600520955301 -0.08875143105632965 0
0.02414311531259629 -0.06389970645060021 0
0.03253058636731031 -0.08340750900322029 0
0.03015343018192224 -0.09510270497288388 0
0.0394098921005751 -0.095813191649629 0
0.03154288604735166 -0.07655583518620519 0
0.03576200948673317 -0.1058125308006226 0
0.04690183502391648 -0.1076365613882124 0
0.03732617862644397 -0.1180397034604424 0
0.05372335479702472 -0.1222181890189261 0
0.04314549921489486 -0.1298554414174994 0
0.05926758290515588 -0.1303966388809462 0
0.05343262005402082 -0.1451188918190737 0
0.06898380623505337 -0.1409141246221729 0
0.0652407289476082 -0.1581271452330234 0
0.1070519138741565 -0.1667127230064766 0
0.102641231321573 -0.1601185370988957 0
0.07528073054864461 -0.1505427746561445 0
0.0720248912063724 -0.1675373232934443 0
0.08026163072337106 -0.1611429039890088 0
0.07692258429085921 -0.1742498061677514 0
0.06386697221961501 -0.1745098588204374 0
0.07469412163330939 -0.1852678083779028 0
0.1266849122732474 -0.1961839751718935 0
0.1223604195407193 -0.189647225904096 0
0.1308819227886238 -0.202600998587373 0
0.08928811553834373 -0.1816535446659861 0
0.08157750485365568 -0.1971061353432655 0
0.09395665932573811 -0.1958807279394202 0
0.09418563385030561 -0.2093521092005157 0
0.1436542894177963 -0.2219659904086784 0
0.1479784129263741 -0.2277294812642149 0
0.1050639147036992 -0.2058784317740806 0
0.09866755655231993 -0.2248688624134028 0
0.112282156243424 -0.2133241170556421 0
0.1118637125777002 -0.232924039486967 0
0.1266612427666425 -0.2309392130708897 0
0.1204131528417738 -0.2406642201542155 0
0.1606976981284273 -0.2472460790413637 0
0.1650848554051622 -0.2538026787764191 0
0.1562338902621064 -0.2405982411929628 0
0.09635196764346006 -0.2427924045797924 0
0.1310320262904093 -0.2373333349817406 0
0.1287305320226407 -0.2489413029115926 0
0.1131422945589783 -0.2499264841590017 0
0.125457387447063 -0.2609062560998081 0
0.1388543359755841 -0.2579801998285469 0
0.1349345498490223 -0.2786119909407133 0
0.1197853143615408 -0.2815583102513192 0
0.1326428885330731 -0.2973355560466155 0
0.114483369163341 -0.2945337148149623 0
0.1339774145488579 -0.3193983678763261 0
0.1491124586693574 -0.3087942874361315 0
0.1544676081293599 -0.3272583273299131 0
0.1283689727001993 -0.3411077720381647 0
0.1706021506550013 -0.3289309443428935 0
0.1685227440634315 -0.3447102682325464 0
0.2067237790199215 -0.3162220995066729 0
0.2112072981260574 -0.3229007461076395 0
0.1914081917864049 -0.2933345529710559 0
0.1958418618219091 -0.2999053022119457 0
0.1496441618914484 -0.2665269864605642 0
0.1782548148624363 -0.2734577049235609 0
0.1890054459944513 -0.3369994053172353 0
0.1853682636072443 -0.3525104226930351 0
0.2221536913322417 -0.3393438929499167 0
0.1697650315016142 -0.3617534105454676 0
0.1888265676622852 -0.371524810549029 0
0.2063414726034394 -0.3652173276704724 0
0.2081036336223714 -0.3822885884446159 0
0.172855203535923 -0.3024434892540899 0
0.07548748663231161 -0.211116055653357 0
0.09881966693206207 -0.1824742162145835 0
0.1114203034565474 -0.1732758731207188 0
0.1035154528562518 -0.1895936027302892 0
0.1068721054103737 -0.1855464252753085 0
0.2233040883004075 -0.3736403660459056 0
0.2255476071170384 -0.3915074461603808 0
0.2179622451236779 -0.4084121315669396 0
0.2365965898467247 -0.4120531508849989 0
0.1856937853861348 -0.3220727545285656 0
0.05170558286587903 -0.1803982020251939 0
0.1497401150361691 -0.2563800345516539 0
0.1447059326206908 -0.2530566930840421 0
0.1514033449470965 -0.2519779599491226 0
0.2355742322557251 -0.3876483061261004 0
0.2483006737323299 -0.3785821167458694 0
0.2331257038104619 -0.3738128755993723 0
0.09324047240578306 -0.173423608657531 0
0.1008974715150655 -0.1735331422447497 0
0.1154575393259043 -0.2050692103307901 0
0.1270589277295868 -0.2166447356201528 0
0.1393378354458346 -0.2154867084152298 0
0.1249341085807295 -0.2072436178231007 0
0.1592391049141794 -0.266579479368207 0
0.1738419312239331 -0.2668316935389635 0
0.0978620382908562 -0.1762780896656611 0
0.2148306446167995 -0.3620131830220684 0
0.1354517710918454 -0.2268388512276301 0
0.1408123841626399 -0.2365004028454024 0
0.2194017509954108 -0.4287339131658505 0
0.07090148610287803 -0.1315109536074629 0
0.07475377890574264 -0.1244208750271837 0
0.06985193715999095 -0.1232393286046068 0
0.06772870597968807 -0.1200051464649402 0
0.07200051864201694 -0.1264016625488746 0
0.0769309837156445 -0.1277205475880691 0
0.07943671290273524 -0.1424275346478885 0
-0.002914851297766084 -0.08115556840437753 0
0.03850791389972102 -0.08895465322956389 0
0.2011938322815948 -0.3440945705533081 0
0.1999983892392387 -0.3336942504619946 0
0.2085016911663932 -0.3407387353630412 0
0.2287844221728347 -0.3797853296415349 0
0.2359955479113819 -0.3813401858053111 0
0.2272000382464573 -0.3669353412063451 0
0.1510717754442595 -0.2957424252343794 0
0.04459051091320609 -0.1006356906444242 0
0.1691969644680821 -0.3938141624720354 0
0.1839791931761871 -0.4207002798478918 0
0.123421556017951 -0.4017896923473545 0
0.2389842186194651 -0.3984394905117207 0
0.250425544247409 -0.4119229997986997 0
0.2432078969877759 -0.3914114646778262 0
0.257174621936799 -0.3919785138169899 0
0.2487910290973896 -0.4022893810241317 0
0.2584465440911631 -0.4131570151109851 0
0.2702995574726623 -0.4114926039131953 0
0.2398444007165283 -0.4283631806533265 0
0.2557334058468163 -0.4256829521326765 0
0.1294627768148259 -0.2222479411510778 0
0.1354066272343531 -0.2225955707346308 0
0.133180267476317 -0.2256443476227627 0
0.1331657973495945 -0.2194931462375858 0
0.1374906634173789 -0.2254859837890033 0
0.1388862749548597 -0.2286569431595253 0
0.1427126539012042 -0.2273279649190108 0
0.1383584374907927 -0.2205444306382845 0
0.1433854544589536 -0.2316126535750695 0
0.2680744967867227 -0.4082246487795676 0
0.2665784017363456 -0.4118744260828638 0
0.2688294365074714 -0.4152446076752401 0
0.2654453937204089 -0.4162599348479198 0
0.2641559325929937 -0.408373450075829 0
0.2625391604053803 -0.4121198664098692 0
0.2045182359169309 -0.3129081916148535 0
0.2029789128454132 -0.3168689880018555 0
0.2006766331914075 -0.3134696523405382 0
0.2053447803476857 -0.3202503193437154 0
0.2018431104026336 -0.3208245551791158 0
0.2042934969045868 -0.3248414655439102 0
0.1992336936498899 -0.3227339962400047 0
0.199299828672966 -0.3181368519153809 0
0.1964948743904904 -0.3144565285648966 0
0.2199636065692323 -0.3360790315603992 0
0.218613112552132 -0.3402604068242852 0
0.2209131953382646 -0.3434930197901712 0
0.2178351648804344 -0.344882211734211 0
0.2163658254641015 -0.3370178819701839 0
0.1892157914242229 -0.2900745962879495 0
0.1878215192835062 -0.2942663096879988 0
0.2244101543158872 -0.3426928874886582 0
0.2231307151780053 -0.3467080663347695 0
0.2461252631487895 -0.3752845239159919 0
0.2444298164482311 -0.378894103190668 0
0.2465818202959627 -0.3823985013225542 0
0.2423006613038062 -0.3755973552580517 0
0.2426836580663064 -0.3830361455204569 0
0.2445851113836165 -0.387582793574245 0
0.2400308940488787 -0.3869808116681525 0
0.2479188466995379 -0.3910453361218651 0
0.2406060224565739 -0.3795687301671448 0
0.2439571205831128 -0.3720459933066689 0
0.176060220590854 -0.2701222512913406 0
0.174615823263732 -0.2740885989916672 0
0.2593367203008352 -0.3952443051279059 0
0.2555954184334398 -0.3959879959707203 0
0.2576659176630102 -0.3992584712166681 0
0.2535251292849347 -0.3928363901409093 0
0.2519111023172838 -0.3971144903310471 0
0.2538120097701347 -0.4003809635799023 0
0.2559780791365749 -0.4035826745430435 0
0.2615018254193285 -0.3985700329626577 0
0.2658681964424608 -0.4050364797258401 0
0.2505006255741481 -0.3819739096324671 0
0.1870255240549316 -0.2868015174330966 0
0.1833422081583478 -0.2877049816374174 0
0.1804640834238241 -0.2768443401235413 0
0.2725147143615252 -0.4148120295048306 0
0.2089896846549227 -0.3196041392592187 0
0.1936396854748732 -0.2966620223411486 0
0.1923065561496659 -0.3008516485748157 0
0.194655971356778 -0.3040497074119331 0
0.1916274733607116 -0.3057698002203194 0
0.1940739254946487 -0.3075793466530815 0
0.1672607752022028 -0.2570966728088413 0
0.1635635961676812 -0.2578450179137419 0
0.1614842738538998 -0.2546155948930474 0
0.1599701348251305 -0.2589942045770932 0
0.1580475660094217 -0.2557365868622948 0
0.1619597519757297 -0.262136117852807 0
0.1562176249368055 -0.2609009044969285 0
0.1569963930658978 -0.2779752090216977 0
0.1658020605960111 -0.272432344278306 0
0.1656862622144288 -0.2611107391729888 0
0.167855679002478 -0.2642235059667047 0
0.1639707376784781 -0.2652337052009215 0
0.1621747363857577 -0.2707602383863014 0
0.2023845420083576 -0.3096448846502948 0
0.1245566191383893 -0.1929509891088153 0
0.1220914458424733 -0.195327189112739 0
0.1241598374862854 -0.1985109983986325 0
0.1198131115866548 -0.1979408932313274 0
0.1174403742453103 -0.1947553869648247 0
0.114641040472875 -0.1978185161337773 0
0.1217709701463861 -0.2008544348136055 0
0.1198844264124448 -0.1920756149783147 0
0.1176677519056789 -0.1887529097581753 0
0.1150331079917121 -0.19126990956729 0
0.112953299671133 -0.1878052425894131 0
0.1154838991401171 -0.1854566019520911 0
0.1629294386967722 -0.250570851507408 0
0.1288056020494513 -0.1994356408580784 0
0.141506080829207 -0.2187593081860333 0
0.1004534781525592 -0.1568368100959322 0
0.09802188377855429 -0.1593475677102469 0
0.09579883603795847 -0.1560792477277475 0
0.100252600055163 -0.162687669777927 0
0.0957737490956157 -0.1621487351172455 0
0.09800758907524725 -0.1655978099552626 0
0.09324207910563526 -0.1648631380474296 0
0.09180579378295428 -0.1614696002333826 0
0.08942681103169423 -0.1677616106451108 0
0.09575814454898771 -0.1689486692011708 0
0.1003333404476713 -0.1687769425447739 0
0.09348497109148757 -0.1589515111497107 0
0.09103773677842074 -0.1557527525799809 0
0.08797868754020313 -0.1602623507042507 0
0.1092549688556495 -0.1700181719313462 0
0.106816069036332 -0.1724385447042626 0
0.1089859726629878 -0.1757519105000903 0
0.1048835878459834 -0.1634666824200821 0
0.145915118237232 -0.2250547580413708 0
0.158468741102188 -0.2439475838000845 0
0.1547978776706434 -0.24478895491146 0
0.1524962217938815 -0.2413994106413413 0
0.1513777529987478 -0.2463466648163208 0
0.1488255291200796 -0.2428011694993954 0
0.1449678466367375 -0.2451045759155036 0
0.146554614234602 -0.2391143921713824 0
0.1404170117598292 -0.2484781315751409 0
0.148131213493841 -0.2490848519477 0
0.104454023451268 -0.1748046569138729 0
0.1065524193413828 -0.1783292621798134 0
0.2152556989252965 -0.3419280527735119 0
0.2117431782418731 -0.3445876539408549 0
0.1986527731700714 -0.3101113424303237 0
0.07786479983136015 -0.1229509745287161 0
0.1981106580185933 -0.3032244382406644 0
0.2134308712222256 -0.3262318005163966 0
0.2120656010778715 -0.3303367328783019 0
0.2178022046634621 -0.3328393607500015 0
0.1826550002738618 -0.2801856778930345 0
0.1790221932314572 -0.2809791372273565 0
0.2549758712462223 -0.3887353664090155 0
0.1329859062030202 -0.2057951349941581 0
0.1300168974451013 -0.2078731022766185 0
0.1320694511244268 -0.2109797807362911 0
0.1292341837155847 -0.2133940211827208 0
0.1372148772608683 -0.2122634196573002 0
0.09827963242746493 -0.1535987984849305 0
0.1136421849894675 -0.1765931214629805 0
0.1500285764579993 -0.230744965985801 0
0.154086219564402 -0.2373029048138719 0
0.171642158138989 -0.2636324807539132 0
0.1201965857784298 -0.1864089657088964 0
0.1016915704274899 -0.176368953270076 0
0.2266200405138386 -0.3459817881628263 0
0.1503431089633983 -0.2380239932733195 0
0.1025018393815486 -0.1659892900756346 0
0.1111981147475116 -0.1790440300371551 0
0.2598174963664686 -0.4025976011317062 0
0.2580210132566612 -0.4070724937059831 0
0.2538592415190221 -0.4072073978394887 0
0.2076752449054432 -0.323690867574155 0
0.2066395773188296 -0.3282316523429029 0
0.1593824291891676 -0.2514157569000708 0
0.126085319327375 -0.2016623422322156 0
0.09352061840181418 -0.1528176682844961 0
0.09121671936256036 -0.1494352304795161 0
0.09381862528423542 -0.1470036001754875 0
0.1180195140462187 -0.1831408551069278 0
0.0704373839940161 -0.1180294427905985 0
0.06549637863706868 -0.1169849320501349 0
0.06301407603297569 -0.1140990324213979 0
0.06358184341992169 -0.1199835591737778 0
0.06069646467228406 -0.117721918734925 0
0.06574856482929069 -0.1215833003797561 0
0.06679731745971479 -0.1264724695610341 0
0.0658532355048425 -0.1116644502464456 0
0.06038880797275809 -0.1109852697930996 0
0.1723845769412184 -0.2705637352877515 0
0.1710773335156164 -0.2752592613356443 0
0.1734267198050345 -0.2787776357253198 0
0.1666799363390621 -0.2780394292439515 0
0.1710174590767943 -0.2800573425315379 0
0.1755480684920261 -0.2820120359638795 0
0.1768650910705295 -0.2776579636526272 0
0.1774886938868092 -0.2854510174345124 0
0.1110381811152898 -0.1847266890915786 0
0.1811730227900347 -0.2843850675540309 0
0.2075016718861899 -0.4572873772848257 0
0.08005341512519912 -0.1262470355568498 0
0.1483744172968548 -0.2345439133188881 0
0.2142038234564204 -0.333717483846143 0
0.2105441151855756 -0.3349778780559127 0
0.2099330265029511 -0.3270949483617425 0
0.1571693020281752 -0.2482028799365264 0
0.1280066104288503 -0.2048198905802182 0
0.06350621328361943 -0.1084607477708557 0
0.1701155707415539 -0.2673061049702716 0
0.09848195462213927 -0.1723259080389285 0
0.1312214043673307 -0.216331055012814 0
0.1341606117939747 -0.2142110515383325 0
0.2086658093781256 -0.3315196004805062 0
0.2049970994162527 -0.3325027681895438 0
0.2401840171473248 -0.3724595578244377 0
0.2380635297981724 -0.3694088037941153 0
0.2396092767086581 -0.3656077841060262 0
0.2359404235348841 -0.3663589689348748 0
0.2344910872432353 -0.3702977849946019 0
0.2325209225948643 -0.3675211445294793 0
0.2374378479818617 -0.3623943175560406 0
0.2337739952465498 -0.3632730310298207 0
0.2315346597984704 -0.3600351691444205 0
0.230299064453441 -0.364736659888977 0
0.2277944197259729 -0.3616004876494446 0
0.2293174298111882 -0.3566855498663398 0
0.225433247276129 -0.358018813234568 0
0.2234718577282112 -0.3641953688927228 0
0.233063583590087 -0.3558591171392043 0
0.230904661707988 -0.3525419950545138 0
0.270880878129292 -0.41847590545341 0
0.104695253567532 -0.1692059173055921 0
0.2620693545193295 -0.4057101301741789 0
0.1025113950975281 -0.1716581031758285 0
0.06205443805592082 -0.1241229432940917 0
0.0592765004675773 -0.1213875666283486 0
0.08568405388548564 -0.1545404977594431 0
0.1035778897476357 -0.1806971771568333 0
0.1968060116737524 -0.3070521538623388 0
0.1958806142401755 -0.3209076622910574 0
0.1913530815227958 -0.3167951205434781 0
0.2272142701091772 -0.353301061040792 0
0.2234421216469978 -0.3542767343724986 0
0.03675000331073618 -0.1480542106014793 0
0.1945087860405247 -0.3100682855186068 0
0.1881962134020106 -0.310098352540194 0
0.006632112529893196 -0.04294757917189408 0
0.1133700281545434 -0.182263276272825 0
0.2173235780330319 -0.3679398004055574 0
0.0790857545446005 -0.1310035205272826 0
0.08112183328683015 -0.134115244166407 0
0.07624718431695733 -0.1330470691513539 0
0.07863378089597572 -0.1361957569140237 0
0.07320238932366634 -0.1357386548657518 0
0.08251579965973055 -0.1364292195048272 0
0.08420019061156178 -0.1328523968221151 0
0.08392527246725828 -0.1404521730688436 0
0.08907029622603024 -0.1404555995154859 0
0.1088765080589887 -0.1817310708157804 0
0.2252007259041497 -0.3499692945145393 0
0.2500788825746247 -0.3940607429524735 0
0.2465335008375699 -0.3956616089391755 0
-0.03419047308357007 -0.1128527299290639 0
0.1539845218485356 -0.2496627027866713 0
0.08889534245460544 -0.1460760324023445 0
0.08651206458487069 -0.1429343135038149 0
0.08406885223973054 -0.1451029357537613 0
0.08261664879755108 -0.1426842851201428 0
0.08101593673785497 -0.147076293620718 0
0.08346573527023235 -0.1506428796560446 0
0.1796143839946882 -0.2891166594369626 0
0.07623534651452309 -0.1390796796354384 0
0.1090463903577167 -0.1865821266792203 0
0.1424750782236031 -0.2409435795355347 0
0.05719058298859928 -0.114881266088982 0
0.05780394312241691 -0.107387462621033 0
0.05552841256902754 -0.1035075353732336 0
0.05895756947541579 -0.1015208830964389 0
0.261451962573127 -0.4089821931245008 0
0.2384753974647407 -0.3755971398700494 0
-0.321878521256629 -0.3940557464195371 0
0.1408185997782254 -0.3745355427648252 0
0.09804364527102073 -0.284596806063783 0
0.08190203063740689 -0.3031748649198953 0
0.09283937427139721 -0.3568012611999987 0
0.08459158677038352 -0.2683355668400491 0
0.2488605814731327 -0.3861539574988626 0
0.01617669814430599 -0.05577385985351706 0
0.02157660214543973 -0.05749069719430042 0
-0.2721890028722697 -0.2710041925330666 0
0.1467853144033017 -0.231210900110628 0
0.2381518278129121 -0.3904986365632168 0
0.08855849018853627 -0.1521573468897252 0
0.3235411856319521 -0.4968643616792297 0
0.1096580456451812 -0.1895128362897279 0
-0.01590560741619056 -0.007656223702031429 0
0.08622462594279487 -0.1484772304558307 0
0.2365627423756721 -0.3730406961669821 0
0.2304630178246697 -0.3715133928200418 0
0.1562070406432206 -0.2526342804737974 0
0.2207655356037267 -0.35986282252567 0
0.04824354649749832 -0.262994993629907 0
-0.03450610619269074 -0.007892642204964584 0
-0.03057715790120995 -0.004139469720660639 0
0.2217727844955235 -0.350778542660814 0
0.2182113185496941 -0.3512838132767903 0
0.2055245977212851 -0.3566011931731696 0
0.2190827840357019 -0.3553489482781641 0
0.2134536813105435 -0.3562154065252426 0
0.2200540160864181 -0.3477594557377391 0
0.2137911531546888 -0.3509917604349441 0
0.2153632602381725 -0.3472849956277101 0
0.0812179553539689 -0.1386123165354024 0
0.1113935238500705 -0.2718022476772706 0
-0.2088708619656087 -0.4166589597009607 0
0.05347519074282604 -0.09976711530890658 0
0.05135363778244154 -0.09617221796262584 0
0.04991247170675485 -0.1017187305919935 0
0.05387118245871933 -0.1106601722273345 0
0.05459107918856845 -0.09449537077580306 0
0.04895647729000166 -0.09261146630859336 0
0.05228242528066705 -0.09102897303655702 0
0.04641626159030924 -0.08895263006413902 0
0.04731820240771775 -0.08394605361851629 0
0.04383257819549665 -0.08545683334323909 0
0.04020148652312845 -0.08176114085368873 0
0.0385373750080265 -0.08575638116652612 0
0.03616963581689134 -0.08072534222324275 0
0.03849812845746399 -0.0773259345075266 0
0.04248400746798712 -0.07683230284251363 0
0.04039844085830285 -0.07347783291062246 0
0.03651239256202669 -0.07445151829832415 0
0.03464769268851381 -0.07116346669175566 0
0.03159993650233715 -0.07161134966071867 0
0.02924087003851957 -0.0694547655928386 0
0.04220291573698011 -0.09083132120217741 0
0.04564301549717575 -0.09493960369938192 0
0.0363178865494439 -0.06699425864803743 0
0.03462547877778986 -0.091448575469164 0
0.321297302352347 -0.4937346837058862 0
0.1362571509245241 -0.2174134480017507 0
0.2041690713696055 -0.3295531494977891 0
0.2000192560473341 -0.3274999467250789 0
0.1927930118422224 -0.3263296455033241 0
0.2512580127120767 -0.3896611018206548 0
0.07373972028040315 -0.2445374259575548 0
0.04799583045132839 -0.09827514740181589 0
-0.1395912914554041 -0.4107269990917276 0
-0.4026264318116322 -0.09632790374814854 0
0.2127096142455325 -0.3386209748822444 0
0.1447738092486857 -0.2354346159411879 0
0.007173080475820802 -0.02954751724098593 0
0.003028845578983343 -0.03002269771265818 0
0.003360398352228833 -0.03602605604162495 0
0.01141382155509045 -0.03499621420227476 0
0.009564419601218857 -0.03882599666902912 0
-0.0002408338357948929 -0.03124680697119341 0
0.01469936294309431 -0.03411260038500013 0
0.01317680032835614 -0.03797469756553817 0
0.01109510157157957 -0.04196302823983451 0
0.005213257250460316 -0.0319164327581271 0
0.07408167910027659 -0.1296792607739535 0
0.08310863335159882 -0.1552650504461547 0
0.1233019228859088 -0.2039578984775834 0
0.1374158592478432 -0.2435249633283003 0
0.3175197348125977 -0.4940160106648987 0
0.05454606617960158 -0.2253449209245541 0
0.2458252953010416 -0.4417281269892888 0
0.2629707982391614 -0.4443594854798925 0
0.2624923184166111 -0.4602115682266421 0
0.2679663899687557 -0.4331360260632512 0
0.2777619372659071 -0.4441766291582314 0
0.2656834478635201 -0.4279129684986677 0
0.2711837862878853 -0.4304367781267944 0
0.2727620199306081 -0.4216508781939616 0
0.2677011472504742 -0.4220624238912546 0
0.2767769281633021 -0.4213423821446862 0
0.2749809642578908 -0.4249123590107336 0
0.2773717109067817 -0.4282623055333509 0
0.2811864617995131 -0.4279190377976881 0
0.2795667827400939 -0.4316119375468103 0
0.2816488813524168 -0.4349905741069554 0
0.2776456218474921 -0.4355600161887064 0
0.2793074823728814 -0.4399793647545098 0
0.2838025359292415 -0.4387146979855415 0
0.2826213987554413 -0.4440694558083774 0
0.2862389484739208 -0.4424806924432663 0
0.2854724129723026 -0.4480832138687891 0
0.2888352533993073 -0.4461130040163809 0
0.2887042498471838 -0.4515788085066755 0
0.2811806619257297 -0.4502050956057285 0
0.2913821852188357 -0.4493846673718865 0
0.2912089661073711 -0.4532769148311061 0
0.2935792273579387 -0.4522516805013641 0
0.29145851926801 -0.4552584633292538 0
0.2871209196341182 -0.4574796423362454 0
0.2954455011942785 -0.455104978805224 0
0.2937922107139607 -0.4590794955279405 0
0.2996406045392424 -0.4613315172107182 0
0.2973465331569678 -0.4646278594385596 0
0.299005943199453 -0.454517815338089 0
0.2923871970619342 -0.4449237756463243 0
0.2855726957176714 -0.434608055996156 0
0.3011294940412214 -0.4576996077288314 0
0.2877808488984702 -0.4380507143515565 0
0.2679168798193527 -0.4187925864594068 0
0.2617458307211794 -0.4187526958394924 0
0.2946985620479725 -0.4482288455991911 0
0.2759665430475071 -0.4322304167497151 0
0.2975293728177217 -0.4582255413267706 0
0.2747055419678221 -0.4560904977163751 0
0.2810849504839761 -0.4650787037333574 0
0.2712436271442429 -0.4254383052755979 0
0.2858485820472272 -0.482913806262375 0
0.2740255003590258 -0.4290589835964299 0
0.2732837649178874 -0.4328067735244697 0
0.0328308697546944 -0.0679993475234108 0
0.03074899211069193 -0.06493015062599006 0
0.03207281089755384 -0.06053848410358949 0
0.02856692334582197 -0.06175627658569988 0
0.02392523681104273 -0.05959228956844127 0
0.02652004922414228 -0.05852022305733796 0
0.02758866924007623 -0.0539890279075497 0
0.02428605332046428 -0.05544445959048432 0
0.02094723809083772 -0.05222760647054621 0
0.0229679041779923 -0.04711112336767066 0
0.01899033183276205 -0.0479461630400598 0
0.01688757897978829 -0.0444455235791924 0
0.01480282381747352 -0.04882975387811444 0
0.008610046032521562 -0.04565920208693313 0
0.01876669711548451 -0.04040633773928828 0
0.2486780901954067 -0.397951215974473 0
0.04197754669657143 -0.2056052583768158 0
0.06995326653155208 -0.128146052372043 0
0.09182882515523735 -0.4469578952816941 0
0.154389578143847 -0.256899462501565 0
0.1539222683859515 -0.2537670411248582 0
0.1934711098831949 -0.4024578037572848 0
0.06592996323464616 -0.1326138496835943 0
0.2397950351120685 -0.3840874032916082 0
0.06019175940744695 -0.195807187731098 0
0.08242774190982619 -0.2264682029043579 0
0.1070759071629957 -0.2416150514221931 0
0.059315622621192 -0.1652988360844549 0
0.01298817105427841 -0.1475977368260415 0
0.07645999403170144 -0.1442926575574535 0
0.07465591380450391 -0.1418648740750325 0
0.2942294383233073 -0.4834624279636863 0
0.3013230358660688 -0.4832151382144427 0
0.3056211345240895 -0.4850967280482756 0
0.2906922481998646 -0.4724456727723621 0
0.2997931550175156 -0.4679052951726109 0
0.3020651191780057 -0.4714065379214024 0
0.3036546054632303 -0.4676674995557772 0
0.2967615232659527 -0.4682947729666262 0
0.2928286141069161 -0.4642582254718465 0
0.2970311124247558 -0.4618747280539128 0
0.2978383556802187 -0.4718477270234838 0
0.08176523859536387 -0.1524731126308012 0
0.04895310500547705 -0.1645992303855946 0
0.2531216056820184 -0.4046285102160045 0
0.0293020814754613 -0.1376009939510182 0
0.1663843169725956 -0.2676726869544159 0
0.313934493865656 -0.4946731090532973 0
0.1503344444037697 -0.3492267410071826 0
0.140489852108254 -0.2237782092172598 0
-0.06996809590111938 -0.07589179037369535 0
-0.3903018105133267 -0.426879386810612 0
0.02819494384526802 -0.06616201815471448 0
-0.2897506738970002 -0.1623928024350035 0
0.1688219892073524 -0.2707313352460055 0
-0.02537877199486577 -0.002972225414183194 0
0.03573974708525172 -0.07871471444990755 0
-0.2515189960274212 -0.1027024805298006 0
0.1334029205808871 -0.2333207841827382 0
0.1362762691166672 -0.2380022714838253 0
0.04770792478505152 -0.1143913871134302 0
0.01497071987248412 -0.04116577531706973 0
0.1639117651984432 -0.3009380268945644 0
0.1688692441338391 -0.2926900736724473 0
0.1735153117947329 -0.2866902073265558 0
0.1753260992039421 -0.2908218714367746 0
0.171954480582603 -0.2829159568854506 0
0.1676075865467193 -0.2840568691890017 0
0.1699150794855103 -0.2875235699392054 0
0.1788877196651051 -0.3014942163488686 0
0.1888346629713994 -0.302506041052236 0
0.1845921029692549 -0.3045508185321228 0
0.1731784958037285 -0.2971320061435451 0
0.1900724164286172 -0.297612463727363 0
0.1866320019803453 -0.2989278371615911 0
0.1845103388207782 -0.29572651621174 0
0.1855997115954285 -0.2911034361472775 0
0.1820512570094941 -0.2926792006038949 0
0.178172036354748 -0.2958280178716448 0
0.1804644450621087 -0.3056218462888686 0
0.01696781394044133 -0.05219094782805034 0
0.01959272197224015 -0.05541448396860941 0
0.01256497383674146 -0.04562312184339341 0
0.2695159387624008 -0.4279140441365482 0
0.1049770233043504 -0.3164128286733055 0
0.1459671414492256 -0.2288231208608354 0
0.1398275533809418 -0.232460365208028 0
0.1200110724592987 -0.2224237488831574 0
0.2731748235859408 -0.4480545221291691 0
0.2713489057696912 -0.4407945652403442 0
0.2754155254738088 -0.4397861570769664 0
0.2729960459620823 -0.4368501855366392 0
0.2771856808268054 -0.4476326808622392 0
0.102715745079043 -0.1997449580944914 0
0.1109334873986498 -0.2015875316977835 0
0.1175907771779325 -0.2008923868443542 0
0.1069152446295982 -0.1965720898640455 0
0.1115368468408131 -0.1936996913689445 0
0.2178520811106373 -0.3487585269297897 0
0.1358090317706175 -0.2294675272574271 0
0.1325018565728047 -0.2298398954681254 0
0.008205820339959213 -0.03613503944743675 0
-0.1972686015378818 -0.1101737205902261 0
0.1946570262893164 -0.355193442059162 0
0.3005491676216446 -0.4763284934268831 0
0.2966399901148537 -0.47943379310077 0
0.1587743235793617 -0.2631548065465606 0
0.2803603984221978 -0.4457635186192777 0
0.01714762450759252 -0.1061204310372298 0
-0.000351544009823985 -0.02746627151599926 0
-0.003726739433126383 -0.02487426332890765 0
0.2740140589916872 -0.4428078043349363 0
0.1270109579189953 -0.2105394767914447 0
0.1207606196155521 -0.2102072909797883 0
0.1236233021732924 -0.2143647814703235 0
0.1262693211803423 -0.2204013055615374 0
0.1200832295123994 -0.2057835441189499 0
0.1292294468995015 -0.2181109701391051 0
0.08867385582207755 -0.4029979953509039 0
0.1362576199365166 -0.2516353823326316 0
0.04308166790665632 -0.09750294349186542 0
0.1821312404687605 -0.2972964073660027 0
0.1830511601999516 -0.300279869216146 0
0.2081039287774823 -0.3492795725929807 0
0.2063993294713417 -0.336569851799039 0
0.2026338412850584 -0.3375156271812228 0
0.3037663914512371 -0.4799761104872335 0
0.3068282175374178 -0.478417270196142 0
0.1477833678023759 -0.2839637201476439 0
0.159741475865086 -0.3122043206093044 0
0.01765416133278459 -0.2144234566332116 0
0.08331111873023005 -0.1713741688688254 0
0.001347232424869558 -0.2583254626471156 0
0.05154370076052164 -0.1059035651306502 0
0.04665267211200295 -0.1028720699241938 0
0.1761396335241859 -0.31340996389373 0
0.2297903880351871 -0.3686491987123244 0
0.01132559862631618 -0.1725704652608313 0
0.1614826963497454 -0.2875705119740148 0
0.03395992220291808 -0.1855717383016132 0
0.1809498199834639 -0.3288737400221844 0
0.04153243057989919 -0.08701046538676656 0
0.3061332174030614 -0.4820837940916939 0
0.006656170400686556 -0.03995707944805017 0
0.2105107283176226 -0.3708198220470827 0
0.00750645147018109 -0.03341542252129093 0
0.235484781459858 -0.3758131363974919 0
0.0435914580158286 -0.4437190109577693 0
0.1361546856246693 -0.2332112669072194 0
0.001518150654973535 -0.1299647712646786 0
0.04084703283718129 -0.3666539003102843 0
0.1013136250014859 -0.2580768432509184 0
0.1197744200281405 -0.2024865378034112 0
0.2454733354545544 -0.3927748750334186 0
0.2402117071293166 -0.3900437463495466 0
0.04689188817494146 -0.2980577555633913 0
0.04038170662600855 -0.4236216396118669 0
-0.002804206788299089 -0.3959737169037542 0
-0.02139018440639334 -0.4442115827707719 0
0.0217957290079143 -0.4718595054788847 0
0.009495761109807606 -0.4339166111913194 0
0.2607084268551682 -0.4267979603156721 0
0.2593521020429889 -0.4350212188062845 0
0.2654685941039585 -0.4387477557715719 0
0.2668249189161379 -0.4305244972809595 0
0.2630885104795634 -0.432772858043622 0
0.1520648465900081 -0.2566397485266094 0
0.1496921384638087 -0.2614535105061091 0
0.1529308934141269 -0.2637139454787464 0
0.1553036015403263 -0.2589001834992467 0
0.1524978700020675 -0.260176847002678 0
0.1313142870822102 -0.2208705436943318 0
0.1313215221455714 -0.2239461443869203 0
0.134293447355335 -0.2241199591786968 0
0.1342862122919738 -0.2210443584861083 0
0.1328038672187726 -0.2224952514365143 0
0.136448645325866 -0.2240407772618171 0
0.1343160192840812 -0.2262415994251964 0
0.1364712172546121 -0.2261624175083167 0
0.1353823323049736 -0.2251411883435068 0
0.09162238743204093 -0.1887671363027031 0
0.09873605609099498 -0.1927371653348547 0
0.101167559894157 -0.1860339094724364 0
0.0940538912352029 -0.1820638804402848 0
0.09639497366309893 -0.1874005228875698 0
0.006704802431032426 -0.01335852935899933 0
0.005738534794197395 -0.01528074735408491 0
0.008902153415777676 -0.01672484957400464 0
0.007803477923405092 -0.01504168946650205 0
0.130225425633416 -0.2172210125759595 0
0.1302277940414577 -0.2148625380977674 0
0.1281465557225858 -0.2150193784014368 0
0.1281441873145441 -0.2173778528796289 0
0.1291859906780009 -0.2161201954886982 0
0.0390094940366849 -0.3850890842881245 0
0.02249605776244778 -0.3487378615347988 0
-0.01931764306253621 -0.3596224941504285 0
0.009845925487074345 -0.3723557892192765 0
0.23574016468562 -0.3785766611014015 0
0.2343052426351599 -0.374813005998432 0
0.2309550629916483 -0.3767991026204536 0
0.2323899850421083 -0.3805627577234231 0
0.2333476138386341 -0.3776878818609275 0
0.3097094007596902 -0.4829445990352741 0
0.3074910376281008 -0.4817660272959233 0
0.3058771759635754 -0.4835902610699848 0
0.3080955390951648 -0.4847688328093355 0
0.3077932883616328 -0.4832674300526294 0
0.1472230238284299 -0.254718363817848 0
0.1417801342981374 -0.2555184464562945 0
0.1442492489335162 -0.2622535931445555 0
0.1457361363809731 -0.2584859784812017 0
0.05947429173529581 -0.1061517792328664 0
0.0590963755475875 -0.1091863662070663 0
0.06194751062818876 -0.1097230087819777 0
0.06232542681589708 -0.1066884218077778 0
0.06071090118174229 -0.107937394007422 0
0.01365954890160107 -0.2720680711973911 0
-0.01842122335518016 -0.2705207155356264 0
-0.0170222982237578 -0.3067688955917252 0
0.01505847403302342 -0.3083162512534898 0
-0.001681374661078368 -0.2894184833945581 0
0.1377974931851793 -0.2164500782084902 0
0.1373077942076584 -0.2189789393200176 0
0.1399322591599998 -0.2196518694121589 0
0.1404219581375208 -0.2171230083006315 0
0.1388648761725896 -0.2180509738103246 0
-0.09553820931802881 -0.1738753653244147 0
-0.1244662611843959 -0.2087186459388931 0
-0.0894817522216881 -0.2355529771425368 0
-0.06055370035532098 -0.2007096965280584 0
-0.09250998076985845 -0.2047141712334757 0
-0.0761304182171425 -0.01376526303443385 0
-0.1427544262132218 -0.02804216398152882 0
-0.1013268034266764 -0.04180742701596267 0
-0.1094424222151822 -0.02090371350798133 0
-0.01589567928344327 -0.2049812294304848 0
0.001309551836351666 -0.2183354115979635 0
0.01476883472414172 -0.2020749131002588 0
-0.002436396395653219 -0.1887207309327801 0
-0.0005634222796507765 -0.2035280712653718 0
0.14256147219026 -0.2507674123295915 0
0.1464185730572659 -0.2510707725158711 0
0.1465495300652893 -0.2470947139316018 0
0.1426924291982834 -0.2467913537453222 0
0.1445555011277747 -0.2489310631305967 0
0.2357848900835535 -0.3844942459657057 0
0.2378025631523019 -0.3873145588971264 0
0.2399129645804736 -0.3855341074798804 0
0.2378952915117252 -0.3827137945484597 0
0.2378489273320135 -0.385014176722793 0
0.03750526050974534 -0.07588872640292538 0
0.03402763930468918 -0.07550367674226467 0
0.03364131656630169 -0.07763527481805638 0
0.03711893777135786 -0.07802032447871707 0
0.03557328853802351 -0.07676200061049088 0
-0.3198955599357022 -0.2883812961906634 0
-0.3447403191278818 -0.3499070731338987 0
-0.2817698557018313 -0.3749280234356743 0
-0.2569250965096517 -0.3134022464924391 0
-0.3008327078187668 -0.3316546598131689 0
0.1838216315846032 -0.3024153438741344 0
0.1809694399325283 -0.3008870427825073 0
0.1796760823636069 -0.3035580313188686 0
0.1825282740156818 -0.3050863324104957 0
0.1817488569741051 -0.3029866875965015 0
0.002110094476467799 -0.04886904278206407 0
-0.01297402183525698 -0.04857062637523366 0
-0.01494717158615403 -0.05852685616452964 0
0.0001369447255707562 -0.05882527257136005 0
-0.006418538554843113 -0.05369794947329686 0
0.1437214624301703 -0.2430240777255191 0
0.1399454687357232 -0.2422342714319175 0
0.1389164355038363 -0.2460015474517206 0
0.1413189489670033 -0.2445128125886199 0
0.03203673620733098 -0.07998167209471274 0
0.03435011109210082 -0.08206642561323152 0
0.03595469145107153 -0.07972002833657515 0
0.03399571382920125 -0.07985085021564395 0
0.3124683463936269 -0.492971192592497 0
0.3084778411000627 -0.49192096249048 0
0.3086546859753716 -0.4945520907796121 0
0.3126451912689357 -0.4956023208816291 0
0.3105615161844992 -0.4937616416860545 0
0.01160455337090751 -0.1811484174140687 0
0.003278449928999783 -0.1676878577222335 0
-0.01076249983756095 -0.175260171240945 0
0.000421026766673281 -0.1782042943275068 0
0.1138698477846642 -0.2091966636932161 0
0.1131955133622771 -0.2033283710142868 0
0.1079987010511745 -0.203732981735932 0
0.1086730354735616 -0.2096012744148613 0
0.1109342744179193 -0.2064648227145741 0
0.00155978225821697 -0.03363643150640917 0
-0.004924439376739084 -0.03137831807206984 0
-0.006307093328705464 -0.03749691653042761 0
0.0001771283062505899 -0.03975502996476694 0
-0.002373655535244247 -0.03556667401841839 0
0.004534607169287199 -0.009991887446614001 0
0.003563971003842974 -0.01183725891089836 0
0.00561970480015981 -0.01167520840280666 0
0.2559401273878417 -0.4071399457727359 0
0.2521423928832155 -0.4095651988190943 0
0.2544360441692861 -0.4125400074548424 0
0.2582337786739122 -0.4101147544084841 0
0.2551880857785638 -0.4098399766137892 0
0.01170151441848462 -0.05501397076486814 0
0.009469698680625877 -0.06089012784230985 0
0.01502722126954042 -0.06416656497900011 0
0.01725903700739916 -0.0582904079015584 0
0.01336436784401252 -0.05959026787193412 0
0.05583756279056812 -0.1090238174241837 0
0.0555308827236593 -0.1127707191581582 0
0.05878969548067868 -0.1129332679410408 0
0.0573136291356234 -0.1109785426826123 0
0.01058750993463151 -0.04564116196516327 0
0.007918188362592407 -0.04995664188157617 0
0.01101457725506839 -0.05154191777716682 0
0.01368389882710749 -0.04722643786075392 0
0.01080104359484995 -0.04859153987116505 0
0.2438965041856962 -0.3894971291260356 0
0.2423080027162476 -0.3872818026211987 0
0.2401213005890976 -0.3885122790088495 0
0.2417098020585462 -0.3907276055136864 0
0.2420089023873969 -0.3890047040674425 0
0.09817199645649774 -0.1743019988522948 0
0.09712004958556349 -0.1706372886200497 0
0.09449930847738539 -0.1711861389293509 0
0.09555125534831962 -0.174850849161596 0
0.09633565246694156 -0.1727440688908229 0
-0.0005607162024777522 -0.01219257491362493 0
0.002554766434384213 -0.01377658906600001 0
0.0004484883669810093 -0.01025324475852327 0
0.001501627400682611 -0.01201491691226164 0
0.2317943608175658 -0.372663134209707 0
0.234844223093067 -0.3734267858831772 0
0.2355269148094537 -0.371669240580792 0
0.2324770525339525 -0.3709055889073218 0
0.2336606378135098 -0.3721661873952495 0
-0.0282538759867873 -0.00547158336180239 0
-0.03254163204695035 -0.006016055962812611 0
-0.03104220724261605 -0.01030507357111977 0
-0.026754451182453 -0.009760600970109551 0
-0.02964804161470167 -0.00788832846646108 0
0.1394241447995234 -0.2221613199277721 0
0.1420720707630251 -0.2228720998129691 0
0.1425801851235017 -0.2203626492973559 0
0.1410021649615125 -0.221261984612564 0
0.1639883984908844 -0.2715962913323037 0
0.1673120249016818 -0.2715818397621558 0
0.167603153089974 -0.2692020111002107 0
0.1642795266791767 -0.2692164626703586 0
0.1657957757904292 -0.2703991512162572 0
0.055456968892812 -0.1185497275539541 0
0.05649992763230101 -0.1218028778236373 0
0.05998648256993068 -0.1195547426816368 0
0.05894352383044167 -0.1163015924119535 0
0.05772172573137134 -0.1190522351177954 0
0.09833620220239056 -0.1978128430169558 0
0.09407114658802186 -0.2026164185699679 0
0.09962477427700241 -0.2076152704872981 0
0.1038898298913711 -0.202811694934286 0
0.09898048823969649 -0.202714056752127 0
0.2260442552366211 -0.3767128478437203 0
0.2157038609613895 -0.3779644772452607 0
0.2168256203697049 -0.3868980173024983 0
0.2271660146449365 -0.3856463879009578 0
0.221434937803163 -0.3818054325731093 0
0.007621079281207379 -0.0443033906294136 0
0.001812985395082772 -0.04321579152990151 0
0.004865586878837589 -0.04658621670573884 0
0.02635501932920913 -0.06282799151815005 0
0.02754348628498212 -0.06013824982151892 0
0.0252226430175925 -0.05905625631288962 0
0.02403417606181951 -0.06174599800952074 0
0.02578883117340082 -0.06094212391551984 0
0.1324940759795787 -0.2502883426221121 0
0.1270939597348519 -0.2549237795057003 0
0.1321558617113235 -0.2594432279641775 0
0.1375559779560503 -0.2548077910805892 0
0.1323249688454511 -0.2548657852931447 0
0.1418573319886663 -0.2965389906404975 0
0.1333101515409655 -0.3083669619614708 0
0.1415449366091076 -0.3140963276562287 0
0.1500921170568084 -0.3022683563352554 0
0.141701134298887 -0.3053176591483631 0
0.204847761723994 -0.3424166529581746 0
0.2074505103188675 -0.3386542935810401 0
0.2045165853782001 -0.3370427394901309 0
0.2019138367833266 -0.3408050988672654 0
0.204682173551097 -0.3397296962241528 0
0.2438876238584273 -0.4003644357679262 0
0.2377904042330949 -0.4052463206983599 0
0.2435110670470669 -0.4119880753418493 0
0.2496082866723993 -0.4071061904114157 0
0.2436993454527471 -0.4061762555548878 0
0.006278433820177417 -0.02298442519177935 0
0.009473677691342934 -0.02423225428987796 0
0.0102505298309344 -0.02206136608045983 0
0.007055285959768884 -0.02081353698236121 0
0.008264481825555909 -0.02252289563611959 0
0.07814833364324979 -0.1488095341384312 0
0.07852298457200424 -0.1515079436434728 0
0.0826154869327981 -0.1515579961434229 0
0.08224083600404367 -0.1488595866383813 0
0.08038191028802397 -0.150183765140927 0
0.09977680435917302 -0.1763235214678686 0
0.1012945209712777 -0.1749510477574129 0
0.09968971306860237 -0.1729295251418391 0
0.09973325871388772 -0.1746265233048538 0
0.09883279632247298 -0.2504346239153554 0
0.0850458439619316 -0.2436649152686736 0
0.07916565352539334 -0.2564364963988019 0
0.09295260588593471 -0.2632062050454838 0
0.08899922492393317 -0.2534355601570787 0
0.00219271458141771 -0.02429579163695202 0
0.005501115901237722 -0.02541882800694562 0
0.002970032500357404 -0.02186138882178574 0
0.004235574200797564 -0.02364010841436568 0
-0.1742310767105064 -0.4136929793963441 0
-0.2294354309833194 -0.4583294798504803 0
-0.1322956457279622 -0.4553634995458637 0
-0.1808655383556408 -0.456846489698172 0
0.02907233078916299 -0.3281264706062673 0
0.05044573353277658 -0.3117444370083063 0
0.03643187677663702 -0.2919342176555288 0
0.03275210378290001 -0.3100303441308981 0
-0.04324907160268042 -0.007137692241141823 0
-0.05981562347907346 -0.02090295527557567 0
-0.0596897449099163 -0.01045147763778784 0
0.08011685151054462 -0.1728119875182884 0
0.0758083529620843 -0.1797588072728271 0
0.08199111858582656 -0.1834606765219445 0
0.08629961713428688 -0.1765138567674058 0
0.08105398504818559 -0.1781363320201164 0
-0.1038754321175819 -0.1173530687684716 0
-0.1306870430209565 -0.1470874360526106 0
-0.06872659841465423 -0.1441409980402757 0
-0.09970682071780534 -0.1456142170464432 0
0.03654409405658857 -0.1119261171305325 0
0.02645481699716284 -0.1059664809189262 0
0.01943717833810051 -0.1143549545449455 0
0.02952645539752623 -0.1203145907565518 0
0.02799063619734454 -0.113140535837739 0
0.01588531887895743 -0.05051035085308239 0
0.01657225604237366 -0.0539824038407837 0
0.01379341664872102 -0.05276216080897526 0
-0.06643946873638144 -0.2954332143968065 0
-0.06873481357515984 -0.3482868129555097 0
-0.04287855589945883 -0.3275278542736175 0
0.04322401425552626 -0.07116944339752078 0
0.04024371458719034 -0.06984030953104134 0
0.03936961170833447 -0.0718253190505298 0
0.04234991137667039 -0.07315445291700924 0
0.04129681298193037 -0.07149738122402528 0
0.2287495513499492 -0.365836000547661 0
0.229046742089707 -0.3631685737692107 0
0.2256331387270921 -0.3628979282710837 0
0.2253359479873343 -0.3655653550495339 0
0.2271913450385206 -0.3643669644093723 0
0.2773615039233451 -0.4398827609157381 0
0.274714792232748 -0.4412969807059514 0
0.2758879981287972 -0.4434922167465838 0
0.2785347098193942 -0.4420779969563706 0
0.2766247510260711 -0.4416874888311609 0
0.2212624528413498 -0.3548128413253313 0
0.2199241598197143 -0.3576058854019171 0
0.2230993914399279 -0.358940817880119 0
0.2244376844615634 -0.3561477738035333 0
0.2221809221406388 -0.3568768296027252 0
0.1744207054993375 -0.2887560393816652 0
0.1717151956401216 -0.2871068886328806 0
0.1693921618096747 -0.2901068218058264 0
0.1720976716688906 -0.2917559725546109 0
0.1719064336545061 -0.2894314305937458 0
0.208426100460531 -0.3680185748587775 0
0.1975840201328623 -0.3683710691097507 0
0.1984651006423283 -0.3769066994968224 0
0.209307180969997 -0.3765542052458493 0
0.2034456005514297 -0.3724626371778 0
0.1849776329889576 -0.3329365726697098 0
0.1757759853192326 -0.3289023421825389 0
0.1695624473592164 -0.3368206062877199 0
0.1787640950289414 -0.3408548367748908 0
0.177270040174087 -0.3348785894787148 0
0.0159291494261362 -0.04280564944813107 0
0.01303291072203185 -0.04156440177845212 0
0.01183003770416052 -0.04379307504161396 0
0.01472627640826488 -0.04503432271129291 0
0.01387959356514836 -0.04329936224487251 0
0.08683137071284439 -0.1574014242318469 0
0.08439634361854223 -0.1549027741027989 0
0.08168513203748494 -0.1582039772175817 0
0.0841201591317871 -0.1607026273466297 0
0.08425825137516466 -0.1578027007247143 0
-0.3105414800465962 -0.1248637010503995 0
-0.3669793590039122 -0.09183125170697205 0
-0.398302934346473 -0.1515510121220751 0
-0.341865055389157 -0.1845834614655026 0
-0.3544222071965346 -0.1382073565862373 0
0.07109309777935985 -0.1383263897439623 0
0.07181986001977864 -0.1413894993486027 0
0.0754456301595135 -0.1404722768552354 0
0.07471886791909471 -0.1374091672505951 0
0.07326936396943667 -0.1393993332995989 0
0.1127872639357624 -0.1997030239157804 0
0.113088943656844 -0.1957591037513609 0
0.1092260457352056 -0.195135890616495 0
0.108924366014124 -0.1990798107809145 0
0.111006654835484 -0.1974194572661377 0
0.04144122416314498 -0.07515506787656805 0
0.04447860101964033 -0.07647697501283018 0
0.04538728823316574 -0.07447636005327138 0
0.04341425619815537 -0.07481571396491972 0
0.06066101048053835 -0.1272597910875189 0
0.06259877306990103 -0.1315052442822702 0
0.06636364034718048 -0.1295431596223142 0
0.0644258777578178 -0.1252977064275629 0
0.06351232541385941 -0.1284014753549166 0
-0.007538773849574763 -0.01752344506236608 0
-0.01025786757892981 -0.01520232366441342 0
-0.01383052217685991 -0.01798710304009874 0
-0.01111142844750486 -0.0203082244380514 0
-0.01068464801321733 -0.01775527405123241 0
0.1321936008584626 -0.2179121006251999 0
0.1347114741370593 -0.2184532971196682 0
0.1352088813592494 -0.2158122497700416 0
0.1326910080806527 -0.2152710532755733 0
0.133701241108856 -0.2168621751976207 0
0.05580069675586536 -0.2908199153440122 0
0.0679508047640093 -0.3143029916865583 0
0.07330576798709808 -0.2933784700222642 0
0.06187575075993733 -0.3025614535152853 0
0.2779431019467759 -0.4531477966610518 0
0.2778952462258991 -0.4605846007248662 0
0.2841029350590472 -0.4612791730348014 0
0.2841507907799239 -0.453842368970987 0
0.2810230185029115 -0.4572134848479266 0
0.2945123642761086 -0.4536783296532941 0
0.2972257221968657 -0.4548113970716565 0
0.2979282583828056 -0.4529260549126238 0
0.2952149004620485 -0.4517929874942613 0
0.2962203113294571 -0.4533021922829589 0
0.2252520632734324 -0.3702878536261253 0
0.2203977178806215 -0.3660675846491401 0
0.2203138331667197 -0.3707900832257315 0
0.222824890577027 -0.3681777191376328 0
0.3224192439921496 -0.4952995226925579 0
0.3194085185824723 -0.4938753471853925 0
0.3186604159590252 -0.4955030477225182 0
0.3216711413687025 -0.4969272232296836 0
0.3205398299755874 -0.4954012852075381 0
0.09834085261145914 -0.1793761529401223 0
0.0912642939720634 -0.1775385766617586 0
0.09480257329176128 -0.1784573648009404 0
0.001441461015072746 -0.008418994301874295 0
-0.001598945238531862 -0.00679630385416821 0
-0.002591917886623599 -0.00863055431081719 0
-0.0005752284357754263 -0.008524774306345743 0
0.2275572183522506 -0.4427904921367342 0
0.240768990505066 -0.4492875990484533 0
0.242834848008785 -0.4350456538213077 0
0.2296230758559696 -0.4285485469095885 0
0.2351960331805178 -0.4389180729790209 0
0.2912144961437503 -0.4431744451731938 0
0.2942199143203921 -0.4445013615072997 0
0.2919507221741348 -0.441107294192059 0
0.2930853182472636 -0.4428043278496796 0
0.0774345637052494 -0.137637718274731 0
0.07783602970862916 -0.1407536071416634 0
0.08032733412835208 -0.1405199255916454 0
0.07992586812497232 -0.1374040367247131 0
0.07888094891680074 -0.1390788219331883 0
0.176749067779345 -0.2933249446542097 0
0.1710238699687838 -0.2949110399079962 0
0.1756752660792382 -0.2964800120075949 0
0.1738864688740644 -0.2941179922811029 0
-0.002742747576097686 -0.001674368318167973 0
-0.00657704461555758 -0.001700859559937808 0
-0.003641871098945101 -0.003375227878105781 0
-0.004659896095827632 -0.00168761393905289 0
0.06005110491179526 -0.1032184894705694 0
0.05724299102222166 -0.1025142092348362 0
0.05666617784572223 -0.1054474989971333 0
0.05835864137875874 -0.1043329942338513 0
0.001575868608096085 -0.01581852284909738 0
0.004759636967909269 -0.01732268113718228 0
0.003657201701146741 -0.01554963510159115 0
0.1368825323625729 -0.2215700006864576 0
0.1357970032498161 -0.220011648903063 0
0.1440796318538196 -0.2335236347581287 0
0.1416065039199477 -0.2320365093915487 0
0.1403199687717908 -0.2344803840267152 0
0.1427930967056628 -0.2359675093932951 0
0.1421998003128053 -0.2340020093924219 0
0.1443138860692181 -0.2261913614801908 0
0.1447847038275142 -0.2235103742250246 0
0.1416012530047291 -0.2255530870681353 0
0.1431929784161216 -0.22453173064658 0
-0.1070094718291048 -0.2744263142345575 0
-0.04891174912896477 -0.2565598773047856 0
-0.07796061047903477 -0.2654930957696716 0
0.07794835346721835 -0.143360096102671 0
0.07587036229017302 -0.147417716106799 0
0.0802263248202951 -0.1447519141343032 0
0.07804834355523407 -0.1460848151205511 0
0.2000088226432865 -0.3305970985935367 0
0.2024977443277457 -0.3330985093257692 0
0.2045830853929291 -0.3310279588436664 0
0.2020941637084698 -0.328526548111434 0
0.2022959540181078 -0.3308125287186016 0
0.2881403718497436 -0.4419529035716648 0
0.2875371009366141 -0.4442968482298236 0
0.2906112252306207 -0.4455183898313526 0
0.2893757985401822 -0.4437356467015087 0
0.2924807062883872 -0.4508181739366253 0
0.2957745678070653 -0.4497815700431748 0
0.2930403736334041 -0.4488067564855388 0
0.2941276370477263 -0.4502998719899001 0
0.1687613330161148 -0.2857902195641036 0
0.1727348961886679 -0.2848030821060032 0
0.1697810335646612 -0.2834864130372262 0
0.1707481146023914 -0.2852966508350533 0
0.1833218026847994 -0.325473247275375 0
0.1908992289183368 -0.3316645254102797 0
0.1892433986141786 -0.3242012000159449 0
0.1871105158015681 -0.3285688863428273 0
0.105215348742925 -0.1930828462971673 0
0.1048154948543206 -0.1981585239792685 0
0.1017757754726578 -0.1954478446570616 0
-0.4469897184406569 -0.2283870602476742 0
-0.4338010584995673 -0.3403791999239655 0
-0.3807907769402242 -0.256266260172131 0
-0.4403953884701122 -0.2843831300858199 0
0.05454068844257495 -0.08804338609695116 0
0.05163244084483008 -0.08687018614999138 0
0.05107988957931699 -0.0892251040136658 0
0.05398813717706186 -0.09039830396062558 0
0.05281028901094598 -0.08863424505530848 0
0.2954116615693583 -0.4604771117909267 0
0.2983358584819991 -0.4616031226323155 0
0.298584988678482 -0.4597785292687444 0
0.2956607917658413 -0.4586525184273555 0
0.2969983251239202 -0.4601278205298355 0
0.01717681485857277 -0.09743593104677975 0
0.007145576955893462 -0.0849534997303536 0
-0.003856797363072624 -0.094461139903841 0
0.00617444053960668 -0.1069435712202672 0
0.006660008747750072 -0.09594853547531038 0
0.175502002840771 -0.2860706123805341 0
0.1765183811894176 -0.2837315266991959 0
0.1737512745373145 -0.282463996424665 0
0.1746266386890428 -0.2842673044025996 0
0.000246384016207115 -0.003319105160270111 0
-0.0008231281740147864 -0.001659552580135042 0
0.04768636944015545 -0.09078204818636619 0
0.04430958866364468 -0.08989197563315821 0
0.04392296561707793 -0.09288546245077967 0
0.04729974639358871 -0.09377553500398764 0
0.0458046675286167 -0.09183375531857291 0
0.3239939227629841 -0.4919344116252397 0
0.3270279673357554 -0.4934852283242045 0
0.3248168326201972 -0.490225499090488 0
0.3259223999779762 -0.4918553637073462 0
0.3226122117242192 -0.4869609092784263 0
0.3217711496075944 -0.4886995662636813 0
0.3237145221722083 -0.4885932041844573 0
0.2844792781997431 -0.4329130761279166 0
0.2875231899640416 -0.4344092911558869 0
0.28533328121804 -0.4310695744455376 0
0.2864282355910407 -0.4327394328007121 0
0.08950821215931193 -0.1580075516421158 0
0.08989224066157871 -0.1608659754688166 0
0.09264538243722092 -0.1602105556915467 0
0.09226135393495416 -0.1573521318648458 0
0.09107679729826643 -0.1591090536668312 0
0.3078590195939711 -0.4867790640150076 0
0.3115242881379294 -0.4881160163812293 0
0.3117608076391231 -0.4861057851755571 0
0.3098099136165471 -0.4864424245952824 0
0.007962543440924974 -0.01868699023570495 0
0.003852379486753178 -0.01944922788383854 0
0.005907461463839078 -0.01906810905977174 0
0.1977293924219119 -0.3085817481463313 0
0.1954399685842005 -0.3073157502577101 0
0.1942913557675867 -0.3088238160858441 0
0.1965807796052981 -0.3100898139744653 0
0.1960103740947493 -0.3087027821160877 0
0.08500468365998741 -0.1348771366892595 0
0.08266101194919596 -0.1334838204942611 0
0.08181881647328035 -0.1352722318356172 0
0.08416248818407179 -0.1366655480306156 0
0.08341175006663389 -0.1350746842624383 0
0.1978973515317282 -0.3162966902401387 0
0.2011393707591896 -0.3175029199586182 0
0.2018277730184103 -0.3151693201711969 0
0.1985857537909489 -0.3139630904527174 0
0.1998625622750693 -0.3157330052056678 0
0.1163504299486955 -0.1900114096627327 0
0.116575825522898 -0.1871047558551332 0
0.1142185994056251 -0.1866309222707521 0
0.1139932038314226 -0.1895375760783516 0
0.1152845146771603 -0.1883211659667424 0
-0.006843912617605849 -0.2402864146049155 0
-0.03733443839139046 -0.2263255763740747 0
-0.02787783087328531 -0.2484231459548505 0
0.3195639579760293 -0.4854486413654706 0
0.3204166585324854 -0.4836851005080574 0
0.3215144351283522 -0.4853230048932418 0
0.05343675223461775 -0.09276217190618004 0
0.0562555537134603 -0.09379663536707541 0
0.0568069386559044 -0.09143276742152096 0
0.05512184544526108 -0.09209746966385049 0
0.07673746737218691 -0.1212669831876716 0
0.07950257535418176 -0.1223307504221106 0
0.0772787516669414 -0.1190020222389654 0
0.07839066351056156 -0.120666386330538 0
0.2850207422015812 -0.4405976952144038 0
0.2889113220620183 -0.4397379145258099 0
0.2857916924138559 -0.438382706168549 0
0.2869660321317998 -0.4401678048701069 0
0.1939239779566431 -0.3156258245541874 0
0.1936168478814857 -0.3188513914172678 0
0.1975902214565708 -0.3195222571032191 0
0.195757099706607 -0.3175740408287033 0
0.06066546926174906 -0.1227552549612201 0
0.06281814073792126 -0.1220532512339348 0
0.06213915404610287 -0.1188527389543514 0
0.06140231165392597 -0.1208039969577858 0
0.2964874370060001 -0.4566652600659973 0
0.2934520102311443 -0.4551817210672389 0
0.2926253649909853 -0.4571689794285971 0
0.2945564009984928 -0.4569171197472973 0
-0.001405777010487027 -0.02367080837608919 0
-0.0003637233779895097 -0.02050604220794655 0
-0.004193427204232531 -0.01925292755928892 0
-0.005235480836730049 -0.02241769372743156 0
-0.002799602107359779 -0.02146186796768906 0
0.0005186236084062643 -0.01809388126999935 0
0.001744328054381834 -0.01997763504589254 0
0.2923940967326549 -0.4527642976662351 0
0.2913337426876906 -0.4542676890801799 0
0.2929230534818996 -0.453973009366737 0
-0.001665326880682984 -0.01426241209656967 0
-0.002722571880372805 -0.01653777051747164 0
-0.0005733516361383598 -0.01617814668328451 0
0.2900432175330098 -0.450481737939281 0
0.2899566079772775 -0.4524278616688908 0
0.2912186571328323 -0.4516230178027581 0
0.09252393644429477 -0.1631663691404061 0
0.09450791410062548 -0.1635059365823375 0
0.09462936009355163 -0.1605501231334781 0
0.0935766482689232 -0.1618582461369421 0
0.2021563764759605 -0.3261707061344946 0
0.2030683036536102 -0.322833010361513 0
0.2005384020262617 -0.3217792757095602 0
0.199626474848612 -0.3251169714825418 0
0.2013473892511111 -0.3239749909220274 0
0.2947950686864344 -0.4662764992192364 0
0.2982773391417342 -0.4681000340696185 0
0.2985698440872417 -0.4662665773055853 0
0.2950875736319419 -0.4644430424552031 0
0.296682456386838 -0.4662715382624109 0
0.1497544832462944 -0.2477157583820104 0
0.1501016410594137 -0.2445739171578581 0
0.1468966878784085 -0.2439528727074495 0
0.1483255855623515 -0.24583431554473 0
0.09688286681211747 -0.1672732395782167 0
0.09689066908543148 -0.1638732725362541 0
0.09450011182731148 -0.1669059036243002 0
0.09569539045637149 -0.1653895880802772 0
0.06832462730985286 -0.1248558990828204 0
0.06879032156983951 -0.1216222375347735 0
0.06673863540448938 -0.1207942234223481 0
0.06627294114450274 -0.124027884970395 0
0.06753163135717113 -0.1228250612525843 0
-0.003643304593902722 -0.01053216273598687 0
-0.004747915272107953 -0.01260199991893162 0
-0.002654315737292853 -0.01239728741627827 0
0.2901087193090715 -0.4477488356941337 0
0.2871538331858049 -0.447098108942585 0
0.2870883314097432 -0.4498310111877323 0
0.2885985253594073 -0.448789923440933 0
0.2986445850286495 -0.4509960946119349 0
0.3008187610733705 -0.4542325918795105 0
0.29973167305101 -0.4526143432457227 0
0.04362699145452244 -0.07856565545536218 0
0.04049106796272556 -0.07707911867502013 0
0.03934980749029622 -0.07954353768060766 0
0.0424857309820931 -0.08103007446094972 0
0.04148839947240933 -0.07905459656798491 0
-0.01311956267472639 -0.01364179262669342 0
-0.009054491143153529 -0.01306022806602397 0
-0.0119161862389501 -0.01149969702830396 0
-0.01108702690893996 -0.0133510103463587 0
0.1629652448271039 -0.2636849115268642 0
0.165913208340478 -0.2647286055838131 0
0.1667709706084534 -0.2626671225698468 0
0.1638230070950792 -0.2616234285128979 0
0.1648681077177786 -0.2631760170483555 0
0.1722220894409144 -0.2794174891284288 0
0.1722520266603255 -0.2770184485304821 0
0.1688786349273392 -0.2766493452897979 0
0.1688486977079282 -0.2790483858877447 0
0.1705503621841268 -0.2780334172091134 0
0.2005714695377998 -0.3194807035472483 0
0.2035939453751597 -0.3205374372614156 0
0.2041618465965495 -0.3185596536727855 0
0.2023666580671746 -0.3190201786100169 0
0.2639922770628946 -0.4141899006288945 0
0.2671374151139402 -0.4157522712615799 0
0.2677039191219085 -0.413559516879052 0
0.2645587810708629 -0.4119971462463665 0
0.2658480980924016 -0.4138747087539732 0
0.2528615560437092 -0.3987477269554747 0
0.2557389637165725 -0.3998197173982852 0
0.256630668048225 -0.3976232335936942 0
0.2537532603753618 -0.3965512431508837 0
0.2547461120459672 -0.3981854802745844 0
0.1902310681660555 -0.3041379206362777 0
0.1931417223587448 -0.3049097538161263 0
0.1934812637532219 -0.3024506779933744 0
0.1905706095605326 -0.3016788448135259 0
0.1918561659596387 -0.303294299314826 0
0.1590088504172761 -0.257365395719694 0
0.1617668654964059 -0.2584196112454176 0
0.1625239350107905 -0.2562303064033946 0
0.1597659199316608 -0.2551760908776711 0
0.1607663927140334 -0.2567978510615443 0
0.2416448402614401 -0.3813024378438009 0
0.2446327391811345 -0.3827173234215056 0
0.2455058183720969 -0.3806463022566111 0
0.2425179194524025 -0.3792314166789064 0
0.2435753293167685 -0.380974370050206 0
0.0733771487738798 -0.1254112687880292 0
0.07365915269042578 -0.1227883940951347 0
0.07120823181754994 -0.1221976208838463 0
0.07092622790100395 -0.1248204955767407 0
0.07229269029571486 -0.1238044448359377 0
0.096897816437085 -0.1607481514137462 0
0.09691035990825639 -0.1577134077189972 0
0.09464190356472302 -0.1575153794387291 0
0.09576986000090401 -0.1591317654262377 0
0.09913009456520511 -0.1641427398665948 0
0.09913724191685863 -0.161017618744087 0
0.09801395550114506 -0.1624454456401705 0
0.1530878153346956 -0.2455678098638904 0
0.1536470497322625 -0.2430941827764006 0
0.1506608754569806 -0.2421002900703683 0
0.1518743453958381 -0.2438340499671293 0
0.1229654038163357 -0.199682716606119 0
0.1231256416643794 -0.1969190937556857 0
0.1209522787145641 -0.1966340411720331 0
0.1207920408665204 -0.1993976640224664 0
0.1219588412654499 -0.1981583788890761 0
0.3109788183741421 -0.4982657663549804 0
0.3142444586400456 -0.4989725405028685 0
0.3127069958107909 -0.497238306857849 0
0.3126116385070949 -0.4986191534289245 0
0.3125804873831428 -0.4842864983256532 0
0.3135380832017407 -0.4825161071556699 0
0.3106669965782881 -0.4811742078652908 0
0.3116237419807155 -0.482730353095472 0
0.3105495517927251 -0.4898653380567182 0
0.3131212335073971 -0.491098201452502 0
0.3140959698526013 -0.4893488797770131 0
0.3123227608226633 -0.4896071089168657 0
0.318721206946927 -0.4872222159830282 0
0.3179104942140454 -0.4889699252742363 0
0.3209604368747128 -0.4904472755548894 0
0.3198408219108199 -0.4888347457689588 0
0.2827257086408292 -0.4368526360462484 0
0.2796472515999545 -0.4352752951478309 0
0.2784765521101867 -0.4377696904716081 0
0.2815550091510615 -0.4393470313700256 0
0.2806011303755079 -0.4373111632589282 0
0.06185527035262987 -0.1159104755781614 0
0.06453911102849519 -0.1184842456119564 0
0.06425522733502219 -0.1155419822357664 0
0.06319719069056252 -0.1171973605950589 0
-0.007734487889546445 -0.01085393996440679 0
-0.006067918525715038 -0.01480828802054879 0
-0.00690120320763074 -0.01283111399247779 0
0.3292366231771182 -0.4967423583451402 0
0.3284428625049309 -0.4983870951872506 0
0.3303398523050967 -0.4983711791725701 0
0.1744873941485303 -0.2803948358445997 0
0.1714859698296986 -0.2814866497084942 0
0.1729866819891144 -0.280940742776547 0
0.2844301736146811 -0.4432750741258218 0
0.2840469058638719 -0.4460763348385832 0
0.285792003400243 -0.4451865915342034 0
0.226613833501051 -0.3598096504420063 0
0.2296645397622217 -0.3608178283969325 0
0.2304260448048293 -0.3583603595053801 0
0.2273753385436586 -0.3573521815504539 0
0.2285199391529401 -0.3590850049736932 0
0.1162367411185112 -0.1930126482660574 0
0.1186624003288776 -0.1934155009715697 0
0.1187760891590618 -0.190414262368245 0
0.1175064151387865 -0.1917134553171512 0
0.2335060049190498 -0.3689094647620406 0
0.2362773085207038 -0.3698532943943587 0
0.2370019766665282 -0.3678838863644951 0
0.2342306730648742 -0.3669400567321771 0
0.235253990792789 -0.3683966755632679 0
0.2809644405641614 -0.4420244102814436 0
0.2829925913828713 -0.4413110527479237 0
0.314865532783085 -0.4875676757265227 0
0.3171409312835616 -0.4907511293247268 0
0.3160032320333233 -0.4891594025256247 0
0.1609649434004301 -0.2605651612149501 0
0.164624929191055 -0.2594778785433653 0
0.1627949362957426 -0.2600215198791577 0
0.1209879361274591 -0.1937014020455269 0
0.1186267429159826 -0.1963481400980761 0
0.1198073395217208 -0.1950247710718014 0
0.0355339806876684 -0.08458194508487321 0
0.03936943076557747 -0.08375876101010743 0
0.03818556117000989 -0.08124324153846574 0
0.03685977092883915 -0.08291259331166947 0
0.05647652591714379 -0.2732885343772701 0
0.03710770593791545 -0.2744028366887867 0
0.04645420134689041 -0.2826113760163994 0
0.01709429971685209 -0.03177522012219271 0
0.01424606888653625 -0.03059757308567355 0
0.01359797791454507 -0.03256050480668104 0
0.01644620874486092 -0.0337381518432002 0
0.01534613881569858 -0.03216786246443688 0
0.1793594491431302 -0.2751510225235511 0
0.1764353190630842 -0.2737731519576141 0
0.1757404571671307 -0.2758732813221472 0
0.1786645872471768 -0.2772511518880842 0
0.1775499531551305 -0.2755121519228492 0
0.3064428091693615 -0.4657460469799808 0
0.3034764254259094 -0.4642778143547106 0
0.3026183310822402 -0.4660509465795845 0
0.3055847148256923 -0.4675191792048546 0
0.3045305701258008 -0.4658984967797826 0
0.192523938630639 -0.2949982876561023 0
0.1896148555349556 -0.2938004313295274 0
0.1889469678560617 -0.2959393867076809 0
0.1918560509517452 -0.2971372430342558 0
0.1907354532433504 -0.2954688371818917 0
0.07232010218290538 -0.1147194672395988 0
0.06966010030609149 -0.1138977392300972 0
0.06928141505714977 -0.1163798662399192 0
0.07194141693396366 -0.1172015942494208 0
0.07080075862002758 -0.115549666739759 0
0.1675577870784977 -0.2607314582570451 0
0.1683450435723847 -0.2587244250749714 0
0.165412185684942 -0.2574708453612916 0
0.1664849863817199 -0.2591011518091684 0
0.1233240324904313 -0.1941390891107771 0
0.1234585193395543 -0.1912991075064557 0
0.1211224229765821 -0.1908614204412054 0
0.1222232277335067 -0.1925002547759913 0
0.06661254230837838 -0.1184950392575375 0
0.06466520412460619 -0.1207834297767669 0
0.06563887321649228 -0.1196392345171522 0
0.02575630788592062 -0.04478123678263264 0
0.0227537995271397 -0.04336787542769273 0
0.02190346647238864 -0.04536896091793119 0
0.02490597483116955 -0.0467823222728711 0
0.02382988717915463 -0.04507509885028192 0
0.07630928936855139 -0.1236859247779499 0
0.0740873306940613 -0.1203694525048565 0
0.07519831003130635 -0.1220276886414032 0
0.2165992125593035 -0.3460836036809605 0
0.2165454319028655 -0.3434051322538614 0
0.2134994385835848 -0.3432578533571834 0
0.2135532192400228 -0.3459363247842825 0
0.2150493255714441 -0.3446707285190719 0
0.1077691960021853 -0.1770405863399518 0
0.1079010208496599 -0.1740952276021764 0
0.1056350462438 -0.1736216008090677 0
0.1055032213963254 -0.1765669595468431 0
0.1067021211229926 -0.1753310935745098 0
0.1772851308617416 -0.281495586595618 0
0.1779436421509933 -0.2793185504399919 0
0.175145905437782 -0.2782177996889735 0
0.1762155181497618 -0.2798566931422958 0
0.002389309986126027 -0.006650791065771015 0
0.003461958577706612 -0.008321339256192505 0
0.01112179353389582 -0.02005424592482309 0
0.01001197347483675 -0.01838954774941387 0
0.07987780709140294 -0.1351555005402154 0
0.08010379391571532 -0.1325593823468448 0
0.07766646943077891 -0.1320252948393182 0
0.07744048260646652 -0.1346214130326888 0
0.07877213826109092 -0.1335903976897668 0
0.2500592970926047 -0.3879075296597587 0
0.2467228464283746 -0.3868683755365538 0
0.2462519790415772 -0.389314064848055 0
0.2495884297058073 -0.39035321897126 0
0.248155638067091 -0.3886107972539068 0
0.2197631539451983 -0.3418767133072282 0
0.2169344057387143 -0.3410942297988985 0
0.2193741801093495 -0.3441876157621911 0
0.2181542929240319 -0.3426409227805448 0
0.2935428795549533 -0.4465763106227577 0
0.2918257994320124 -0.4471625731584458 0
0.08254239448879275 -0.1460896146872396 0
0.08334275051864082 -0.1438936104369521 0
0.08102668085014317 -0.1425559098840156 0
0.08178453766946796 -0.1443227622856276 0
0.00980982094752483 -0.03556562682485576 0
0.008885119970589035 -0.03748051805823294 0
0.0113706099647875 -0.03840034711728364 0
0.01229531094172329 -0.03648545588390646 0
0.01059021545615616 -0.0369829869710697 0
0.3172368409087465 -0.498553779961607 0
0.3151602333178054 -0.4975263204644756 0
0.3157406497743958 -0.4987631602322378 0
0.03016552889951034 -0.05144535833767222 0
0.02712801072291236 -0.0501467692443905 0
0.02639955453215868 -0.05226039977707023 0
0.02943707270875666 -0.05355898887035194 0
0.0282825417158345 -0.05185287905737122 0
0.01793895540627517 -0.0461958433096261 0
0.02097911800537717 -0.04752864320386523 0
0.01886330387328664 -0.04403616102369207 0
0.0199212109393319 -0.04578240211377865 0
0.3047573099461263 -0.469309773647278 0
0.307785598738513 -0.4708033326914489 0
0.3086130036180791 -0.4690127382490255 0
0.3066851567821026 -0.4691612559481517 0
0.2653671671646697 -0.4101239380793464 0
0.2684389796045039 -0.4116835149980296 0
0.2691870271296925 -0.4098586263463814 0
0.2661152146898582 -0.4082990494276983 0
0.2672770971471811 -0.409991282212864 0
0.2545602738591872 -0.3944121930558148 0
0.2574660693671375 -0.3956161505493131 0
0.2582556711188171 -0.3936114094724479 0
0.2553498756108669 -0.3924074519789496 0
0.2564079724890022 -0.3940118012641314 0
0.2048513459326673 -0.3165455437542642 0
0.2056210074684262 -0.3145651455607632 0
0.2025974345541692 -0.3131889219776959 0
0.2037243902434182 -0.3148672328659801 0
0.3006113306202463 -0.4628829554070549 0
0.3043025336572387 -0.4625058346218672 0
0.3014374388515756 -0.4611109756742115 0
0.3024569321387425 -0.4626943950144611 0
0.1808385967526595 -0.2805824075601955 0
0.181559541848843 -0.2785150090082879 0
0.1797515919999182 -0.2789167797241399 0
0.2433652388760186 -0.3772457292243598 0
0.2463652450902805 -0.3787381099682687 0
0.2472129684405597 -0.3769333203309307 0
0.2442129622262979 -0.3754409395870218 0
0.2452891036582892 -0.3770895247776453 0
0.2174894690081168 -0.3386391443972345 0
0.2203834019421869 -0.3398021498871009 0
0.221058648950737 -0.3377114622551579 0
0.2181647160166669 -0.3365484567652915 0
0.2192740589794269 -0.3381753033261962 0
0.1911894862891415 -0.2992320561510894 0
0.1940742089857875 -0.3003784753933807 0
0.1947407736483912 -0.2982836622765472 0
0.1929651299687664 -0.2987578592138183 0
0.1661728153036825 -0.2554496757926302 0
0.163284564629531 -0.2542091368347332 0
0.1643483751572365 -0.2558399910980124 0
0.02408917200111671 -0.0488214475071307 0
0.0279448135529652 -0.0481076440101309 0
0.02601699277704096 -0.0484645457586308 0
0.02872921977347385 -0.05559747226017001 0
0.03168214118588463 -0.05680368762437042 0
0.03238999412116743 -0.05476520423455236 0
0.03055960694732064 -0.05518133824736118 0
0.01571025961504128 -0.03563439990446005 0
0.01854567330045795 -0.03687399406620984 0
0.01928162243027759 -0.03497774600494999 0
0.01749594102265943 -0.03530607295470502 0
0.1254223748797664 -0.197347486785263 0
0.1256207657058184 -0.1945674821403544 0
0.1243732036850989 -0.1957432879480201 0
0.1566333093864157 -0.2443682693557722 0
0.1573513156821472 -0.2422729124965237 0
0.154365056027994 -0.240998825917152 0
0.1554991827072049 -0.2426835476364622 0
0.1335786447034296 -0.2099800085370746 0
0.1340368722427263 -0.2073876856660081 0
0.1315014018240608 -0.2068341186353883 0
0.131043174284764 -0.2094264415064548 0
0.1325400232637451 -0.2084070635862315 0
0.101446915688368 -0.1614031034384114 0
0.1015473547370661 -0.1584776735974139 0
0.09923768096555675 -0.1580921889030896 0
0.1003422983269624 -0.1597476461707505 0
0.05569933522513915 -0.09619925007596622 0
0.05846890181069982 -0.09719075366698575 0
0.05902512029902096 -0.09478813895809496 0
0.05736222776208005 -0.09549369451703058 0
0.04675213115695354 -0.07989909792846005 0
0.04760374072207144 -0.07781041748592807 0
0.04561536608829693 -0.07818803647064512 0
0.07150095523456251 -0.1195926779768421 0
0.07452779239346245 -0.1179783687774351 0
0.07301437381401249 -0.1187855233771386 0
0.1102031380597676 -0.1745138918104046 0
0.1103376361560984 -0.1716470225260325 0
0.1080355189459907 -0.1712283583178044 0
0.1091193285028792 -0.1728711250641045 0
0.03677972370435091 -0.06134814744972023 0
0.03388745779821978 -0.06013347547548123 0
0.0331344893763823 -0.06213266290312845 0
0.03602675528251342 -0.06334733487736743 0
0.03495710654036661 -0.06174040517642434 0
0.03097129060221266 -0.05887220035818989 0
0.03459830838189175 -0.05806496274166176 0
0.03278479949205221 -0.05846858154992583 0
0.06841572466876208 -0.1320624016455286 0
0.06745688473484976 -0.1367639871528836 0
0.07205193771327217 -0.1336248042366073 0
0.06975441122406097 -0.1351943956947455 0
0.1382763563533514 -0.213875064036265 0
0.1356877445274215 -0.2132372355978164 0
0.1367426188563004 -0.2148436569031533 0
0.1189321688420543 -0.1875809377335358 0
0.1191080499123243 -0.1847749104079121 0
0.1167517065931679 -0.1842987285295094 0
0.1178419377176111 -0.1859398331315227 0
0.05061945128533436 -0.0918202196725752 0
0.04814680773413808 -0.0881869325274568 0
0.04938312950973622 -0.090003576100016 0
0.2587417070147394 -0.4009280361741872 0
0.2617417600376762 -0.4021991020808415 0
0.2625839245641062 -0.4001853179963173 0
0.2595838715411694 -0.3989142520896629 0
0.2606628157894227 -0.4005566770852522 0
0.2065100126265645 -0.3219705934589352 0
0.2094412715157503 -0.3232958068408973 0
0.21009849139049 -0.3212524426834291 0
0.2071672325013042 -0.3199272293014671 0
0.2083042520085272 -0.3216115180711822 0
0.0970392342327117 -0.154839023106339 0
0.09715747977987435 -0.1519237483452199 0
0.09477797276704898 -0.1515331832450027 0
0.09465972721988633 -0.1544484580061218 0
0.09590860349988034 -0.1531861031756709 0
0.1514196653786399 -0.2397117019573304 0
0.1484488615990001 -0.2385691927223509 0
0.1476900716773408 -0.2409577808353889 0
0.1495548685279903 -0.2403347413963596 0
0.09917046476145927 -0.1671873762500183 0
0.1014175899146099 -0.1673831163102042 0
0.1013772197183558 -0.1643384799267809 0
0.1002738422399075 -0.1657629280883995 0
0.2548950444533548 -0.4019818190614729 0
0.2578977877515217 -0.4030901378373748 0
0.2568183757340471 -0.4014549276178301 0
0.205984370905015 -0.3242661665590326 0
0.2047891581400873 -0.3224018019102241 0
0.09227917759011746 -0.1542852104322385 0
0.09346054057742023 -0.1559002949354838 0
0.27182144902995 -0.4200633918236858 0
0.2693988789743224 -0.4186342459564084 0
0.2678090135349135 -0.4204275051753307 0
0.2702315835905411 -0.4218566510426081 0
0.2698152312824318 -0.4202454484995083 0
0.1530258294265903 -0.235621269717759 0
0.1501699282928167 -0.2342417739702671 0
0.1493587631301265 -0.2362839532961038 0
0.1522146642639002 -0.2376634490435957 0
0.1511922962783584 -0.2359526115069314 0
-0.01040760535087173 -0.001723883902414903 0
-0.007521448145245652 -0.003424743462352711 0
-0.008492324983214656 -0.001712371731176355 0
0.2326543275225101 -0.3616541000871206 0
0.2356059216142057 -0.3628336742929307 0
0.2363345058969625 -0.360744404867076 0
0.2333829118052669 -0.3595648306612659 0
0.2344944167097363 -0.3611992524770983 0
0.2189445904834262 -0.346320833735975 0
0.2215923656322117 -0.3472337610362543 0
0.222021955258135 -0.3451005430624704 0
0.2204832728707806 -0.3457106883992227 0
0.3156852125271047 -0.4857483888766188 0
0.3137230100831139 -0.4859270870260879 0
0.1160407073590927 -0.196286951549301 0
0.1161159088254037 -0.1993554514890657 0
0.1187019443822937 -0.1994166400378408 0
0.1173713258706932 -0.1978517957935709 0
0.3032325649713495 -0.4731768542731833 0
0.3062632180564126 -0.4746346657280083 0
0.306993219888577 -0.4726371042849156 0
0.303962566803514 -0.4711792928300906 0
0.3051128924299633 -0.4729069792790495 0
0.1928506994276802 -0.3066745734367005 0
0.1957309915152652 -0.305550930637136 0
0.1942908454714727 -0.3061127520369182 0
0.3160537267078978 -0.4771173985674818 0
0.3152141519635631 -0.478906478181577 0
0.3182393726240494 -0.4804075006666715 0
0.3171465496659736 -0.4787624496170766 0
0.1855711704005618 -0.2973271766866655 0
0.1883522092044813 -0.298270150444477 0
0.1861659290521422 -0.2949964129498693 0
0.1872590691283118 -0.2966332816971732 0
0.06908304498685208 -0.1190172946277693 0
0.06681091237867606 -0.1158576108696873 0
0.06794697868276407 -0.1174374527487284 0
0.08383791903358176 -0.1288696360141167 0
0.08317485644472725 -0.1311510975832211 0
0.08595974442848342 -0.1322156720951113 0
0.08489883173103258 -0.130542654054614 0
0.08786072870497602 -0.1358851488043562 0
0.08691023656672972 -0.1340504104497338 0
0.3017238802403729 -0.467786397364194 0
0.2994642949291089 -0.4645311265209756 0
0.3005940875847409 -0.4661587619425848 0
0.1877333324758724 -0.3007169391069136 0
0.1894614093825069 -0.2999744976290014 0
0.07014563840220102 -0.1206074577558078 0
0.24151516467 -0.3653696815265195 0
0.2406906735385254 -0.3672080746218329 0
0.24369305272794 -0.3686147088844354 0
0.24260410869897 -0.3669921952054775 0
0.2787393412745648 -0.4211975068617137 0
0.2778642128384786 -0.4229721072508667 0
0.2809231171778138 -0.4244719688100029 0
0.2798312292261895 -0.4228347378358587 0
0.2765776642909965 -0.4179189750892054 0
0.2757117424078073 -0.4197085872142882 0
0.2776585027827806 -0.4195582409754594 0
0.2700021606739826 -0.4080596928107157 0
0.2722111822450255 -0.4113384072196392 0
0.2711066714595042 -0.4096990500151776 0
0.3094591664800136 -0.4672380610058706 0
0.3116538371380111 -0.4705246772430733 0
0.3105565018090123 -0.4688813691244719 0
0.206425784624967 -0.3127040958071791 0
0.2086250474045359 -0.3160057865951991 0
0.2075254160147514 -0.3143549412011891 0
0.2744152519175293 -0.4146428568575653 0
0.2735806355069189 -0.4164434108943603 0
0.2754964581042629 -0.4162809159733855 0
0.2590697671086548 -0.391712941118878 0
0.2612473075187465 -0.3949905736164463 0
0.2601585373137006 -0.3933517573676621 0
0.2524432952431105 -0.3817764285002883 0
0.2516130912869104 -0.3836617327356965 0
0.2546522521839463 -0.3851089884456279 0
0.2535477737135285 -0.3834427084729582 0
0.1910991237821017 -0.2897741402489601 0
0.1903119916053139 -0.2917045746295027 0
0.1932918151912662 -0.2930488554326236 0
0.1921954694866839 -0.2914114978407918 0
0.1757367550854455 -0.2666395309797001 0
0.1749510759073936 -0.2684769724151521 0
0.1779423909969794 -0.2699295466979988 0
0.1768395730412125 -0.2682845388388495 0
0.3051259085117439 -0.4607083749635367 0
0.3072906602331472 -0.4639685122898092 0
0.3062082843724455 -0.4623384436266728 0
0.2428645954757527 -0.3704271792221543 0
0.2458820690633731 -0.3718782598110595 0
0.2447875608956565 -0.3702464843477474 0
0.1889074988693831 -0.2864928639794243 0
0.1881206577395773 -0.288438056860523 0
0.1900033113257423 -0.2881335021141921 0
0.1999325219915793 -0.3029280085937562 0
0.1991813640649731 -0.304808993349384 0
0.2020997192660323 -0.3061573005445857 0
0.201016120628806 -0.3045426545691712 0
0.2174493771019871 -0.3292224616796612 0
0.2167013566268508 -0.3311684578443609 0
0.2196467163666712 -0.332538101427411 0
0.2185480467343291 -0.330880281553536 0
0.197701632665164 -0.299623703737287 0
0.1969762599202512 -0.3015648702263051 0
0.1988170773283715 -0.3012758561655214 0
0.2188829056163472 -0.3344591961552004 0
0.2218239085476292 -0.3358026736747191 0
0.2207353124571502 -0.334170387551065 0
0.1955040532635732 -0.2963573269597792 0
0.1943979342274197 -0.2947030911962014 0
0.256873900535294 -0.3884466305727821 0
0.2560752465915107 -0.3903569401130027 0
0.2579718338219744 -0.39007978584583 0
0.1771575177266452 -0.2717899781074508 0
0.1801361793608434 -0.2732420103562183 0
0.1790392851789115 -0.2715857785271087 0
0.1823373048696101 -0.2765800647983176 0
0.1845292545227022 -0.2798954705251743 0
0.1834332796961562 -0.2782377676617459 0
0.2634263513060666 -0.3982981743759325 0
0.2656049416789166 -0.4015581962517004 0
0.2645156464924916 -0.3999281853138165 0
0.2538507141229475 -0.3870424611239707 0
0.2557630763596201 -0.3867778095092048 0
0.1867097557682644 -0.2831830152321169 0
0.1859242721818858 -0.2851364055278985 0
0.1878086273188236 -0.2848379396057704 0
0.2013183060598552 -0.3080192165541993 0
0.2042624464426076 -0.3094277054827905 0
0.2031810828543198 -0.3077925030136879 0
0.2130597894137496 -0.322634583579901 0
0.2123190846741415 -0.324566273312018 0
0.2152680671899068 -0.3259448476263893 0
0.2141639283018282 -0.3242897156031452 0
0.2450411918659512 -0.3736652586113304 0
0.248062631574285 -0.3751422619578313 0
0.246972350318829 -0.3735102608844454 0
0.2145156899062326 -0.3278646777275584 0
0.216358722145947 -0.3275836546530252 0
0.2240154421572073 -0.339079841211588 0
0.2229196753524183 -0.3374412574431536 0
0.1837390102913509 -0.2818284857578675 0
0.1856195051454832 -0.2815392428786454 0
0.2078567318374221 -0.3179131193829458 0
0.2108544914501094 -0.3193415433135814 0
0.2097397694273228 -0.3176736649543904 0
0.1812367421152267 -0.274911037577268 0
0.250246828094128 -0.3784357952148793 0
0.2491547298342063 -0.376789028586355 0
0.1691567033903614 -0.2568378100883106 0
0.1713374629886164 -0.2601102991965504 0
0.1702470831894889 -0.2584740546424305 0
0.2232819228240644 -0.3410183902192875 0
0.2262401648771031 -0.3423990753230683 0
0.2251278035171553 -0.3407394582673283 0
0.2119571404319295 -0.3209880634467412 0
0.2647671100756724 -0.4034185413779084 0
0.2678025192737782 -0.4048208714417417 0
0.2667037304763472 -0.4031895338467208 0
0.2669713466145918 -0.4066305642527038 0
0.2689023399738803 -0.4064402821262286 0
0.2034513889626443 -0.3112765381325742 0
0.2053441155337873 -0.3110659006449848 0
0.3083749133565803 -0.4656032866478398 0
0.249400649653239 -0.3802780131891683 0
0.2513450616686195 -0.380106111857584 0
0.2604192728600818 -0.3969071690452818 0
0.2623368294124064 -0.3966443739961892 0
0.1966028429643686 -0.2979905153485332 0
0.3108138363482585 -0.4723029735701322 0
0.3138529816663385 -0.4738177700111954 0
0.3127534094021748 -0.4721712236271343 0
0.2714071359170938 -0.4131523167090129 0
0.2733132170812771 -0.4129906320386019 0
0.1669722522637679 -0.2535460762299897 0
0.1680644778270647 -0.2551919431591502 0
0.1647980526815011 -0.2502854257533765 0
0.1640071470509672 -0.2521867651419135 0
0.1658851524726345 -0.2519157509916831 0
0.02658867110863213 -0.04293605514092425 0
0.02877289993512692 -0.04625307637846605 0
0.02768078552187953 -0.04459456575969514 0
0.03097015923181379 -0.04955193605262811 0
0.02987152958347034 -0.04790250621554706 0
0.03318659773780896 -0.05288026439021272 0
0.03538760690960781 -0.05616125563371364 0
0.03428710232370839 -0.05452076001196318 0
0.03207837848481137 -0.05121610022142042 0
0.02442114602143806 -0.03966340235328887 0
0.02359753642836886 -0.04148103644166113 0
0.02550490856503508 -0.04129972874710652 0
0.0375878944546703 -0.05946949658152764 0
0.03648775068213903 -0.0578153761076206 0
0.02224649866571179 -0.0363879996173718 0
0.02144834644158548 -0.03822245460231413 0
0.02333382234357492 -0.03802570098533033 0
0.02006143955399339 -0.03312922007171957 0
0.02115396910985259 -0.03475860984454568 0
0.03976200468820365 -0.06273391402597714 0
0.03867494957143697 -0.06110170530375238 0
0.01786619349614984 -0.02989600005040983 0
0.01896381652507143 -0.03151261006106443 0
0.0156277489054823 -0.02664000647588417 0
0.014853591524477 -0.0285754802105613 0
0.01674697120081607 -0.028268003263147 0
0.01338312226192266 -0.02338869910296285 0
0.01225245789790924 -0.02172147251389297 0
0.01256350274638543 -0.02535765294731772 0
0.01450543558370248 -0.02501435278942351 0
0.03894069839676942 -0.06461724692767969 0
0.04194185160322425 -0.06602806974369028 0
0.04085192814571398 -0.06438099188483376 0
0.04108535034986865 -0.06788723983746872 0
0.04409963909743711 -0.0692933806199675 0
0.04302074535033068 -0.06766072518182889 0
0.1625856911692604 -0.246978302678252 0
0.1618135684125998 -0.2489084652743859 0
0.1636918719253808 -0.2486318642158143 0
0.1236802097702004 -0.1885736129518091 0
0.1258748007971029 -0.1918702313962701 0
0.1247775052836517 -0.1902219221740396 0
0.1366228665094597 -0.2081085392212943 0
0.1361513577716503 -0.2106218279975791 0
0.1387828772267441 -0.2113948677231151 0
0.1377028718681019 -0.2097517034722047 0
0.1280354385925993 -0.1951314612699101 0
0.1269551196948511 -0.1935008463330901 0
0.09957841270483664 -0.1524572939791215 0
0.09936655529001207 -0.1552178042904314 0
0.1017618267954509 -0.155721036626723 0
0.1006701197501437 -0.1540891653029222 0
0.1431214614670478 -0.2179322856716831 0
0.1452920569894093 -0.2211803636251059 0
0.1442067592282285 -0.2195563246483945 0
0.06405350481178987 -0.0992863112559928 0
0.0633983208706243 -0.10154091418027 0
0.06623078097096712 -0.1025835502924763 0
0.06514214289137849 -0.1009349307742345 0
0.1538335968371681 -0.2337461330999913 0
0.1559904782030468 -0.2370725050382047 0
0.1549120375201073 -0.2354093190690977 0
0.05745218769456002 -0.0892917121790946 0
0.05966176850507479 -0.09260158155802196 0
0.05855697809981743 -0.09094664686855833 0
0.1039521946080248 -0.1590066369703053 0
0.1028570107017377 -0.157363836798514 0
0.132326926306421 -0.2016294466618502 0
0.131933914495822 -0.2041980667907655 0
0.1344754092416864 -0.2048712517073435 0
0.1334011677740536 -0.2032503491845967 0
0.06186335179381072 -0.09593655739986981 0
0.06122387414960185 -0.09818339497186448 0
0.0629584283028003 -0.09761143432793129 0
0.06076256014944274 -0.09426906947894588 0
0.05520253583561129 -0.08592272654925109 0
0.05632736176508561 -0.08760721936417279 0
0.06845638319265393 -0.1059258556885621 0
0.06784019508567743 -0.1081897650170927 0
0.07065574171742389 -0.1091718040651312 0
0.0695560624550389 -0.1075488298768466 0
0.1517686741937119 -0.2305040619399689 0
0.1509970078733889 -0.2323423003037236 0
0.1528011355154399 -0.23212509751998 0
0.05068293291005545 -0.07922327810480087 0
0.04989898849978426 -0.08121816319317635 0
0.05294412576505725 -0.08258699035136813 0
0.05181352933755637 -0.08090513422808454 0
0.1551600549132542 -0.2389505730034173 0
0.1581608047799662 -0.2403649100698509 0
0.1570756414915065 -0.2387187075540278 0
0.1149351275823067 -0.1754676133628497 0
0.1147259201645465 -0.178210928125502 0
0.1171153539854527 -0.1787301568674717 0
0.1160252407838797 -0.1770988851151607 0
0.1083505183404503 -0.1655932036082963 0
0.108153441364903 -0.1683654474689114 0
0.110548537059264 -0.1688906649128319 0
0.1094495276998571 -0.1672419342605641 0
0.1409408475472944 -0.2146512489441805 0
0.1398618623870193 -0.2130230583336478 0
0.04627349796501574 -0.07259974698794318 0
0.04845589553121057 -0.07588977095991907 0
0.04736469674811317 -0.07424475897393112 0
0.05222560896920622 -0.08462813795342575 0
0.05407333080033428 -0.08425485845030961 0
0.09735976882917921 -0.1491375069973106 0
0.09846909076700792 -0.1507974004882161 0
0.1127276955877798 -0.1721642523496185 0
0.1125312442230074 -0.1749344972918497 0
0.1138314115850432 -0.1738159328562341 0
0.04518656853122644 -0.07094656380395536 0
0.07006890843713987 -0.1114280826612578 0
0.07287807900025049 -0.1124536470169284 0
0.07176691035883723 -0.1108127255410299 0
0.1475189626271939 -0.2243694842835522 0
0.146946765581803 -0.2263921196527929 0
0.1496471011998321 -0.2273515827370751 0
0.148583031913513 -0.2258605335103136 0
0.06560821679535467 -0.1048909849286388 0
0.06734358208181057 -0.1042547029905193 0
0.04956941422063301 -0.07755652453235995 0
0.1603747214280739 -0.2436843182155121 0
0.15926776310402 -0.2420246141426814 0
0.07509991791932319 -0.1157526623276729 0
0.07618933479313228 -0.1173773422833191 0
0.1490034946921867 -0.229237223625008 0
0.1507078876967721 -0.2289278223385222 0
0.07398899845978682 -0.1141031546723006 0
0.1061698640982968 -0.1623254464729988 0
0.1059677508600699 -0.1650897027132794 0
0.1072601912193736 -0.1639593250406477 0
0.1037624095837782 -0.1617926097594889 0
0.1050610293531608 -0.1606660417216521 0
0.1420311545071709 -0.2162917673079315 0
0.130192274708768 -0.1984020309551027 0
0.1298437624190376 -0.2010183197227257 0
0.1312596005075947 -0.2000157388084766 0
0.1355491378755732 -0.2064898954643191 0
0.1277452571613494 -0.197809808014986 0
0.1291138566506836 -0.1967667461125064 0
0.1116381163235219 -0.1705274586312253 0
0.1464055098083017 -0.2227749239543291 0
0.1595832196153076 -0.2455968314207241 0
0.1614802062986672 -0.245331310446882 0
0.2320365298499954 -0.3640048454593988 0
0.2308505348061085 -0.3624113369281657 0
0.2800689796565841 -0.4262604350773677 0
0.2831370905488157 -0.4277753083724328 0
0.282030103863315 -0.4261236385912183 0
0.282286161240664 -0.4295685670286827 0
0.2842351858834278 -0.4294224414089851 0
0.1728465783896742 -0.2746739301636558 0
0.1739962419137281 -0.2764458649263146 0
0.1996647031807395 -0.311790497385431 0
0.2005186575892145 -0.3098781135403093 0
0.2015580460716919 -0.3115335177590026 0
0.2585249704541534 -0.3972652013194881 0
0.2485412229350554 -0.3821862054775107 0
0.2474532340126679 -0.3804621577228898 0
0.1963833146876856 -0.3036370728262987 0
0.1952287618367366 -0.3020077741098397 0
0.2060092892169858 -0.3182363865278656 0
0.2226616748270759 -0.3430929536394147 0
0.2215225383846314 -0.3414475517632578 0
0.2706720754344983 -0.4150283185900353 0
0.2695555275195011 -0.4133559167940324 0
0.1604333515215337 -0.253015675896559 0
0.1611559339429699 -0.2509933042037394 0
0.1622202492862505 -0.2526012205192363 0
0.1532898601459471 -0.2393311374803739 0
0.1274454606884132 -0.200548991545147 0
0.1251225784068302 -0.200086670315424 0
0.1264339177840898 -0.198948239165205 0
0.09813845759913423 -0.1564656060047143 0
0.1331150314592007 -0.2125954161373118 0
0.1346331946154256 -0.2116086220674455 0
0.1124201498684895 -0.1778185757500678 0
0.1100920437052497 -0.1773979702686227 0
0.1113116439641285 -0.1761662337802362 0
0.103692713613766 -0.1647279862478584 0
0.102569814651067 -0.1630655448431349 0
0.3130207434619992 -0.4756062212103215 0
0.3149533541871181 -0.4754675842893386 0
0.06698934081256297 -0.1131973699678427 0
0.0644336557689091 -0.1128817413339217 0
0.06562228407379257 -0.1143696761018045 0
0.01046469231184699 -0.03360014805558105 0
0.01305659224909238 -0.03455440729363744 0
0.01100607797729968 -0.03160624556862465 0
0.01203133511319603 -0.03308032643113104 0
0.07097689258678451 -0.1272738574604588 0
0.07042737631721505 -0.129828502989753 0
0.07249158260157731 -0.1305951071907082 0
0.07304109887114676 -0.1280404616614141 0
0.07173423759418091 -0.1289344823255835 0
0.1793308583384219 -0.2849180424942717 0
0.1800976080107459 -0.2826821023906937 0
0.1783079946000818 -0.2832068145449448 0
0.02064659984236391 -0.0401297291177084 0
0.01980286294113475 -0.04201656810374 0
0.02170019968475181 -0.04174880227270057 0
0.06063755270746485 -0.1007046475411628 0
0.06281187307495471 -0.1040547561096765 0
0.06172471289120979 -0.1023797018254197 0
0.3208964595186105 -0.4984950423900688 0
0.3180317303958485 -0.4970488223516758 0
0.3190666502136782 -0.4985244111758379 0
-0.0006537796818711398 -0.005035685699734702 0
0.001317847001166569 -0.004984948113020559 0
0.06739814894361135 -0.1107277133990033 0
0.06852912462485142 -0.1123127263145503 0
0.1874077515098257 -0.2905890162176135 0
0.1867106154394674 -0.2926848729176381 0
0.1885113035223906 -0.2921947237735705 0
0.1742223987660362 -0.270342993289546 0
0.1735002001024752 -0.2723261671397094 0
0.1753288589145602 -0.2720580726235801 0
0.2393329590785286 -0.362118211409417 0
0.2385235623452599 -0.3640010508310334 0
0.2404240618742642 -0.3637439464679681 0
0.2371331257655562 -0.3588235618783424 0
0.2382330424220425 -0.3604708866438798 0
0.08529045841230062 -0.1440186246287881 0
0.08521866852606449 -0.1416932432863293 0
0.08327096063240469 -0.1415682290944932 0
0.08428070952235266 -0.1427934268616407 0
0.317384101332005 -0.4821847064379339 0
0.3193280155782676 -0.4820463005873646 0
0.0789576142710689 -0.2187921292788575 0
0.0650167764059566 -0.2182304882889556 0
0.06414289323000237 -0.2349411734410545 0
0.07808373109511467 -0.2355028144309564 0
0.07155025375053563 -0.226866651359956 0
0.1829980215494373 -0.2839281805883657 0
0.1822576154741912 -0.2860450245957242 0
0.1851838661066397 -0.287253249535257 0
0.1840909438280385 -0.2855907150618113 0
0.2761763375823362 -0.4265873322720423 0
0.2792790863531474 -0.4280906716655195 0
0.2769662308857729 -0.4247570956838904 0
0.2781226586194602 -0.426423883674705 0
0.1705357350407778 -0.2619923290475074 0
0.1735403773149004 -0.2633951877450654 0
0.1724389201517584 -0.2617527434708078 0
0.1727420446814611 -0.2652320871464384 0
0.174638566200173 -0.2650173593623828 0
0.1215018016609888 -0.185309746012109 0
0.1212785026595746 -0.1880280958064962 0
0.1225910057155946 -0.1869416794819591 0
0.1697489185707335 -0.263927993360309 0
0.1686533528246156 -0.262329725808677 0
0.1200272959093182 -0.1892211790873706 0
0.2814763217109544 -0.4314150169032438 0
0.2806078320462554 -0.4333012558268828 0
0.2836107885350441 -0.4347993150515557 0
0.2825435551229992 -0.4331071659773997 0
0.2399178000832825 -0.3691085844658775 0
0.2377748501217711 -0.3659833765204505 0
0.2388463251025268 -0.367545980493164 0
0.05297235848550499 -0.09533379436921445 0
0.0501550575362216 -0.09439184213560961 0
0.05179590488541967 -0.09357700702089483 0
0.2255150974148629 -0.3443373378257423 0
0.2284415992041516 -0.3456882625022616 0
0.2273408820406274 -0.344043668912665 0
0.2276821590799991 -0.3475938487448748 0
0.2306002089983851 -0.3489450599264197 0
0.2295209041012685 -0.3473166612143409 0
0.2348572093907169 -0.3648159999823477 0
0.2366903858679885 -0.3644085254066906 0
0.0929107805497658 -0.142555473323546 0
0.09267097038498022 -0.1453335892009348 0
0.09515492667708816 -0.1458702211401995 0
0.09403285361342696 -0.1442128472318727 0
0.0949269762082596 -0.1486261491904984 0
0.09625734775313372 -0.1475038640687551 0
0.1301959686480426 -0.2697591235202607 0
0.1422893558702353 -0.2725694887006388 0
0.1372226087907794 -0.266006358332408 0
0.3114211988057602 -0.4792763540036907 0
0.3143942209775386 -0.4807259993345426 0
0.3122411297917848 -0.4774568328507251 0
0.3133176753846617 -0.4790914160926338 0
0.07895910747827964 -0.1245990050427829 0
0.0816933742291681 -0.1256235177782777 0
0.08059797479167496 -0.1239771341001942 0
0.2349528444264951 -0.3555611375167795 0
0.2341473737010752 -0.3574768046586578 0
0.2360429850960256 -0.357192349697561 0
0.3000677186203372 -0.4561087115334602 0
0.3029770277223281 -0.4574682249169919 0
0.3018978943978494 -0.4558504083982514 0
0.09058777969185147 -0.1393067471259975 0
0.09029680585587763 -0.142059588870934 0
0.09174928012080862 -0.1409311102247717 0
0.08743973646722164 -0.1386787380359449 0
0.08922425419841369 -0.1375959479651768 0
0.3021818836025651 -0.4592950209332681 0
0.3040514681170359 -0.4590882999402641 0
0.1169145846929221 -0.1814847949474757 0
0.1193167745668164 -0.1820309538690245 0
0.1182160642761345 -0.180380555368248 0
0.2866767723080708 -0.4363293851738562 0
0.2847012404744499 -0.4365910106100523 0
0.08186687750684973 -0.1375207680201148 0
0.08087234229912633 -0.1363381342801651 0
0.224875377845922 -0.3463449272487979 0
0.2237685263364989 -0.3447189404441063 0
0.09251767232339789 -0.1482194153275018 0
0.09236866888218727 -0.1511264493820061 0
0.09364782254522343 -0.1498762992862523 0
0.1544269672672217 -0.310499304022718 0
0.1442225113391089 -0.3233283476031196 0
0.1571045419972229 -0.3197313239696087 0
0.1493247393031653 -0.3169138258129187 0
0.3009291370977606 -0.4696559165470067 0
0.3028432235219434 -0.4694828450971423 0
-0.006627169009846478 -0.008826490321215259 0
-0.005575782302567354 -0.006924881896045575 0
-0.004609543448235038 -0.008728522316016223 0
0.2569995461966181 -0.4053275841245133 0
0.2600451838879954 -0.406391311940081 0
0.2609434254428991 -0.4041538656529425 0
0.2589714858197586 -0.4047407248887279 0
0.2054665371117083 -0.3265365589434066 0
0.2082863019108904 -0.3276633003523227 0
0.2088041357041971 -0.3253929079679487 0
0.2071353364079527 -0.3259647334556776 0
0.01774392670123637 -0.03878126858160412 0
0.01959613657141093 -0.03850186159195913 0
0.2311905067006376 -0.356272333502772 0
0.2322867092529523 -0.357918582082019 0
0.2076526933484776 -0.3298756264117045 0
0.2103657052279985 -0.3309281666794041 0
0.2109993137904113 -0.3287158406200222 0
0.2093260035694445 -0.3292957335158633 0
0.2727637173908022 -0.41827534886865 0
0.2747694740469551 -0.4214966301693239 0
0.2737665957188787 -0.4198859895189869 0
0.05788258036856282 -0.09971200623628412 0
0.05955322725908233 -0.09894770060407429 0
0.2314099935241527 -0.3661289022092281 0
0.2331336014574348 -0.365472451095788 0
0.2897237577825131 -0.4377753571756953 0
0.2886234738732774 -0.4360923241657911 0
0.1526939333978161 -0.250820331367897 0
0.1526811374236417 -0.248004683801496 0
0.1497672792204688 -0.2505314059484113 0
0.1512242083220552 -0.2492680448749537 0
0.2403880293842734 -0.3755972475640506 0
0.2395407099606573 -0.3775829350185971 0
0.241452974418338 -0.3774143321214785 0
0.1844709598768881 -0.2894042088923475 0
0.1862958088082327 -0.2889211328764352 0
0.1204092881139026 -0.1836703499405667 0
0.06467972439423096 -0.1100625990086507 0
0.06170144200286689 -0.1125421511072487 0
0.06319058319854894 -0.1113023750579497 0
0.3165279635562071 -0.4839748142590612 0
0.3154610922668729 -0.4823504067968019 0
0.3100214574983226 -0.4741367451635988 0
0.3092418438281082 -0.4759873568040024 0
0.3111312936450537 -0.4757967890071619 0
-0.008510193792207184 -0.005213779325858998 0
-0.004587036655605823 -0.005135846032539288 0
-0.006548615223906503 -0.005174812679199143 0
0.2068314543971891 -0.332011184335025 0
0.2056982144437972 -0.3345363099942914 0
0.2084717223284587 -0.3357738649274759 0
0.2096049622818506 -0.3332487392682094 0
0.2076515883628239 -0.3338925246312504 0
0.02819490976550688 -0.05786306983506413 0
0.0303198671216879 -0.06114738034464468 0
0.02925738844359739 -0.0595052250898544 0
-0.009563739772433185 -0.0071030507557477 0
-0.01067105865213315 -0.009130500398939234 0
-0.008649113830989815 -0.008978495360077245 0
0.08110146870154591 -0.1278484169505885 0
0.08276564663137492 -0.1272465768961972 0
0.2116819488625884 -0.3266633744390695 0
0.2138330548340555 -0.3299171439085111 0
0.212757501848322 -0.3282902591737903 0
0.3089035281184177 -0.4724700389275239 0
0.1819183091510484 -0.2822552940742806 0
0.08486722458783566 -0.1386770248126238 0
0.08779118040545048 -0.1416949565096504 0
0.08632920249664307 -0.1401859906611371 0
0.1955018302155076 -0.3122624070417517 0
0.1975832666981235 -0.3120264522135914 0
0.2298244696770738 -0.3508739521907186 0
0.2327768922573728 -0.352257839632325 0
0.231688550627879 -0.3506014497793725 0
0.1589335000783012 -0.247724479488945 0
0.1582758656086714 -0.2498093184182986 0
0.1600447170106356 -0.2493588918463422 0
0.1270459648781127 -0.2032411164062169 0
0.1294442666087371 -0.2037104445837956 0
0.1284448636485751 -0.2021297180644713 0
0.04859777814284233 -0.08568364430464544 0
0.0455753903016072 -0.08470144348087769 0
0.04512441989290294 -0.08720473170368906 0
0.04686109901787264 -0.08644418800416726 0
0.2160030140599413 -0.3332784222980723 0
0.215284824460261 -0.3353676829081634 0
0.2170838650383041 -0.3349134395316819 0
0.2131347122671459 -0.3320271083622224 0
0.2149180344469984 -0.3315977831032916 0
0.1036033243325301 -0.1704320102407103 0
0.1035985464745403 -0.1675976036906134 0
0.1014223677725997 -0.1702175228603012 0
0.10251045712357 -0.1689075632754573 0
0.03558004262527025 -0.0728074924950399 0
0.03845541671016477 -0.07396467560447331 0
0.03649423762343996 -0.0706681359410964 0
0.03747482716680236 -0.07231640577278486 0
0.2105616101891694 -0.3249795906399834 0
0.1290117539369758 -0.2063464964284183 0
0.1304728342163989 -0.2052722816095919 0
0.1559835898494093 -0.2464959174239932 0
0.1577834047323585 -0.2460463744223586 0
0.1034827092743981 -0.1732313800448507 0
0.105755661301932 -0.1708222310049274 0
0.104619185288165 -0.172026805524889 0
0.04919094626721848 -0.0834415961080798 0
0.05041169355602428 -0.08515589112903559 0
0.2964720880414839 -0.4477986333258421 0
0.2953460011809382 -0.4461499974165712 0
0.2698551573183817 -0.416860256564325 0
0.2666811367698808 -0.4175262606536633 0
0.2682681470441313 -0.4171932586089941 0
0.09940764753490527 -0.1705514252918512 0
0.09814525717351139 -0.168912332435034 0
0.03312381459542547 -0.07138740817623716 0
0.0315714112748444 -0.07408359242346194 0
0.03357572695005732 -0.07344554245925092 0
0.1306518174200058 -0.2121869009595059 0
0.1316714127503292 -0.2137289771175396 0
0.2628039475830604 -0.4086778216001649 0
0.2619955614892536 -0.410551029767185 0
0.2636813643269617 -0.4103374839232657 0
0.2319841226490375 -0.354200556096859 0
0.2338648683419338 -0.3539094885745522 0
0.06512177053629703 -0.10752465062674 0
0.06625995973995419 -0.1091261820128717 0
0.07584238131069357 -0.1260707113076264 0
0.07849219942042181 -0.1269837915724595 0
0.0774007443944866 -0.1253348581752046 0
0.2908372399783239 -0.4394413256838771 0
0.1058735837208443 -0.1679593201560344 0
0.1047831486673051 -0.1663436532019464 0
0.1689856248720159 -0.2657648054684882 0
0.1719787509827435 -0.2670688992546176 0
0.1708638347767385 -0.2654984463074633 0
0.180111646682121 -0.2942536092377698 0
0.1808328205020912 -0.2908979300204287 0
0.1774702415993151 -0.2899692654368686 0
0.1787909441407181 -0.2921114373373193 0
0.3176245852515671 -0.4855985151210447 0
0.2290594659085826 -0.3529215280476529 0
0.2282658499601827 -0.3549933054535659 0
0.2301249863046101 -0.3545969307752124 0
0.103072796939379 -0.1755868050919745 0
0.1017044333062968 -0.1725956227102891 0
0.1023886151228379 -0.1740912139011318 0
0.3262207308637597 -0.495161797195674 0
0.3281322952564365 -0.495113793334672 0
0.008826855603385003 -0.02634684360068915 0
0.0119166806584275 -0.0274722422581289 0
0.01069517917488521 -0.02585224827400343 0
0.2738714920942494 -0.4232816186023476 0
0.275867852466364 -0.4231268629266072 0
0.1144269636473303 -0.183859939112458 0
0.1122041046349166 -0.1834949826822018 0
0.1119957403932114 -0.1862659658404959 0
0.1132113520202708 -0.1850629524764769 0
0.02293132773295201 -0.05646757839239237 0
0.022616645705651 -0.05383603303051526 0
0.02026998003153894 -0.05382104521957781 0
0.02058466205883994 -0.05645259058145492 0
0.02160065388224547 -0.05514431180598509 0
0.2166076706744049 -0.3480217612787499 0
0.2189530485985277 -0.3482589913337644 0
0.2177761305789156 -0.3471712975073625 0
0.2971888227908618 -0.4632512937462362 0
0.298900076705554 -0.4630671245766456 0
0.2123739693209981 -0.3343476809510278 0
0.2113698372744983 -0.332637923815216 0
0.1069545513334175 -0.1695938392369194 0
0.01130915802048674 -0.02949433513324115 0
0.01308137477248187 -0.02903490767190122 0
0.2784692468234378 -0.4299371215400806 0
0.2803777040320509 -0.4297528442843817 0
0.08061763841124661 -0.1302266594358049 0
0.08163932518022129 -0.131855239965033 0
-0.002039141721475184 -0.02617026742245345 0
0.001559349870429554 -0.02679525068331629 0
7.678642997126315e-05 -0.02523302952970274 0
0.2936661191573591 -0.4759397329365661 0
0.2985945788682491 -0.4778811432638266 0
0.2991937616509316 -0.4740881102251834 0
0.2942653019400416 -0.4721466998979229 0
0.2964299404041454 -0.4750139215808747 0
0.01996878496179989 -0.050086884755303 0
0.02307883895753943 -0.05137968905856848 0
0.02202897848145829 -0.04945416613121685 0
0.2253281958780875 -0.3537888977066453 0
0.2263517672108731 -0.3555705396285496 0
0.06396682180562586 -0.1057897033682083 0
0.1985290408925526 -0.3067228511602212 0
0.1995238492408836 -0.3083004823502653 0
0.03947324233644516 -0.07552189713974672 0
0.1712500738413861 -0.2689349201290115 0
0.1731005748743899 -0.2687059462720818 0
-0.002620408168738481 -0.005085765866136994 0
0.1078743067346812 -0.1836387480455445 0
0.1077144637001857 -0.1800301664977969 0
0.1050651545445092 -0.1795132196683233 0
0.1052249975790047 -0.1831218012160709 0
0.1064697306395952 -0.1815759838569339 0
0.1385443266396536 -0.2372513371646139 0
0.1368460641822553 -0.2407636174060628 0
0.1416437311931215 -0.2387219911904686 0
0.1392448976876884 -0.2397428042982657 0
0.2420705688652188 -0.3722527755655534 0
0.2412423392255655 -0.3740284565412447 0
0.2431417655457583 -0.3738468575762876 0
0.2391237734727486 -0.3709341808092765 0
0.2409941844742506 -0.3706806800157154 0
0.2717178964126503 -0.4166518337293427 0
0.2639687754808951 -0.4053733049500094 0
0.2628552677592857 -0.4037862035154255 0
0.1026347300875628 -0.1785330652134546 0
0.1040689757419441 -0.1775500123801489 0
0.04017626019996963 -0.1032241107225234 0
0.04383608940993121 -0.09906931706814481 0
0.04124578000361571 -0.09665806757074721 0
0.03758595079365414 -0.1008128612251258 0
0.04071102010179267 -0.09994108914663533 0
0.2631126435561616 -0.407041790125004 0
0.2650419950853766 -0.4068361771888539 0
0.1328410620245609 -0.2277421215454441 0
0.1280620097907342 -0.2265935771109837 0
0.1295815496697236 -0.2303895542695076 0
0.1304515359076475 -0.2271678493282139 0
0.02965795772825695 -0.06334321360584497 0
0.03247257998295134 -0.06432849616432873 0
0.03139622355231962 -0.06273793825448672 0
0.1974561777901191 -0.30517996199326 0
0.2436343847249614 -0.385309469547351 0
0.2477212008845477 -0.3842762294107084 0
0.2456777928047546 -0.3847928494790297 0
-0.001640296386702815 -0.1188657413339915 0
0.01162244141179102 -0.1262771246586699 0
0.008898440975698849 -0.1166103479394685 0
0.1785515389407487 -0.2872838384357375 0
0.1764861222200431 -0.2880199389087013 0
0.0482618064380865 -0.215475089650685 0
0.06783962301987928 -0.2034616216922275 0
0.05108465305200919 -0.2007062230539569 0
0.05805071472898289 -0.2094683556714562 0
0.2777666628938005 -0.4319211771482627 0
0.2768060824474996 -0.4338952164692108 0
0.2787069572468775 -0.4335982361480468 0
0.04604408892438775 -0.08212253084336349 0
0.04797153871208601 -0.08167034701826992 0
0.1235371978042081 -0.2358017166125526 0
0.1245718424322072 -0.2448027615329041 0
0.129881279156525 -0.2431373189466666 0
0.1288466345285259 -0.2341362740263151 0
0.1267092384803666 -0.2394695177796096 0
0.1145898417470844 -0.1810460055304243 0
0.1156707741701262 -0.1826723670299668 0
0.100556040420601 -0.1715735240010701 0
0.07341947658100445 -0.34111618982661 0
0.0989081987878738 -0.3366070449366521 0
0.09343952697087865 -0.3097938467966004 0
0.08342950177594155 -0.3254550183116052 0
0.2518020059297797 -0.3934485665466914 0
0.2509949924459542 -0.3955876166417603 0
0.2527776331525708 -0.3949999048487876 0
0.1266641244549646 -0.2185230205908451 0
0.1278660489975841 -0.2213246233563076 0
0.1293461118571637 -0.2201794556450914 0
0.1280051181560641 -0.2193512381179683 0
0.1159373925184994 -0.2276738941850622 0
0.116138432709737 -0.2367941298205913 0
0.1233361576129706 -0.2266814809770236 0
0.1197372951613538 -0.2317378053988074 0
0.2241657205410775 -0.3483386804246544 0
0.2269725017751546 -0.3495876019207314 0
0.2259239398105383 -0.3479662645847647 0
0.1555769119383554 -0.2489327913615988 0
0.1543323636365255 -0.2472503006127446 0
0.1161466143513613 -0.2178739329693998 0
0.105474856397872 -0.2190964897345225 0
0.1052656345650101 -0.2288964509501849 0
0.1107061244581857 -0.2233851919597923 0
0.1122840714510275 -0.18065365315499 0
0.1100373114032501 -0.1803875504264678 0
0.1099573445871392 -0.1832288799536795 0
0.1111207080190834 -0.1819412665543348 0
0.2975583365350665 -0.4493973639688882 0
-0.01808153851485524 -0.08130948402618317 0
-0.03371934940775723 -0.09715806478852633 0
-0.01949460825597462 -0.1103097206661842 0
-0.01878807338541492 -0.09580960234618367 0
0.07813581324348254 -0.1911869718605842 0
0.0877670820896969 -0.1964934316413429 0
0.08487910033776172 -0.1899770540816437 0
0.113504995807787 -0.179432290640246 0
0.09642659520131278 -0.2171104858069592 0
0.1025498153374372 -0.2133558801109103 0
0.1089032537027177 -0.1787140683832098 0
0.214537719854817 -0.3378194284262142 0
0.2139826565854145 -0.3402745138278781 0
0.2157360627967656 -0.3394568291125563 0
0.08770370351973807 -0.1445051729530797 0
0.09020932897016523 -0.1448698053143633 0
0.08900025468780784 -0.1432823809120068 0
0.08484518060651361 -0.1495600550559376 0
0.08457489457785899 -0.1525916887077438 0
0.08712127203701095 -0.1533489223245841 0
0.08739155806566556 -0.1503172886727779 0
0.08598322632176227 -0.1514544886902609 0
0.08979811348347851 -0.153955049734853 0
0.08831474209816143 -0.15567823698335 0
0.0851467390912627 -0.146790083104796 0
0.08369378754765319 -0.1478248348715887 0
0.07800836913012249 -0.1293620340576759 0
0.07955491891583419 -0.1286052255041322 0
0.0408064039187776 -0.09332225642590319 0
0.04436234170191604 -0.09622127359562367 0
0.04258437281034682 -0.09477176501076345 0
0.00619316886314056 -0.03073197499955652 0
0.005321662113251947 -0.02783587354580962 0
0.003249544664833218 -0.02807346378164574 0
0.00412105141472183 -0.03096956523539264 0
0.004721356763986889 -0.02940271939060113 0
0.2675996933129605 -0.4279135063176079 0
0.2703797829533219 -0.426676174706073 0
0.2694723871973586 -0.4237503645834262 0
0.2666922975569971 -0.4249876961949611 0
0.2685360402551595 -0.425831935450517 0
0.03817097031658331 -0.06663046222566467 0
0.037329334553905 -0.06858353191923729 0
0.03920734245188683 -0.068235385878353 0
0.1913524997212677 -0.3100833190294005 0
0.1897746474624032 -0.3134467365418361 0
0.1926382388389554 -0.312854571791794 0
0.07472478682031183 -0.1343928620085528 0
0.07607967526278062 -0.1360152901416419 0
0.02616902957893215 -0.06503086230265734 0
0.02947196797797998 -0.06554608439035227 0
0.02791349365359455 -0.06418703795425115 0
0.3056141141510557 -0.4766822204105531 0
0.3085927399227512 -0.4780349114865473 0
0.3074279789895819 -0.4763347886072778 0
0.06032248291665428 -0.1144218717596011 0
0.04843442700595979 -0.1260368152182127 0
0.04828905963445784 -0.1374871666182865 0
0.05635010147958835 -0.1377577653500099 0
0.0564954688510903 -0.1263074139499362 0
0.05239226424277407 -0.1318972902841113 0
0.0900560309085829 -0.1477556314409303 0
0.09136350064678156 -0.1465446103209326 0
0.2106056527059628 -0.3396798551226428 0
0.2101224347041331 -0.3426631946519481 0
0.2120525456447738 -0.3414688542399131 0
0.01494897830767219 -0.03756544849472907 0
0.01400278527838228 -0.03605992789418326 0
0.2262074980066635 -0.3516351777776657 0
0.2280159838418686 -0.3512545649841921 0
0.1445148462291025 -0.2400289858534586 0
0.1457057670537555 -0.241990929280454 0
0.1838254843024613 -0.2918913183755862 0
0.1832807979151362 -0.2942028584078174 0
0.1849957066773018 -0.2934438656627278 0
-0.006667392175404829 -0.02819204625092696 0
-0.0002961889228094389 -0.02935653924359633 0
-0.003481790549107134 -0.02877429274726164 0
0.07550633140796054 -0.1286999041810113 0
0.07444174009092017 -0.1270555864845202 0
0.181478296076518 -0.28841082053719 0
0.1804045772074699 -0.2866644315157308 0
0.1100422857365032 -0.1856544078853994 0
0.109352218001449 -0.1880474814844741 0
0.1113056726581571 -0.1886590394395705 0
0.1106739791973302 -0.187156723662485 0
0.1577947349161941 -0.2520250186869341 0
0.1571273033263212 -0.2541854336680461 0
0.1587803274239274 -0.2536005547823026 0
0.2513015194337621 -0.401335172302017 0
0.2502945962563453 -0.3975328531527601 0
0.2487345596463982 -0.4001202984993024 0
0.2507980578450537 -0.3994340127273885 0
-0.1645346143823005 -0.1771071158506019 0
-0.1949226402426848 -0.2148205716262279 0
-0.1548542870447802 -0.2464321017145191 0
-0.1596944507135403 -0.2117696087825605 0
0.2993294334294715 -0.457962574527801 0
0.3003834361405235 -0.4595367751010063 0
-0.280969838384635 -0.2166984974840351 0
-0.3308803076624296 -0.236482378828083 0
-0.3826509052567501 -0.463439693405306 0
-0.4451509052566633 -0.4009396934051415 0
-0.4413254526283422 -0.4504698467025707 0
0.03238945447985606 -0.09327564022102394 0
0.0329577198343277 -0.1004576178867532 0
0.03701768543918248 -0.0936308835593965 0
0.03498770263675509 -0.09704425072307488 0
0.0825716139106136 -0.139532244802123 0
0.08179914738037838 -0.1410440773430693 0
0.1079592478840452 -0.1860642759772644 0
0.1089582962355922 -0.184646577965472 0
0.07516443170861696 -0.1313631649626537 0
0.07360818471094457 -0.1324939845996305 0
0.2726345637516343 -0.4272486444360138 0
0.2756986056329037 -0.4286606445648904 0
0.2731122957010668 -0.4251753321431657 0
0.2744054506669852 -0.4269179883540281 0
0.07777118063600783 -0.1558428393225766 0
0.0702607297481264 -0.1543349599445839 0
0.06863281007699029 -0.1628322342632338 0
0.07614326096487173 -0.1643401136412266 0
0.07320199535649907 -0.1593375367929052 0
0.155064654514586 -0.2532006607993278 0
0.1550957812458781 -0.2511484916302344 0
0.152662806666524 -0.2528725005369904 0
0.153879293956201 -0.2520104960836124 0
0.072132268391849 -0.1457284496391587 0
0.06120821314453709 -0.1430165082206233 0
0.05933667450081451 -0.1516230185260485 0
0.06573447144633175 -0.1486757340826036 0
-0.09118583013409537 -0.3995750823166356 0
-0.07684291506717775 -0.4497875411583178 0
-0.03232234222873354 -0.002069734860330319 0
-0.02963434794519213 -0.003244800615551303 0
-0.02948689190847881 -0.001175065755220983 0
-0.03090461706860601 -0.001622400307775651 0
-0.02210462861292547 -0.001763165603096055 0
-0.01942399161940049 -0.003568947319097839 0
-0.01813840701307734 -0.001805781716001784 0
-0.0201215178130014 -0.00178447365954892 0
0.1826518901894897 -0.2901510694563881 0
0.2982775778131686 -0.4563869857997287 0
0.3254370405545012 -0.4968192760268654 0
0.3232029343014082 -0.4936420438613665 0
0.3243199874279546 -0.495230659944116 0
-0.01373603394648281 -0.007441267183319319 0
-0.01498116153329976 -0.00981046381268405 0
-0.01282611009271645 -0.009470482105811641 0
-0.0142577103993572 -0.00178434912711989 0
-0.01141683320057192 -0.003508233029534793 0
-0.01233265787511447 -0.001754116514767396 0
0.2597364879148941 -0.4080273434152419 0
0.2614245657355279 -0.4075345667701229 0
0.02593736128027025 -0.05471674374901701 0
0.02540305127230328 -0.05698234132391114 0
0.02706613552288856 -0.05628990679204057 0
-0.01443071450369726 -0.1527191093499732 0
-0.0427831559135101 -0.1568242876934966 0
-0.03911494124737379 -0.1793653495844684 0
-0.02677282787553553 -0.1660422294672208 0
0.1603670377775457 -0.2626454621996838 0
0.1590067142467705 -0.2648671429573838 0
0.1616049212963288 -0.2659065922845643 0
0.1609859795369372 -0.264276027242124 0
-0.01536235413430464 -0.003590130843121674 0
-0.01619805870621731 -0.001795065421560837 0
0.2753208339047872 -0.4362051008626728 0
0.2742057857179455 -0.4383181713068028 0
0.2763411689140661 -0.4380439308892055 0
0.1867133829703271 -0.3035284297921794 0
0.1848415810901485 -0.2996038531888685 0
0.1857774820302378 -0.301566141490524 0
-0.07297385557124277 -0.09657908979178211 0
-0.05508504416246811 -0.1150595595694664 0
-0.05160816081653188 -0.07867759501084208 0
-0.0533466024895 -0.09686857729015422 0
0.02275091947824123 -0.05854149338137085 0
0.02407698537527226 -0.057761917352641 0
0.2412393465891874 -0.3835617744060326 0
0.2417736746527175 -0.3854217885136156 0
0.2531169419791495 -0.3891982341148351 0
0.2507930692364027 -0.3857517566688943 0
0.2519550056077761 -0.3874749953918647 0
0.250956317389704 -0.4034589456200681 0
0.2545498424092967 -0.404105592379524 0
0.2529256809215294 -0.4027203823407705 0
0.2489988646370813 -0.3925530395371692 0
0.2523915709985057 -0.3912487459807821 0
0.2506952178177935 -0.3919008927589757 0
0.2226074530712606 -0.3525276385166562 0
0.2199920515226088 -0.3510311779688021 0
0.218647051292698 -0.3533163807774772 0
0.2206272521819793 -0.3529220096470667 0
-0.4513132159058161 -0.1106639518739272 0
-0.4491514671732365 -0.1695255060608007 0
0.2284952131408222 -0.3677922699593348 0
0.2311556553150257 -0.3680851716209019 0
0.2299526033324874 -0.3669605860842814 0
0.1596809244075859 -0.4124313025427624 0
0.1550077821231537 -0.3841748526184303 0
0.1321200778980882 -0.3881626175560898 0
0.1367932201825203 -0.4164190674804219 0
0.145900501152837 -0.4002969600494261 0
0.0524144142626338 -0.09796966663576621 0
0.05514139100226795 -0.09883512234251798 0
0.05405687474388647 -0.09708445835586621 0
-0.01247037918079793 -0.005397504459423496 0
-0.01049028648650255 -0.005305641892641246 0
0.2746251539826973 -0.4325185951370925 0
0.2731399054399848 -0.4348284795305545 0
0.2749729939437423 -0.4343618479998826 0
0.3246567556821215 -0.4984321808396148 0
0.3227766076003658 -0.4984636116148418 0
0.1801516384117542 -0.2965622126188237 0
0.1833207896447693 -0.2965114617888713 0
0.1817162181634452 -0.2953825355133206 0
0.1264703595047899 -0.2060317542016595 0
0.1246936211066419 -0.2028101203548995 0
0.1241180157333192 -0.2056007581503421 0
0.1255819903057159 -0.2044209372782795 0
0.1607069206499686 -0.2686698588772543 0
0.1651775273255368 -0.2664531960776687 0
0.1629422239877527 -0.2675615274774614 0
0.2054043243442176 -0.328892400920346 0
0.203780350410089 -0.3275315535274203 0
0.2160012358521914 -0.3511377868558672 0
0.2136224172326162 -0.3536035834800934 0
0.2162682326731227 -0.3557821774017034 0
0.2161347342626571 -0.3534599821287853 0
0.249667146085729 -0.3839689810732024 0
0.307838537695279 -0.4799327653481474 0
0.3096298682505196 -0.479604559675919 0
-0.3861632874840298 -0.04816395187407427 0
-0.4430816437420149 -0.05533197593698103 0
0.1456642117416438 -0.2372745040562851 0
0.1436539714673827 -0.2379982476233768 0
0.2954347142190805 -0.4814481105322281 0
0.2961807242227802 -0.48605841642428 0
0.2997275229941609 -0.4859347715496583 0
0.2989815129904613 -0.4813244656576063 0
0.2975811186066207 -0.4836914410409432 0
-0.01580934585562809 -0.03411216482720018 0
-0.02247627436217961 -0.04518587467200623 0
-0.01439168384544253 -0.04134139560121692 0
0.1259725332498624 -0.2088915473072727 0
0.1285139276820483 -0.2092062895340316 0
0.1274921435934191 -0.2076190218678455 0
0.08988760477554832 -0.1507962886846206 0
0.09108339118283289 -0.1525407495584296 0
0.2716719396458039 -0.4235159915928869 0
0.08755998419870015 -0.1472766314290876 0
0.08642522130550039 -0.1456476280289379 0
0.1706032830742854 -0.2706475352668785 0
0.1699496613614844 -0.2729952982908249 0
0.1717249307319798 -0.2726607327152671 0
0.1484069454306505 -0.2309779330482145 0
0.1475798658500783 -0.232877406714758 0
0.1492884368617336 -0.2326098535092408 0
0.222118696665969 -0.3620290957091964 0
0.22436626508351 -0.3609193730756013 0
0.2383733797614985 -0.3727501269957099 0
0.2373253441411011 -0.3713017106950343 0
-0.02104090440414222 -0.005605484417061157 0
-0.01824492168473125 -0.007670430664980816 0
-0.01662800889998952 -0.005633893567017498 0
-0.01883445665206587 -0.005619688992039328 0
0.04251705170574775 -0.1162155452869363 0
0.047304879904484 -0.1110139742508213 0
0.04133192225532482 -0.1067245460944175 0
0.04192448698053629 -0.1114700456906769 0
0.1359818586976434 -0.2313393970823233 0
0.1341554441717111 -0.2296537113627763 0
0.1329523885768459 -0.2315803398254318 0
0.1347788031027782 -0.2332660255449788 0
0.1344671236372447 -0.2314598684538776 0
0.04201703235931255 -0.0836089870984639 0
0.04403056064185015 -0.08286575897091369 0
0.0833670510473427 -0.1380988964163693 0
0.2322659128682517 -0.3949734683360507 0
0.2217549261203582 -0.3999597888636602 0
0.2272794174852013 -0.4102326412259693 0
0.2297726651767265 -0.4026030547810101 0
0.1671437614428907 -0.2810481492164766 0
0.1618381647024799 -0.2780073191328246 0
0.1592395447078216 -0.2827728604978563 0
0.1645451414482324 -0.2858136905815083 0
0.1631916530753562 -0.2819105048571665 0
0.01032976058639922 -0.04039451245443181 0
0.01407376010042013 -0.03957023644130395 0
0.01220176034340967 -0.03998237444786788 0
0.03525702720232732 -0.06536055017535242 0
0.03709886279954837 -0.06498889855151606 0
0.2375190699202064 -0.3743189180185157 0
0.239380704572886 -0.3741736872798803 0
-0.03822468981938212 -0.2028454629792716 0
0.326549809093526 -0.4984096380134327 0
0.03357803257255008 -0.08742804223619215 0
0.02486829578843166 -0.08607947002977498 0
0.02367971769573763 -0.09192706801460676 0
0.02862887513414386 -0.08967755512539946 0
0.1322174734356482 -0.2353270595822394 0
0.1308995115526859 -0.2328583069258734 0
-0.02373490054049936 -0.02333833495403108 0
-0.02700090660994782 -0.03136792281968446 0
-0.01254333978617964 -0.02608257696154679 0
-0.01977212319806373 -0.02872524989061562 0
0.2301267029299284 -0.3700812957661831 0
0.2318163539244891 -0.3694953802641119 0
0.05071563979103812 -0.1183047880661782 0
0.04023583892066941 -0.1239475724389709 0
0.04547573935585376 -0.1211261802525745 0
0.08997283795421382 -0.2938858354918392 0
0.09131761602070212 -0.276466186451916 0
0.0746505460535864 -0.2759588209823411 0
0.08231169200390009 -0.2849223282370902 0
-0.01454919404039372 -0.005515699013220497 0
0.1566858234272747 -0.2504789050242665 0
-0.008889410311454843 -0.02425013534448918 0
0.1871868548008478 -0.3447549140051352 0
0.1900126449482804 -0.3538519323760986 0
0.1979254292854556 -0.349644006306235 0
0.195099639138023 -0.3405469879352717 0
0.1925561420431517 -0.3471994601556851 0
0.01686870849398431 -0.040786056528179 0
0.01786600618363548 -0.04241110877593553 0
0.1465741132727703 -0.234989264630038 0
0.1450853844311276 -0.2314117768428488 0
0.1458297488519489 -0.2332005207364434 0
0.03957444651798608 -0.2514855483869342 0
0.01612628948167169 -0.2491507828955385 0
0.02661699770979357 -0.2617768097921626 0
0.05450180165592679 -0.1016373253410701 0
0.0561921910122448 -0.1006746657886771 0
0.3201694484131369 -0.4921549077910162 0
0.3220816855880605 -0.4920446597081279 0
0.08872379448712424 -0.1490364600568541 0
0.04681942297425207 -0.09660737555059891 0
0.04967473411688497 -0.09722368268222087 0
0.04848724025523685 -0.09549960884310424 0
0.2209134002909708 -0.3492689991992766 0
0.2234867551998366 -0.3503739185876766 0
0.2225395604160242 -0.3488038398119655 0
0.05353605666477459 -0.1047055502519419 0
0.05270744160962049 -0.1082818686789924 0
0.05468680972767136 -0.1068646838380628 0
-0.1586784569845707 -0.06108637523130018 0
-0.1934316174158436 -0.08813107154488443 0
-0.1645199252658398 -0.1138067344586503 0
-0.1297667648345669 -0.08676203814506603 0
-0.1615991911252052 -0.08744655484497521 0
0.1494275716233177 -0.2898530726910117 0
0.1413589588256991 -0.2812878555441786 0
0.1337887191910477 -0.2879737734936644 0
0.1416081454071827 -0.2889134230923381 0
0.02871790694189379 -0.06780839187377655 0
0.03103586989660699 -0.06872705655812469 0
0.03178993093269317 -0.06646474907470043 0
0.03025391893729348 -0.06713657047423849 0
0.2244074755389621 -0.3520814081471609 0
0.2542334087950082 -0.3908028430468923 0
0.2972999394730857 -0.470071249995055 0
0.2999517374291122 -0.471627132472443 0
0.2991145382854232 -0.4698635832710308 0
-0.02565468303361521 -0.004887961208563669 0
-0.02703515499202005 -0.00266117846231258 0
-0.02764451548940367 -0.004066380912057486 0
0.1389902577628164 -0.2246320965031316 0
0.1379363950626947 -0.2231010485947946 0
0.03457437815206915 -0.06749680308572412 0
0.03352347906751025 -0.06591264962502642 0
0.273594441288814 -0.4454311632320527 0
0.2751802522063731 -0.4478436014957041 0
0.2774738090463562 -0.4459046550102352 0
0.2755341251675851 -0.445667909121144 0
0.1105974462429972 -0.1916062638293362 0
0.1132849774162626 -0.1924848004681173 0
0.1122953250372099 -0.1905719199538439 0
-0.3033633603704066 -0.04366729983289779 0
-0.3447633239272182 -0.04591562585348603 0
0.2061178893707034 -0.3304517926276855 0
0.05594867113666299 -0.188102694878146 0
0.04283275253439855 -0.1829849701634035 0
0.03796873444974476 -0.1955884983392145 0
0.04695870279320388 -0.1918455966086802 0
0.0427257063590377 -0.2326605120342577 0
0.06099163338895074 -0.2537662097937309 0
0.05185866987399422 -0.2432133609139943 0
-0.02593786854708819 -0.001486112707091597 0
-0.0277123802277835 -0.00133058923115629 0
0.2939004115065166 -0.4943272024424369 0
0.2900390101852673 -0.4831881171130307 0
0.2877586974690037 -0.4914569031311875 0
0.291969710845892 -0.4887576597777338 0
0.1047185845605456 -0.2781995268705268 0
0.1063535744257782 -0.2649395454640945 0
0.09883559522324017 -0.2707028659580053 0
0.008647401815399226 -0.02876388913955314 0
0.008344321772212166 -0.03087579957493664 0
0.009826739896349454 -0.03018506735408889 0
0.02450810011890484 -0.05304821640379274 0
0.08178637472680056 -0.1662585364289171 0
0.08636896488096213 -0.1695678897569681 0
0.08870274928594868 -0.1640119806746807 0
0.08524456200637462 -0.1651352585517989 0
0.2116268647155541 -0.3367994264690785 0
0.2134558445879076 -0.3360835546886209 0
0.1475114874358852 -0.2367792286761944 0
0.2674262739551559 -0.4678063184003798 0
0.2767225899888384 -0.4702398861537374 0
0.2685989301922166 -0.4581510329715086 0
0.2726607600905275 -0.4641954595626229 0
0.2739401827768815 -0.452072509922772 0
0.2680728109125511 -0.4462070038045308 0
0.2627315583278862 -0.4522855268532673 0
0.2683358705523838 -0.4521790183880197 0
0.3150984287759502 -0.4958903344882557 0
0.3139027122933705 -0.4965643206730523 0
-0.2324945339192132 -0.03304421124977136 0
-0.1876244800661767 -0.03054318761565009 0
0.04677725356795971 -0.1052543156562031 0
0.04562159151260452 -0.101753880284309 0
0.04347675688396467 -0.1042392131893633 0
-0.09886518828822774 -0.06598805916837649 0
-0.1013703102029048 -0.09167056396842407 0
0.007074258858318474 -0.02709135857324938 0
0.1443398976752149 -0.2280755428899231 0
0.1469727771877998 -0.2282763010625252 0
0.145643331628509 -0.227233831271358 0
0.05078955362188543 -0.1125257796703823 0
0.05312326125734872 -0.1155377536121682 0
0.1775666475544292 -0.3571319166192514 0
0.1792957995819497 -0.3666391105472483 0
0.1917417969758008 -0.3633591263040955 0
0.184654222265115 -0.3602455214616734 0
0.3163800014528971 -0.492471568719103 0
0.3182747249330169 -0.4923132382550596 0
0.2530794750471127 -0.4188029759656881 0
0.2382204952816265 -0.4202081657691628 0
0.2477889032816723 -0.4270230663930015 0
0.2456499851643696 -0.4195055708674253 0
0.07555795391810267 -0.143078765816243 0
0.07669699181336592 -0.1419161864789532 0
0.2543980467701015 -0.4430438062345906 0
0.2510934750258869 -0.4350334363137961 0
0.2807705301739638 -0.4479843071125031 0
0.2790611678440524 -0.4449700738887545 0
0.2791831713762675 -0.4489188882339838 0
0.27912216961016 -0.4469444810613692 0
0.1168289870248113 -0.365668401982412 0
0.09075661504673738 -0.3798996282754513 0
0.1060477059200143 -0.4023938438491292 0
0.1114383464724128 -0.3840311229157706 0
0.07447373774861581 -0.1708935647305979 0
0.07813005623770819 -0.1685760505797575 0
0.1225364465161475 -0.2024061666455945 0
0.1238295124614888 -0.2012464184805092 0
0.2814908985888196 -0.4449164872138275 0
0.2800128042041069 -0.443497242085099 0
0.2443406162211651 -0.3920931698556224 0
0.2466960910770462 -0.3919101055776418 0
0.2452962976313711 -0.3907036173518387 0
0.3020427467003904 -0.4906135268670686 0
0.3057873089013086 -0.4888346884487695 0
0.3034720851950792 -0.4841559331313592 0
0.3027574159477348 -0.4873847299992139 0
0.07658640041936972 -0.1303625995101648 0
0.2109475409660856 -0.3501356665139624 0
0.2068142632493837 -0.3529403828830752 0
0.2094891395159143 -0.3564082998492061 0
0.2102183402409999 -0.3532719831815843 0
0.06782108972126857 -0.264862515388036 0
-0.1782625714095494 -0.2906376950374037 0
-0.130417756193874 -0.3186319075574421 0
-0.1426360216193271 -0.2825320046359806 0
-0.02914160166132398 -0.1277428492226872 0
-0.01128728979205218 -0.1362988698904946 0
-0.0153909490240134 -0.1233042952783394 0
0.03373928122160411 -0.06958140710758323 0
0.03042040327042836 -0.07053305762677864 0
0.03207984224601623 -0.07005723236718092 0
0.02010582279446414 -0.1679977149386162 0
0.02292171515920846 -0.1876490539344596 0
0.03142298458276509 -0.1744983514590071 0
0.0215137689768363 -0.1778233844365379 0
0.06837529199563344 -0.1273092609665385 0
0.06965075994831868 -0.1260648782716396 0
0.04895415107904162 -0.09999693899690471 0
0.04629317068226724 -0.09945541902312005 0
0.0482825719093789 -0.1022954002580937 0
0.04728787129582308 -0.1008754096406068 0
0.2305609196863818 -0.3895778761432406 0
0.2385680232161886 -0.3944690635374688 0
0.2368630300343186 -0.3890734713446586 0
0.2345644714512852 -0.3920234698403546 0
0.2483061917060973 -0.3948611759458245 0
0.2476057955164883 -0.3968064124568242 0
0.2493003939812213 -0.3961970145492923 0
-0.02365707073540111 -0.01300380526124436 0
-0.02978473735943205 -0.0193694250475949 0
-0.01760723391646843 -0.01697271516768054 0
-0.02369598563795024 -0.01817107010763772 0
0.04268250438769793 -0.08623364936500283 0
0.04186767315843965 -0.08892089329447198 0
0.04349604652567131 -0.08806281249908052 0
0.03852264445387377 -0.087355517198045 0
0.04035541481835057 -0.08989298721587065 0
0.04003490279396285 -0.08638342327664633 0
0.04019515880615671 -0.08813820524625848 0
0.158093879880968 -0.2599475545370108 0
0.1562185720766344 -0.2563180246819299 0
0.1571562259788012 -0.2581327896094703 0
0.03553430788775456 -0.06908246951341025 0
0.1523898804341369 -0.2809694645846708 0
0.1562772358970025 -0.2916564686041971 0
0.1543335581655697 -0.286312966594434 0
0.1186825986030365 -0.2016894623238827 0
0.1207726950872633 -0.2016704863085084 0
0.1197373197347785 -0.2005435631731746 0
0.2141421629636715 -0.3591142947736555 0
0.2059330351623622 -0.360909260421821 0
0.2105860586101195 -0.3636152553462704 0
0.2100375990630169 -0.3600117775977383 0
0.2749960217032664 -0.4306447001730725 0
0.276732634263352 -0.4302909108565766 0
-0.004933646269643911 -0.07227601593543921 0
-0.02809506383136535 -0.0675603242552736 0
-0.01651435505050463 -0.06991817009535641 0
0.1744974185300545 -0.30792672657391 0
0.1683834843671831 -0.3016907580743272 0
0.1618266205317646 -0.3065711737519344 0
0.167940554694636 -0.3128071422515172 0
0.1681620195309095 -0.3072489501629222 0
0.2383007851839779 -0.380454457986228 0
0.2397700658865827 -0.3820081161961303 0
-0.2859392606288296 -0.4470278732097686 0
-0.2252660260563212 -0.3862296300763861 0
-0.2556026433425754 -0.4166287516430773 0
-0.3560901658849779 -0.4104675666150746 0
-0.3949456121922726 -0.3754233832695201 0
0.01895752601563953 -0.05220927714929827 0
0.01689657782511778 -0.04838795845908712 0
0.01792705192037866 -0.0502986178041927 0
0.1407994644280319 -0.2279924540392681 0
0.1381884691861193 -0.2270714634742643 0
0.1398948610954242 -0.2263122752711998 0
0.2534904236005202 -0.4059179540277466 0
0.2552449848985692 -0.4056227690761299 0
0.1356304014312315 -0.2281531892425286 0
0.1373476533627386 -0.2290622352084762 0
0.1369094353086754 -0.2276123263583965 0
0.1463762279262636 -0.2300170104857317 0
0.1476898613092252 -0.2296271170553698 0
-0.2312839458205768 -0.2615831139312327 0
-0.2039037220986243 -0.3424568275986101 0
-0.2175938339596006 -0.3020199707649214 0
-0.1983674966271838 -0.1438264142566416 0
-0.1645272698240701 -0.1454569251546261 0
0.08243693597348134 -0.1538690815384779 0
0.08350591527567017 -0.1532303851231109 0
0.004399107685411208 -0.07434087120638902 0
0.002268026205490982 -0.06658307188887452 0
0.1541559232648993 -0.2553332518132116 0
0.1556416132956102 -0.2547593427406288 0
0.03765224947068387 -0.07963178300859142 0
0.05169383122479045 -0.1007429229504501 0
0.05068428267083772 -0.09898330281633545 0
0.1533202774786731 -0.272251097741131 0
0.1473396181521861 -0.2767694766426548 0
0.1146628423876776 -0.1943858760087092 0
0.0410259675766377 -0.08499620518755512 0
0.1682499438570747 -0.2674893959623438 0
0.1670815760987764 -0.2661090007730785 0
0.2160771113249157 -0.3649764917138129 0
0.2139171531753273 -0.36937981122632 0
0.2122516058927234 -0.3664975332862952 0
0.01581142711669133 -0.04671114058519001 0
0.1393569141679007 -0.2305586541837766 0
0.1430490541800789 -0.2294703092470402 0
0.1412029841739898 -0.2300144817154084 0
0.008863607050736386 -0.0424553037058643 0
0.009725558492683951 -0.04404823283551378 0
0.2145772066964307 -0.3491383780313271 0
0.2180316998301657 -0.35002117010329 0
0.2163044532632982 -0.3495797740673086 0
0.07853249574298365 -0.2041110954983113 0
0.08483656024130862 -0.2102340824269364 0
0.08630182116550277 -0.2033637570341396 0
-0.02343817242493914 -0.003249278310187652 0
-0.02402124858000683 -0.001624639155093826 0
0.01590884340082825 -0.03917575251145403 0
0.1216925761991541 -0.2048707212982667 0
0.1204219245639758 -0.2079954175493691 0
0.1228473640981408 -0.2087254544014445 0
0.1222699701486475 -0.2067980878498556 0
0.1694266134656801 -0.2690684656146112 0
0.1574959742580836 -0.2620278555217446 0
0.1592304588292568 -0.2612965083683473 0
0.2833265374490161 -0.4491441547372588 0
0.2824087180189179 -0.4470303209755432 0
-0.03744934005240337 -0.04979308497584876 0
-0.06096243703756991 -0.06091035573141725 0
-0.04452875043446763 -0.06423533999334542 0
0.1447126410531712 -0.229743659866386 0
0.116777723700376 -0.2452953521566086 0
0.1192998410030206 -0.2554163701294049 0
0.1219358417176139 -0.2501095658311545 0
0.12812257081729 -0.2119667489870827 0
0.1295828725510271 -0.2106965952467688 0
0.3157271143391268 -0.494344559859098 0
0.3168794223674877 -0.4956966911053869 0
0.04532775619209164 -0.09783834630937187 0
0.06794593171299371 -0.1710235910569409 0
0.06928054692646221 -0.1798888335991701 0
0.071877142337539 -0.175391199164884 0
0.2722337756028864 -0.431621775825632 0
0.2726046433234556 -0.4297478808616121 0
0.2736148986530764 -0.4311332379993523 0
0.302474589193169 -0.4756378320259237 0
0.3012131633111406 -0.4736324822491834 0
-0.1528687727528096 -0.369920176918568 0
-0.1890673994045654 -0.3780749034974771 0
0.279104405770464 -0.4791574374182462 0
0.2882704151235459 -0.4776797395173685 0
0.2858885993419203 -0.4687621882528598 0
0.2824965025561922 -0.4739598128355529 0
0.2194725500605682 -0.3496450846512833 0
0.006644141465289876 -0.04145232930997213 0
0.008110295000952707 -0.03939153805853965 0
0.008486951025844545 -0.04092342088220198 0
-0.1108017931639847 -0.3591034949370389 0
0.1379911195028055 -0.2328358160576237 0
0.137669386432772 -0.2309490256330499 0
0.1670720387616384 -0.4258743612306906 0
0.188725151529691 -0.4115790418025883 0
0.1813340371756385 -0.3981359831146601 0
0.1742030379686384 -0.4120051721726753 0
0.004109736142980899 -0.1552014935048386 0
0.007253160854625973 -0.13878125404536 0
-0.003588776824535642 -0.1457501816976666 0
0.1273599321052815 -0.2800851505960162 0
0.1171343417624409 -0.2880460125331407 0
0.1235631288482071 -0.2959346354307889 0
0.1254615304767443 -0.2880098930134026 0
0.1307698563578131 -0.2190457781351457 0
-0.3342950829428031 -0.4552337833075373 0
0.1691438877825229 -0.353231839389007 0
0.1781653712916853 -0.3489933766970711 0
0.02093710900844525 -0.1555113507212212 0
0.01210777946872252 -0.1615996042217274 0
0.2491025020628508 -0.45852931966713 0
0.2517502744164761 -0.4507865629508603 0
0.1155894191058057 -0.2766802789642949 0
0.1062635072171809 -0.2895652604393726 0
0.1109264631614933 -0.2831227697018338 0
0.05072808623363824 -0.1038111478613219 0
0.05261494394478251 -0.102724236601196 0
-0.0201600345657664 -0.01048737160657199 0
-0.02325741501281829 -0.007244167315437174 0
-0.0234572428741097 -0.01012398628834077 0
0.1730168496698258 -0.2997877476988176 0
0.1663905046661411 -0.2968140502835058 0
0.1697036771679835 -0.2983008989911616 0
0.2186819980595444 -0.418573022366395 0
0.2284512466705854 -0.4193905940677789 0
0.1790117660651837 -0.3826694865105322 0
0.1552918156399198 -0.3681444766551464 0
0.1671517908525517 -0.3754069815828393 0
0.01703658937105383 -0.07026851074996748 0
0.01978305864153608 -0.08088113927393206 0
0.01209108316347365 -0.07761100524016054 0
0.2460034181460621 -0.3942182419862971 0
0.2475011413915718 -0.3933856407617332 0
0.03281802513667414 -0.1557395876089402 0
0.03302604239309874 -0.1428276022762487 0
0.02114512626486986 -0.1425993653885298 0
0.026981575700772 -0.149169476498735 0
0.2369800894622994 -0.3757051381337706 0
0.2359121562776832 -0.3745659620084739 0
0.270349862525143 -0.4291754111316712 0
0.2714922131383887 -0.4282120277838425 0
-0.2634567152860211 -0.0513512402649003 0
-0.2243937987826515 -0.1064381005600134 0
-0.2284441663509323 -0.06974115590489237 0
-0.244608532806743 -0.1699359551790302 0
-0.2379462393136599 -0.2157595345551314 0
-0.06342405217601854 -0.03672972357900342 0
-0.08114462023212314 -0.05135889137368996 0
0.2721724758658867 -0.4388223753884917 0
0.2726814823806892 -0.4418011847876402 0
0.2734436340493174 -0.4400596780472215 0
0.06292290552913303 -0.4032611318084343 0
0.06771014158553298 -0.4453384531197317 0
0.09025134048865746 -0.424977945316299 0
0.06531652355733301 -0.4242997924640829 0
0.05778627754274702 -0.1774540304228157 0
0.06159129742040351 -0.1699043474524461 0
0.05413436381333453 -0.1649490332350248 0
0.05032934393567804 -0.1724987162053943 0
0.05596032067804077 -0.1712015318289202 0
0.1184254556485668 -0.2663542518885393 0
0.1228926938769241 -0.2732197012422778 0
0.2376404373231386 -0.3780797980599993 0
0.3144241739232619 -0.4927213806558 0
0.02551440682203489 -0.1300952360018397 0
0.01638378383833043 -0.1344382450235999 0
0.175871461600514 -0.3019688528014792 0
0.1785298780099265 -0.2986611171102567 0
0.1757733638398761 -0.2992244324045371 0
0.302544713658653 -0.4815956243508381 0
0.3021577795364409 -0.4781523019570583 0
0.3005696462634511 -0.4797383838073324 0
0.06744294052037816 -0.1905374980545004 0
0.0626146090315626 -0.183995764238658 0
0.3049498044271493 -0.4810299522894637 0
0.3052973044943275 -0.4791966903416878 0
0.3063941710612141 -0.4804813588188056 0
0.201690472085799 -0.4247170965068712 0
0.1957404325311885 -0.4389938285663588 0
0.2216071787976402 -0.4570672241962218 0
0.2116488254417195 -0.4408921603515465 0
0.001394005871594225 -0.03063475234192579 0
0.001476677871011889 -0.02871500151262103 0
0.03622379034517807 -0.1337282176842588 0
0.03287512287135216 -0.1270214042204053 0
0.09133364171873865 -0.1705926096513209 0
0.08881662942651276 -0.1735532332093633 0
0.006359854360320704 -0.03266592763970902 0
0.00851100726939231 -0.03280975221508914 0
0.007352088066266435 -0.03177086360732283 0
0.04922276789221906 -0.1067700632594313 0
0.04875266990079898 -0.1045327317587625 0
0.05000616075705224 -0.1096479214649068 0
0.01788471005827307 -0.05559417191106324 0
0.0184211180369563 -0.05390172453018076 0
0.1651759702417923 -0.2901302928232311 0
0.1574917703213514 -0.2983402260644719 0
0.1613338702815718 -0.2942352594438515 0
0.2007873717527832 -0.3923731961009503 0
0.1898995689089834 -0.3875213413057413 0
0.3038859468437483 -0.4774172611838057 0
-0.03962301348641051 -0.01108401334362412 0
-0.0383655436032265 -0.02014836482009924 0
-0.03470387542292128 -0.01522671919560951 0
0.1209968547511635 -0.4390031689475917 0
0.1135222803355889 -0.4206985063983604 0
0.1625348793921806 -0.3280946358364033 0
0.1524010262665648 -0.3382425341685478 0
0.1594285942336006 -0.3469685046198645 0
0.1609817368128906 -0.3375315702281338 0
0.09054764923107306 -0.2256685326588804 0
0.08769210473619085 -0.2179513075429084 0
0.11992882477027 -0.2041350409611806 0
0.1212326356432087 -0.2032706038033875 0
0.1221919608944222 -0.2122860362250559 0
0.1253171300461438 -0.2124521291308841 0
0.1240822470721423 -0.2105887917661643 0
0.2095386875172108 -0.3377268600250593 0
-0.04893410003798911 -0.1359419236314815 0
0.07298771813168091 -0.1973242967764058 0
0.09750976209789 -0.2338306334965976 0
0.1017139374032279 -0.2422037280009927 0
0.109469809870348 -0.23726954545458 0
0.103489785984119 -0.2355500894755888 0
0.1064070979527475 -0.2009457528576002 0
-0.04197397230017158 -0.03597513312352699 0
-0.05089479788962252 -0.02843904419955133 0
0.08779674659650233 -0.234666723963777 0
0.06684320355428924 -0.3617275807551416 0
0.04795776717172612 -0.3449270256807044 0
0.1097301962338457 -0.3054732717441339 0
0.1194772189266042 -0.3179055982748158 0
0.1215201738874056 -0.3069201168528023 0
0.1455765220909975 -0.3618811418860039 0
0.1393517085519845 -0.3451672565226737 0
0.1106041734857983 -0.3489545166190817 0
0.1280903477883979 -0.3554178292525428 0
-0.2706348349622107 -0.1325476414824021 0
-0.2345011657946973 -0.1381870278695218 0
0.0622781757844001 -0.1617129906587392 0
0.0651120537486969 -0.16636829085784 0
0.110109100860987 -0.2457707677905974 0
0.113123766785362 -0.2412824488055944 0
0.1253411149514396 -0.2155047585452381 0
0.1218171873162955 -0.2183942651767404 0
0.1231401968198205 -0.2214125272223474 0
0.12424065588563 -0.2184586428837927 0
0.03891957598404457 -0.1640120975009978 0
0.05119286252974893 -0.1548590611023342 0
0.0450913116823785 -0.1465865512102765 0
0.04200544383321154 -0.1552993243556372 0
0.1311731936245286 -0.3302530699572453 0
0.1150406962062012 -0.3334300574469488 0
0.004286827801344575 -0.03397124439987603 0
0.005783109346094023 -0.03608054774453084 0
0.007856135905070151 -0.03477523098436384 0
0.006071481853207363 -0.03437323769211993 0
-0.0322251233311756 -0.04058050389776661 0
0.1559593687942865 -0.3044197650435949 0
0.1417871099455467 -0.3342478020628966 0
0.02981585401467801 -0.2100143575050137 0
0.02427975393562921 -0.2271997798885865 0
0.03627078018685786 -0.2213374347696357 0
0.04065755101377828 -0.1401573844472677 0
0.2057166775034364 -0.4054349676621122 0
0.2037035747946177 -0.4150760320844917 0
0.1733708920895936 -0.3211704541183117 0
0.1652377170434083 -0.3204508890439602 0
0.1362154773706682 -0.2356067691955224 0
0.1382677230712295 -0.2350435766111188 0
0.1256011033052774 -0.2240030521666656 0
0.1825912003343561 -0.2987881382910743 0
0.1840811853674589 -0.2980576574888699 0
0.1805605391721413 -0.2987246277006655 0
0.02636878458694324 -0.1988317057197367 0
0.2112711489365707 -0.3961664924823053 0
-0.2869990976663087 -0.08810747065764991 0
0.09985151709402978 -0.2996795536179865 0
0.05673551915707452 -0.1582860258805366 0
0.1072279597802321 -0.25400166370496 0
0.1128267077143994 -0.2601779577967497 0
0.1573602049367602 -0.3575564906375055 0
0.04087616425922156 -0.1734985338322007 0
0.02506726734645023 -0.0989467744667665 0
0.1267318428843648 -0.2137357537661604 0
0.1165241582519184 -0.2029807985875722 0
0.1177703844191519 -0.20542637722487 0
0.1182264915110942 -0.2035579197743764 0
0.2000908120053007 -0.3558973176161658 0
0.1988374160690816 -0.3621341933629583 0
0.1383373158481729 -0.2500567569538862 0
0.133073195635242 -0.2462331331199465 0
0.1357052557417074 -0.2481449450369164 0
0.1400587250731551 -0.2527876017050903 0
0.009160414108458571 -0.03418768951997245 0
0.10447094859173 -0.2481026958529764 0
0.005008284376457695 -0.03799156774483756 0
0.006946702173523365 -0.03773604290153525 0
0.1783020392931473 -0.3095159050912993 0
0.1770867504468307 -0.3057423789463892 0
0.2046488805295386 -0.3466870715731444 0
0.2023698462674197 -0.3512921945946551 0
0.1336541477035383 -0.2376678032327829 0
0.1342164754031582 -0.2354669143888809 0
0.09053461439736842 -0.473478947640847 0
0.05616517170265301 -0.4726692265598659 0
0.008717920659011679 -0.233743097246751 0
0.2148105070683584 -0.3736721442357904 0
0.1165213879294881 -0.2117657040177152 0
0.1191692876228918 -0.2150799845972278 0
0.1809167094551604 -0.3177413592111478 0
0.1783463473871965 -0.3233218506968433 0
0.06488305454171114 -0.3824943562817879 0
-0.01689627441433491 -0.01262740475427522 0
-0.01536339829559741 -0.01530725389718698 0
0.1333636716693901 -0.2419504681763647 0
-0.03617945673871124 -0.003946321102482292 0
-0.03425089948372239 -0.003008027981406306 0
-0.03971426417069583 -0.005542006671812058 0
0.1754050149363752 -0.4655242213067446 0
0.1329698146668275 -0.4695015844737959 0
0.2040734087059253 -0.4786436886424129 0
0.2473813695582138 -0.4784235355538089 0
0.2257273891320653 -0.4785336120981108 0
0.1855727237337819 -0.4522590249365517 0
0.2657051414505189 -0.4877005342870587 0
0.2574038217566848 -0.4731149269770943 0
0.2767319194597633 -0.4895787187091231 0
0.3058370864268062 -0.4962863244246317 0
0.2998687489666602 -0.4953067634335343 0
0.3084079524004737 -0.497276045389806 0
0.3081684303470169 -0.4893500132527438 0
-0.005130672864973785 -0.01703060778991886 0
-0.02334779371887871 -0.005246722812812413 0
-0.01757059804953308 -0.01014891770962802 0
0.02325161369305772 -0.06845527697106735 0
0.02124224559154431 -0.06235333120009998 0
0.01913941748129907 -0.06631092097503373 0
0.01995898900796604 -0.05914882657195008 0
0.02199658253489278 -0.06044741229073541 0
0.01892184953311955 -0.05737149924150666 0
0.02580049105601936 -0.07123280654218653 0
0.02598476031747576 -0.06813183442242193 0
0.02695149906043541 -0.07478334133886982 0
0.02590989742443354 -0.0804314056843224 0
0.02868595116543188 -0.07265819948282423 0
0.05858046905641968 -0.1245313344555781 0
0.06190349310721906 -0.1372608762514468 0
0.07384511115497583 -0.1444036077277009 0
0.0801040583047446 -0.1548559604305272 0
0.1051937791333128 -0.1875700140027989 0
0.1011987783398489 -0.1815856966857084 0
0.1031962787365809 -0.1845778553442536 0
0.100487791349511 -0.1789546090767885 0
0.1065867492507165 -0.1895532195100085 0
0.1072729985673809 -0.1878087477436364 0
0.1079063974929611 -0.1923445550632518 0
0.1885234334544653 -0.3194339375360219 0
0.1943368130411989 -0.3236186538971908 0
0.1914301232478322 -0.3215262957166063 0
0.1821679234630983 -0.311754158216962 0
0.1853456784587818 -0.3155940478764919 0
0.1505717299916328 -0.2541789972503883 0
0.152363826628266 -0.2547561245317999 0
0.1484951515244494 -0.2526248848831296 0
0.231475452364245 -0.3850703169333318 0
0.2391817674711143 -0.3902711914563817 0
0.2384921653117081 -0.388792875176754 0
0.2268835530625386 -0.3725768794329737 0
0.2289193080270934 -0.3746879910267137 0
0.1146557110938404 -0.2013419112516763 0
0.11714588617432 -0.2085960406212926 0
0.1544416334028139 -0.2665532329143856 0
0.1559688038304488 -0.2642905442180651 0
0.1595855647258278 -0.2743677237039995 0
0.1570135990643209 -0.2704604783091926 0
0.2177980901102631 -0.3609380027738692 0
0.2190979039954423 -0.3635027937115046 0
0.2170331613916929 -0.3583600900877864 0
0.1342357317278962 -0.2279476553939863 0
0.03656669633875544 -0.09020161434936394 0
0.03605033851321192 -0.08739177971711858 0
0.03868655012876652 -0.09176193538763358 0
0.2013161152621486 -0.3356049388216087 0
0.194501917616845 -0.3353468278896149 0
0.1982078772000858 -0.3380759633784401 0
0.2035071648529729 -0.3350706244079501 0
0.1964061339447782 -0.3269147961142015 0
0.1954540257808116 -0.3311308120019082 0
0.2099235535096777 -0.3469336132669178 0
0.2073856576168359 -0.3446751331125463 0
0.2276893831016804 -0.3701845746961543 0
0.2587396182839978 -0.4222178239860844 0
0.2600961874061712 -0.4159548554752387 0
0.256587831226642 -0.4173789157204634 0
0.2427588597285175 -0.3970505497254481 0
0.2410960578036205 -0.3949254775947735 0
0.2435497379748413 -0.3945718597905353 0
0.2401389126373674 -0.3925983345255776 0
0.2515493551364598 -0.4065120722195812 0
0.2457467096874578 -0.3985854241123752 0
0.2604928522482717 -0.4126384407604271 0
0.2601146700815828 -0.4103328920878345 0
0.2635956122207941 -0.4175063153437061 0
0.2620442322345329 -0.4150723780520665 0
0.1975571539450327 -0.321820829265531 0
0.1990643117414163 -0.3206507664063897 0
0.1969816439449055 -0.3243678126898663 0
0.1899118433813611 -0.3079340763802567 0
0.1921015995744739 -0.3083789462330505 0
0.1863941581856327 -0.3073245855361584 0
0.1883126131758441 -0.3057312530862181 0
0.1662409984675366 -0.2752358867611288 0
0.1629132815966822 -0.2748018052325641 0
0.1680953299145105 -0.2741155925259768 0
0.09133444506866474 -0.1663123743462702 0
0.09291687677302506 -0.1687492566378106 0
0.09061334286512171 -0.1635891749075434 0
0.06454554094121201 -0.1230405681021649 0
0.06839550833219776 -0.1296858313060336 0
0.1693148656362947 -0.2812673994624854 0
0.18234809873939 -0.3084202453137289 0
0.003410634885770233 -0.04060367963736954 0
0.2122503801030542 -0.3480359956491224 0
0.0028404168364694 -0.03230299837090091 0
0.2695750881283205 -0.4317864020950228 0
0.270481217965419 -0.4349931057999452 0
0.2713574967841527 -0.4333074408127886 0
0.2671598520044263 -0.4425770253601183 0
0.2688205349849226 -0.4387850655800317 0
0.2685873907206404 -0.4298499542063153 0
0.2647234889858268 -0.4204075598653735 0
0.2627159579204975 -0.4236027600905228 0
0.2657023128778538 -0.4189669102595184 0
0.287912584740651 -0.4545292254214605 0
0.2856195610948336 -0.4518366900793597 0
0.2892897194510641 -0.4563690528327496 0
0.2896231637141707 -0.4543984572508202 0
0.2765616770765745 -0.4504956990783779 0
0.2933104124104384 -0.4616688604998935 0
0.2899747668705172 -0.4608689339040459 0
0.2913000659307513 -0.4590189566663215 0
0.2917604311533903 -0.4683519491221043 0
0.2879316831062187 -0.4648155610784528 0
0.2952496176006501 -0.4624600771230649 0
0.2918525646713132 -0.4795639250247984 0
0.3042109448111142 -0.4825929427104115 0
0.294530185313238 -0.4692115995585796 0
0.1669686516289535 -0.2879602561936673 0
0.2703771466466202 -0.4440040942960855 0
2 2 0 4013
4117
4118
4119
4120
4121
4122
4123
4124
4125
4126
4127
4128
4129
4130
4131
4132
4133
4134
4135
4136
4137
4138
4139
4140
4141
4142
4143
4144
4145
4146
4147
4148
4149
4150
4151
4152
4153
4154
4155
4156
4157
4158
4159
4160
4161
4162
4163
4164
4165
4166
4167
4168
4169
4170
4171
4172
4173
4174
4175
4176
4177
4178
4179
4180
4181
4182
4183
4184
4185
4186
4187
4188
4189
4190
4191
4192
4193
4194
4195
4196
4197
4198
4199
4200
4201
4202
4203
4204
4205
4206
4207
4208
4209
4210
4211
4212
4213
4214
4215
4216
4217
4218
4219
4220
4221
4222
4223
4224
4225
4226
4227
4228
4229
4230
4231
4232
4233
4234
4235
4236
4237
4238
4239
4240
4241
4242
4243
4244
4245
4246
4247
4248
4249
4250
4251
4252
4253
4254
4255
4256
4257
4258
4259
4260
4261
4262
4263
4264
4265
4266
4267
4268
4269
4270
4271
4272
4273
4274
4275
4276
4277
4278
4279
4280
4281
4282
4283
4284
4285
4286
4287
4288
4289
4290
4291
4292
4293
4294
4295
4296
4297
4298
4299
4300
4301
4302
4303
4304
4305
4306
4307
4308
4309
4310
4311
4312
4313
4314
4315
4316
4317
4318
4319
4320
4321
4322
4323
4324
4325
4326
4327
4328
4329
4330
4331
4332
4333
4334
4335
4336
4337
4338
4339
4340
4341
4342
4343
4344
4345
4346
4347
4348
4349
4350
4351
4352
4353
4354
4355
4356
4357
4358
4359
4360
4361
4362
4363
4364
4365
4366
4367
4368
4369
4370
4371
4372
4373
4374
4375
4376
4377
4378
4379
4380
4381
4382
4383
4384
4385
4386
4387
4388
4389
4390
4391
4392
4393
4394
4395
4396
4397
4398
4399
4400
4401
4402
4403
4404
4405
4406
4407
4408
4409
4410
4411
4412
4413
4414
4415
4416
4417
4418
4419
4420
4421
4422
4423
4424
4425
4426
4427
4428
4429
4430
4431
4432
4433
4434
4435
4436
4437
4438
4439
4440
4441
4442
4443
4444
4445
4446
4447
4448
4449
4450
4451
4452
4453
4454
4455
4456
4457
4458
4459
4460
4461
4462
4463
4464
4465
4466
4467
4468
4469
4470
4471
4472
4473
4474
4475
4476
4477
4478
4479
4480
4481
4482
4483
4484
4485
4486
4487
4488
4489
4490
4491
4492
4493
4494
4495
4496
4497
4498
4499
4500
4501
4502
4503
4504
4505
4506
4507
4508
4509
4510
4511
4512
4513
4514
4515
4516
4517
4518
4519
4520
4521
4522
4523
4524
4525
4526
4527
4528
4529
4530
4531
4532
4533
4534
4535
4536
4537
4538
4539
4540
4541
4542
4543
4544
4545
4546
4547
4548
4549
4550
4551
4552
4553
4554
4555
4556
4557
4558
4559
4560
4561
4562
4563
4564
4565
4566
4567
4568
4569
4570
4571
4572
4573
4574
4575
4576
4577
4578
4579
4580
4581
4582
4583
4584
4585
4586
4587
4588
4589
4590
4591
4592
4593
4594
4595
4596
4597
4598
4599
4600
4601
4602
4603
4604
4605
4606
4607
4608
4609
4610
4611
4612
4613
4614
4615
4616
4617
4618
4619
4620
4621
4622
4623
4624
4625
4626
4627
4628
4629
4630
4631
4632
4633
4634
4635
4636
4637
4638
4639
4640
4641
4642
4643
4644
4645
4646
4647
4648
4649
4650
4651
4652
4653
4654
4655
4656
4657
4658
4659
4660
4661
4662
4663
4664
4665
4666
4667
4668
4669
4670
4671
4672
4673
4674
4675
4676
4677
4678
4679
4680
4681
4682
4683
4684
4685
4686
4687
4688
4689
4690
4691
4692
4693
4694
4695
4696
4697
4698
4699
4700
4701
4702
4703
4704
4705
4706
4707
4708
4709
4710
4711
4712
4713
4714
4715
4716
4717
4718
4719
4720
4721
4722
4723
4724
4725
4726
4727
4728
4729
4730
4731
4732
4733
4734
4735
4736
4737
4738
4739
4740
4741
4742
4743
4744
4745
4746
4747
4748
4749
4750
4751
4752
4753
4754
4755
4756
4757
4758
4759
4760
4761
4762
4763
4764
4765
4766
4767
4768
4769
4770
4771
4772
4773
4774
4775
4776
4777
4778
4779
4780
4781
4782
4783
4784
4785
4786
4787
4788
4789
4790
4791
4792
4793
4794
4795
4796
4797
4798
4799
4800
4801
4802
4803
4804
4805
4806
4807
4808
4809
4810
4811
4812
4813
4814
4815
4816
4817
4818
4819
4820
4821
4822
4823
4824
4825
4826
4827
4828
4829
4830
4831
4832
4833
4834
4835
4836
4837
4838
4839
4840
4841
4842
4843
4844
4845
4846
4847
4848
4849
4850
4851
4852
4853
4854
4855
4856
4857
4858
4859
4860
4861
4862
4863
4864
4865
4866
4867
4868
4869
4870
4871
4872
4873
4874
4875
4876
4877
4878
4879
4880
4881
4882
4883
4884
4885
4886
4887
4888
4889
4890
4891
4892
4893
4894
4895
4896
4897
4898
4899
4900
4901
4902
4903
4904
4905
4906
4907
4908
4909
4910
4911
4912
4913
4914
4915
4916
4917
4918
4919
4920
4921
4922
4923
4924
4925
4926
4927
4928
4929
4930
4931
4932
4933
4934
4935
4936
4937
4938
4939
4940
4941
4942
4943
4944
4945
4946
4947
4948
4949
4950
4951
4952
4953
4954
4955
4956
4957
4958
4959
4960
4961
4962
4963
4964
4965
4966
4967
4968
4969
4970
4971
4972
4973
4974
4975
4976
4977
4978
4979
4980
4981
4982
4983
4984
4985
4986
4987
4988
4989
4990
4991
4992
4993
4994
4995
4996
4997
4998
4999
5000
5001
5002
5003
5004
5005
5006
5007
5008
5009
5010
5011
5012
5013
5014
5015
5016
5017
5018
5019
5020
5021
5022
5023
5024
5025
5026
5027
5028
5029
5030
5031
5032
5033
5034
5035
5036
5037
5038
5039
5040
5041
5042
5043
5044
5045
5046
5047
5048
5049
5050
5051
5052
5053
5054
5055
5056
5057
5058
5059
5060
5061
5062
5063
5064
5065
5066
5067
5068
5069
5070
5071
5072
5073
5074
5075
5076
5077
5078
5079
5080
5081
5082
5083
5084
5085
5086
5087
5088
5089
5090
5091
5092
5093
5094
5095
5096
5097
5098
5099
5100
5101
5102
5103
5104
5105
5106
5107
5108
5109
5110
5111
5112
5113
5114
5115
5116
5117
5118
5119
5120
5121
5122
5123
5124
5125
5126
5127
5128
5129
5130
5131
5132
5133
5134
5135
5136
5137
5138
5139
5140
5141
5142
5143
5144
5145
5146
5147
5148
5149
5150
5151
5152
5153
5154
5155
5156
5157
5158
5159
5160
5161
5162
5163
5164
5165
5166
5167
5168
5169
5170
5171
5172
5173
5174
5175
5176
5177
5178
5179
5180
5181
5182
5183
5184
5185
5186
5187
5188
5189
5190
5191
5192
5193
5194
5195
5196
5197
5198
5199
5200
5201
5202
5203
5204
5205
5206
5207
5208
5209
5210
5211
5212
5213
5214
5215
5216
5217
5218
5219
5220
5221
5222
5223
5224
5225
5226
5227
5228
5229
5230
5231
5232
5233
5234
5235
5236
5237
5238
5239
5240
5241
5242
5243
5244
5245
5246
5247
5248
5249
5250
5251
5252
5253
5254
5255
5256
5257
5258
5259
5260
5261
5262
5263
5264
5265
5266
5267
5268
5269
5270
5271
5272
5273
5274
5275
5276
5277
5278
5279
5280
5281
5282
5283
5284
5285
5286
5287
5288
5289
5290
5291
5292
5293
5294
5295
5296
5297
5298
5299
5300
5301
5302
5303
5304
5305
5306
5307
5308
5309
5310
5311
5312
5313
5314
5315
5316
5317
5318
5319
5320
5321
5322
5323
5324
5325
5326
5327
5328
5329
5330
5331
5332
5333
5334
5335
5336
5337
5338
5339
5340
5341
5342
5343
5344
5345
5346
5347
5348
5349
5350
5351
5352
5353
5354
5355
5356
5357
5358
5359
5360
5361
5362
5363
5364
5365
5366
5367
5368
5369
5370
5371
5372
5373
5374
5375
5376
5377
5378
5379
5380
5381
5382
5383
5384
5385
5386
5387
5388
5389
5390
5391
5392
5393
5394
5395
5396
5397
5398
5399
5400
5401
5402
5403
5404
5405
5406
5407
5408
5409
5410
5411
5412
5413
5414
5415
5416
5417
5418
5419
5420
5421
5422
5423
5424
5425
5426
5427
5428
5429
5430
5431
5432
5433
5434
5435
5436
5437
5438
5439
5440
5441
5442
5443
5444
5445
5446
5447
5448
5449
5450
5451
5452
5453
5454
5455
5456
5457
5458
5459
5460
5461
5462
5463
5464
5465
5466
5467
5468
5469
5470
5471
5472
5473
5474
5475
5476
5477
5478
5479
5480
5481
5482
5483
5484
5485
5486
5487
5488
5489
5490
5491
5492
5493
5494
5495
5496
5497
5498
5499
5500
5501
5502
5503
5504
5505
5506
5507
5508
5509
5510
5511
5512
5513
5514
5515
5516
5517
5518
5519
5520
5521
5522
5523
5524
5525
5526
5527
5528
5529
5530
5531
5532
5533
5534
5535
5536
5537
5538
5539
5540
5541
5542
5543
5544
5545
5546
5547
5548
5549
5550
5551
5552
5553
5554
5555
5556
5557
5558
5559
5560
5561
5562
5563
5564
5565
5566
5567
5568
5569
5570
5571
5572
5573
5574
5575
5576
5577
5578
5579
5580
5581
5582
5583
5584
5585
5586
5587
5588
5589
5590
5591
5592
5593
5594
5595
5596
5597
5598
5599
5600
5601
5602
5603
5604
5605
5606
5607
5608
5609
5610
5611
5612
5613
5614
5615
5616
5617
5618
5619
5620
5621
5622
5623
5624
5625
5626
5627
5628
5629
5630
5631
5632
5633
5634
5635
5636
5637
5638
5639
5640
5641
5642
5643
5644
5645
5646
5647
5648
5649
5650
5651
5652
5653
5654
5655
5656
5657
5658
5659
5660
5661
5662
5663
5664
5665
5666
5667
5668
5669
5670
5671
5672
5673
5674
5675
5676
5677
5678
5679
5680
5681
5682
5683
5684
5685
5686
5687
5688
5689
5690
5691
5692
5693
5694
5695
5696
5697
5698
5699
5700
5701
5702
5703
5704
5705
5706
5707
5708
5709
5710
5711
5712
5713
5714
5715
5716
5717
5718
5719
5720
5721
5722
5723
5724
5725
5726
5727
5728
5729
5730
5731
5732
5733
5734
5735
5736
5737
5738
5739
5740
5741
5742
5743
5744
5745
5746
5747
5748
5749
5750
5751
5752
5753
5754
5755
5756
5757
5758
5759
5760
5761
5762
5763
5764
5765
5766
5767
5768
5769
5770
5771
5772
5773
5774
5775
5776
5777
5778
5779
5780
5781
5782
5783
5784
5785
5786
5787
5788
5789
5790
5791
5792
5793
5794
5795
5796
5797
5798
5799
5800
5801
5802
5803
5804
5805
5806
5807
5808
5809
5810
5811
5812
5813
5814
5815
5816
5817
5818
5819
5820
5821
5822
5823
5824
5825
5826
5827
5828
5829
5830
5831
5832
5833
5834
5835
5836
5837
5838
5839
5840
5841
5842
5843
5844
5845
5846
5847
5848
5849
5850
5851
5852
5853
5854
5855
5856
5857
5858
5859
5860
5861
5862
5863
5864
5865
5866
5867
5868
5869
5870
5871
5872
5873
5874
5875
5876
5877
5878
5879
5880
5881
5882
5883
5884
5885
5886
5887
5888
5889
5890
5891
5892
5893
5894
5895
5896
5897
5898
5899
5900
5901
5902
5903
5904
5905
5906
5907
5908
5909
5910
5911
5912
5913
5914
5915
5916
5917
5918
5919
5920
5921
5922
5923
5924
5925
5926
5927
5928
5929
5930
5931
5932
5933
5934
5935
5936
5937
5938
5939
5940
5941
5942
5943
5944
5945
5946
5947
5948
5949
5950
5951
5952
5953
5954
5955
5956
5957
5958
5959
5960
5961
5962
5963
5964
5965
5966
5967
5968
5969
5970
5971
5972
5973
5974
5975
5976
5977
5978
5979
5980
5981
5982
5983
5984
5985
5986
5987
5988
5989
5990
5991
5992
5993
5994
5995
5996
5997
5998
5999
6000
6001
6002
6003
6004
6005
6006
6007
6008
6009
6010
6011
6012
6013
6014
6015
6016
6017
6018
6019
6020
6021
6022
6023
6024
6025
6026
6027
6028
6029
6030
6031
6032
6033
6034
6035
6036
6037
6038
6039
6040
6041
6042
6043
6044
6045
6046
6047
6048
6049
6050
6051
6052
6053
6054
6055
6056
6057
6058
6059
6060
6061
6062
6063
6064
6065
6066
6067
6068
6069
6070
6071
6072
6073
6074
6075
6076
6077
6078
6079
6080
6081
6082
6083
6084
6085
6086
6087
6088
6089
6090
6091
6092
6093
6094
6095
6096
6097
6098
6099
6100
6101
6102
6103
6104
6105
6106
6107
6108
6109
6110
6111
6112
6113
6114
6115
6116
6117
6118
6119
6120
6121
6122
6123
6124
6125
6126
6127
6128
6129
6130
6131
6132
6133
6134
6135
6136
6137
6138
6139
6140
6141
6142
6143
6144
6145
6146
6147
6148
6149
6150
6151
6152
6153
6154
6155
6156
6157
6158
6159
6160
6161
6162
6163
6164
6165
6166
6167
6168
6169
6170
6171
6172
6173
6174
6175
6176
6177
6178
6179
6180
6181
6182
6183
6184
6185
6186
6187
6188
6189
6190
6191
6192
6193
6194
6195
6196
6197
6198
6199
6200
6201
6202
6203
6204
6205
6206
6207
6208
6209
6210
6211
6212
6213
6214
6215
6216
6217
6218
6219
6220
6221
6222
6223
6224
6225
6226
6227
6228
6229
6230
6231
6232
6233
6234
6235
6236
6237
6238
6239
6240
6241
6242
6243
6244
6245
6246
6247
6248
6249
6250
6251
6252
6253
6254
6255
6256
6257
6258
6259
6260
6261
6262
6263
6264
6265
6266
6267
6268
6269
6270
6271
6272
6273
6274
6275
6276
6277
6278
6279
6280
6281
6282
6283
6284
6285
6286
6287
6288
6289
6290
6291
6292
6293
6294
6295
6296
6297
6298
6299
6300
6301
6302
6303
6304
6305
6306
6307
6308
6309
6310
6311
6312
6313
6314
6315
6316
6317
6318
6319
6320
6321
6322
6323
6324
6325
6326
6327
6328
6329
6330
6331
6332
6333
6334
6335
6336
6337
6338
6339
6340
6341
6342
6343
6344
6345
6346
6347
6348
6349
6350
6351
6352
6353
6354
6355
6356
6357
6358
6359
6360
6361
6362
6363
6364
6365
6366
6367
6368
6369
6370
6371
6372
6373
6374
6375
6376
6377
6378
6379
6380
6381
6382
6383
6384
6385
6386
6387
6388
6389
6390
6391
6392
6393
6394
6395
6396
6397
6398
6399
6400
6401
6402
6403
6404
6405
6406
6407
6408
6409
6410
6411
6412
6413
6414
6415
6416
6417
6418
6419
6420
6421
6422
6423
6424
6425
6426
6427
6428
6429
6430
6431
6432
6433
6434
6435
6436
6437
6438
6439
6440
6441
6442
6443
6444
6445
6446
6447
6448
6449
6450
6451
6452
6453
6454
6455
6456
6457
6458
6459
6460
6461
6462
6463
6464
6465
6466
6467
6468
6469
6470
6471
6472
6473
6474
6475
6476
6477
6478
6479
6480
6481
6482
6483
6484
6485
6486
6487
6488
6489
6490
6491
6492
6493
6494
6495
6496
6497
6498
6499
6500
6501
6502
6503
6504
6505
6506
6507
6508
6509
6510
6511
6512
6513
6514
6515
6516
6517
6518
6519
6520
6521
6522
6523
6524
6525
6526
6527
6528
6529
6530
6531
6532
6533
6534
6535
6536
6537
6538
6539
6540
6541
6542
6543
6544
6545
6546
6547
6548
6549
6550
6551
6552
6553
6554
6555
6556
6557
6558
6559
6560
6561
6562
6563
6564
6565
6566
6567
6568
6569
6570
6571
6572
6573
6574
6575
6576
6577
6578
6579
6580
6581
6582
6583
6584
6585
6586
6587
6588
6589
6590
6591
6592
6593
6594
6595
6596
6597
6598
6599
6600
6601
6602
6603
6604
6605
6606
6607
6608
6609
6610
6611
6612
6613
6614
6615
6616
6617
6618
6619
6620
6621
6622
6623
6624
6625
6626
6627
6628
6629
6630
6631
6632
6633
6634
6635
6636
6637
6638
6639
6640
6641
6642
6643
6644
6645
6646
6647
6648
6649
6650
6651
6652
6653
6654
6655
6656
6657
6658
6659
6660
6661
6662
6663
6664
6665
6666
6667
6668
6669
6670
6671
6672
6673
6674
6675
6676
6677
6678
6679
6680
6681
6682
6683
6684
6685
6686
6687
6688
6689
6690
6691
6692
6693
6694
6695
6696
6697
6698
6699
6700
6701
6702
6703
6704
6705
6706
6707
6708
6709
6710
6711
6712
6713
6714
6715
6716
6717
6718
6719
6720
6721
6722
6723
6724
6725
6726
6727
6728
6729
6730
6731
6732
6733
6734
6735
6736
6737
6738
6739
6740
6741
6742
6743
6744
6745
6746
6747
6748
6749
6750
6751
6752
6753
6754
6755
6756
6757
6758
6759
6760
6761
6762
6763
6764
6765
6766
6767
6768
6769
6770
6771
6772
6773
6774
6775
6776
6777
6778
6779
6780
6781
6782
6783
6784
6785
6786
6787
6788
6789
6790
6791
6792
6793
6794
6795
6796
6797
6798
6799
6800
6801
6802
6803
6804
6805
6806
6807
6808
6809
6810
6811
6812
6813
6814
6815
6816
6817
6818
6819
6820
6821
6822
6823
6824
6825
6826
6827
6828
6829
6830
6831
6832
6833
6834
6835
6836
6837
6838
6839
6840
6841
6842
6843
6844
6845
6846
6847
6848
6849
6850
6851
6852
6853
6854
6855
6856
6857
6858
6859
6860
6861
6862
6863
6864
6865
6866
6867
6868
6869
6870
6871
6872
6873
6874
6875
6876
6877
6878
6879
6880
6881
6882
6883
6884
6885
6886
6887
6888
6889
6890
6891
6892
6893
6894
6895
6896
6897
6898
6899
6900
6901
6902
6903
6904
6905
6906
6907
6908
6909
6910
6911
6912
6913
6914
6915
6916
6917
6918
6919
6920
6921
6922
6923
6924
6925
6926
6927
6928
6929
6930
6931
6932
6933
6934
6935
6936
6937
6938
6939
6940
6941
6942
6943
6944
6945
6946
6947
6948
6949
6950
6951
6952
6953
6954
6955
6956
6957
6958
6959
6960
6961
6962
6963
6964
6965
6966
6967
6968
6969
6970
6971
6972
6973
6974
6975
6976
6977
6978
6979
6980
6981
6982
6983
6984
6985
6986
6987
6988
6989
6990
6991
6992
6993
6994
6995
6996
6997
6998
6999
7000
7001
7002
7003
7004
7005
7006
7007
7008
7009
7010
7011
7012
7013
7014
7015
7016
7017
7018
7019
7020
7021
7022
7023
7024
7025
7026
7027
7028
7029
7030
7031
7032
7033
7034
7035
7036
7037
7038
7039
7040
7041
7042
7043
7044
7045
7046
7047
7048
7049
7050
7051
7052
7053
7054
7055
7056
7057
7058
7059
7060
7061
7062
7063
7064
7065
7066
7067
7068
7069
7070
7071
7072
7073
7074
7075
7076
7077
7078
7079
7080
7081
7082
7083
7084
7085
7086
7087
7088
7089
7090
7091
7092
7093
7094
7095
7096
7097
7098
7099
7100
7101
7102
7103
7104
7105
7106
7107
7108
7109
7110
7111
7112
7113
7114
7115
7116
7117
7118
7119
7120
7121
7122
7123
7124
7125
7126
7127
7128
7129
7130
7131
7132
7133
7134
7135
7136
7137
7138
7139
7140
7141
7142
7143
7144
7145
7146
7147
7148
7149
7150
7151
7152
7153
7154
7155
7156
7157
7158
7159
7160
7161
7162
7163
7164
7165
7166
7167
7168
7169
7170
7171
7172
7173
7174
7175
7176
7177
7178
7179
7180
7181
7182
7183
7184
7185
7186
7187
7188
7189
7190
7191
7192
7193
7194
7195
7196
7197
7198
7199
7200
7201
7202
7203
7204
7205
7206
7207
7208
7209
7210
7211
7212
7213
7214
7215
7216
7217
7218
7219
7220
7221
7222
7223
7224
7225
7226
7227
7228
7229
7230
7231
7232
7233
7234
7235
7236
7237
7238
7239
7240
7241
7242
7243
7244
7245
7246
7247
7248
7249
7250
7251
7252
7253
7254
7255
7256
7257
7258
7259
7260
7261
7262
7263
7264
7265
7266
7267
7268
7269
7270
7271
7272
7273
7274
7275
7276
7277
7278
7279
7280
7281
7282
7283
7284
7285
7286
7287
7288
7289
7290
7291
7292
7293
7294
7295
7296
7297
7298
7299
7300
7301
7302
7303
7304
7305
7306
7307
7308
7309
7310
7311
7312
7313
7314
7315
7316
7317
7318
7319
7320
7321
7322
7323
7324
7325
7326
7327
7328
7329
7330
7331
7332
7333
7334
7335
7336
7337
7338
7339
7340
7341
7342
7343
7344
7345
7346
7347
7348
7349
7350
7351
7352
7353
7354
7355
7356
7357
7358
7359
7360
7361
7362
7363
7364
7365
7366
7367
7368
7369
7370
7371
7372
7373
7374
7375
7376
7377
7378
7379
7380
7381
7382
7383
7384
7385
7386
7387
7388
7389
7390
7391
7392
7393
7394
7395
7396
7397
7398
7399
7400
7401
7402
7403
7404
7405
7406
7407
7408
7409
7410
7411
7412
7413
7414
7415
7416
7417
7418
7419
7420
7421
7422
7423
7424
7425
7426
7427
7428
7429
7430
7431
7432
7433
7434
7435
7436
7437
7438
7439
7440
7441
7442
7443
7444
7445
7446
7447
7448
7449
7450
7451
7452
7453
7454
7455
7456
7457
7458
7459
7460
7461
7462
7463
7464
7465
7466
7467
7468
7469
7470
7471
7472
7473
7474
7475
7476
7477
7478
7479
7480
7481
7482
7483
7484
7485
7486
7487
7488
7489
7490
7491
7492
7493
7494
7495
7496
7497
7498
7499
7500
7501
7502
7503
7504
7505
7506
7507
7508
7509
7510
7511
7512
7513
7514
7515
7516
7517
7518
7519
7520
7521
7522
7523
7524
7525
7526
7527
7528
7529
7530
7531
7532
7533
7534
7535
7536
7537
7538
7539
7540
7541
7542
7543
7544
7545
7546
7547
7548
7549
7550
7551
7552
7553
7554
7555
7556
7557
7558
7559
7560
7561
7562
7563
7564
7565
7566
7567
7568
7569
7570
7571
7572
7573
7574
7575
7576
7577
7578
7579
7580
7581
7582
7583
7584
7585
7586
7587
7588
7589
7590
7591
7592
7593
7594
7595
7596
7597
7598
7599
7600
7601
7602
7603
7604
7605
7606
7607
7608
7609
7610
7611
7612
7613
7614
7615
7616
7617
7618
7619
7620
7621
7622
7623
7624
7625
7626
7627
7628
7629
7630
7631
7632
7633
7634
7635
7636
7637
7638
7639
7640
7641
7642
7643
7644
7645
7646
7647
7648
7649
7650
7651
7652
7653
7654
7655
7656
7657
7658
7659
7660
7661
7662
7663
7664
7665
7666
7667
7668
7669
7670
7671
7672
7673
7674
7675
7676
7677
7678
7679
7680
7681
7682
7683
7684
7685
7686
7687
7688
7689
7690
7691
7692
7693
7694
7695
7696
7697
7698
7699
7700
7701
7702
7703
7704
7705
7706
7707
7708
7709
7710
7711
7712
7713
7714
7715
7716
7717
7718
7719
7720
7721
7722
7723
7724
7725
7726
7727
7728
7729
7730
7731
7732
7733
7734
7735
7736
7737
7738
7739
7740
7741
7742
7743
7744
7745
7746
7747
7748
7749
7750
7751
7752
7753
7754
7755
7756
7757
7758
7759
7760
7761
7762
7763
7764
7765
7766
7767
7768
7769
7770
7771
7772
7773
7774
7775
7776
7777
7778
7779
7780
7781
7782
7783
7784
7785
7786
7787
7788
7789
7790
7791
7792
7793
7794
7795
7796
7797
7798
7799
7800
7801
7802
7803
7804
7805
7806
7807
7808
7809
7810
7811
7812
7813
7814
7815
7816
7817
7818
7819
7820
7821
7822
7823
7824
7825
7826
7827
7828
7829
7830
7831
7832
7833
7834
7835
7836
7837
7838
7839
7840
7841
7842
7843
7844
7845
7846
7847
7848
7849
7850
7851
7852
7853
7854
7855
7856
7857
7858
7859
7860
7861
7862
7863
7864
7865
7866
7867
7868
7869
7870
7871
7872
7873
7874
7875
7876
7877
7878
7879
7880
7881
7882
7883
7884
7885
7886
7887
7888
7889
7890
7891
7892
7893
7894
7895
7896
7897
7898
7899
7900
7901
7902
7903
7904
7905
7906
7907
7908
7909
7910
7911
7912
7913
7914
7915
7916
7917
7918
7919
7920
7921
7922
7923
7924
7925
7926
7927
7928
7929
7930
7931
7932
7933
7934
7935
7936
7937
7938
7939
7940
7941
7942
7943
7944
7945
7946
7947
7948
7949
7950
7951
7952
7953
7954
7955
7956
7957
7958
7959
7960
7961
7962
7963
7964
7965
7966
7967
7968
7969
7970
7971
7972
7973
7974
7975
7976
7977
7978
7979
7980
7981
7982
7983
7984
7985
7986
7987
7988
7989
7990
7991
7992
7993
7994
7995
7996
7997
7998
7999
8000
8001
8002
8003
8004
8005
8006
8007
8008
8009
8010
8011
8012
8013
8014
8015
8016
8017
8018
8019
8020
8021
8022
8023
8024
8025
8026
8027
8028
8029
8030
8031
8032
8033
8034
8035
8036
8037
8038
8039
8040
8041
8042
8043
8044
8045
8046
8047
8048
8049
8050
8051
8052
8053
8054
8055
8056
8057
8058
8059
8060
8061
8062
8063
8064
8065
8066
8067
8068
8069
8070
8071
8072
8073
8074
8075
8076
8077
8078
8079
8080
8081
8082
8083
8084
8085
8086
8087
8088
8089
8090
8091
8092
8093
8094
8095
8096
8097
8098
8099
8100
8101
8102
8103
8104
8105
8106
8107
8108
8109
8110
8111
8112
8113
8114
8115
8116
8117
8118
8119
8120
8121
8122
8123
8124
8125
8126
8127
8128
8129
0.3110918688104058 -0.4601588439001221 0
0.2956178652590681 -0.4371033717769507 0
0.2802329848592774 -0.4140440773854543 0
0.2647859328354482 -0.3910620372280117 0
0.2493804772202806 -0.3679030169968351 0
0.2318548748233482 -0.3416427278892702 0
0.214384449532537 -0.3147731934504618 0
0.1966591388716473 -0.2886524259722505 0
0.1790648833640338 -0.2620642682222653 0
0.1590813377498372 -0.2323797388437639 0
0.1386209588931862 -0.2017157070261116 0
0.1190515653194885 -0.1723041847318391 0
0.09912363300230415 -0.1425020866019398 0
0.07984367061041749 -0.113246255112824 0
0.05770318286975615 -0.0804083714696685 0
0.0355835007763821 -0.04691586734279429 0
0.01804451254298956 -0.02076348066689512 0
0.3195124827812497 -0.473227903746856 0
0.3284110018987637 -0.4860223910435152 0
0.3887292696632424 -0.477785290050436 0
0.3022446745016824 -0.4470298767502246 0
0.4160255304466933 0.2027553083931192 0
-0.07632663211466746 0.01945933336299019 0
-0.01529100712706879 0.00355131281967209 0
-0.02534577272076849 0.002175826780280923 0
0.3239609868263767 -0.4794426557511935 0
0.3327629375159408 -0.493005834179576 0
0.3153250015450108 -0.4667512372911545 0
0.3066428584014159 -0.4536007385535973 0
0.3857531093729804 -0.07758876727324832 0
0.1523103985058182 0.3770122297294962 0
-0.1804450646344163 0.09795743399747006 0
0.3869367465669596 -0.3062926645181612 0
0.3386302301649972 -0.4961986787663097 0
-0.2956547494991769 0.394219577646274 0
-0.3898616978603364 0.2202940773121654 0
0.3669354940043564 -0.480253448492315 0
0.3786868926424499 -0.4555909479900678 0
0.4375857843870284 -0.4749597279171388 0
0.3514688006950945 -0.4623390388846066 0
0.3705785584304374 -0.4382218703794175 0
0.3445791076817563 -0.4353468393299969 0
0.3582925939388358 -0.4059889652205832 0
0.3858817502805892 -0.4220925499577069 0
0.327450086658561 -0.4170803139811602 0
0.3192764740161966 -0.4280188334514669 0
0.2889433624058376 -0.4271945038595503 0
0.2846002295061228 -0.4206792200700043 0
0.3132316609869494 -0.4104590621280446 0
0.3128129190058955 -0.3952882176704674 0
0.2959025816439973 -0.3958032711937996 0
0.3080693436244221 -0.3781783826074983 0
0.2712662015537378 -0.4007840017674356 0
0.2918477781378902 -0.3812117679884456 0
0.2981612941470073 -0.3620940607666666 0
0.2406916395461411 -0.3548471635747668 0
0.236288017725741 -0.3482219151842061 0
0.2560615736442349 -0.377907387098157 0
0.2604379699355921 -0.3845204436026338 0
0.2836617568637231 -0.3493512791860489 0
0.2658014063286295 -0.3405183164725343 0
0.274893546818713 -0.3227257996542446 0
0.2232514566792368 -0.3286516582632021 0
0.2557728251689315 -0.3194996418566645 0
0.2550324242732045 -0.301953256922198 0
0.2053062043152084 -0.3017322125576723 0
0.2096846008953588 -0.3082424136309462 0
0.2760358278803356 -0.301222819800895 0
0.2662382600704687 -0.2782357318142593 0
0.2968751128466918 -0.3325971113691821 0
0.2469195819511223 -0.2864535247669202 0
0.2437281381189188 -0.2568230210668027 0
0.1879231912552269 -0.2756734468090938 0
0.1835658470552058 -0.2688864240971028 0
0.2714837879897042 -0.2385168517972325 0
0.2512964957314672 -0.2168886182855429 0
0.2224827712137951 -0.2314250840358218 0
0.2386431294694275 -0.202624421591813 0
0.1678210279104788 -0.2455529206506105 0
0.1722644015018999 -0.2521521540853698 0
0.1634250616017156 -0.2389748302520563 0
0.2218235892077257 -0.2055775659585332 0
0.2196440777879766 -0.1833497166947685 0
0.1487977324877876 -0.2151090806085265 0
0.1525624869823722 -0.2225202144999491 0
0.2447459331763897 -0.1843791336022322 0
0.2128682313652272 -0.153652512380785 0
0.2987099165053103 -0.2183320920569923 0
0.1945547992743332 -0.1696353336593714 0
0.1801833835865273 -0.1432337856999954 0
0.1277392164101002 -0.1854240879396541 0
0.1320445062642189 -0.1919355725006358 0
0.2176412559804644 -0.1248352404564068 0
0.1893481746810807 -0.1089235373121746 0
0.2182033499141406 -0.08186743610391754 0
0.1896545469109742 -0.05824732171741338 0
0.247500822528439 -0.05795303344753043 0
0.2151633950537584 -0.03185516402740218 0
0.1614837412392564 -0.03903936576455849 0
0.1798070571772763 -0.008400943969885225 0
0.06873182398645258 -0.09682830257593009 0
0.06432053117736498 -0.0902436636528121 0
0.07322856444713452 -0.1034525420858047 0
0.2037761253382959 0.02609063609247955 0
0.1564002516509085 0.05929836641055262 0
0.004744286219816478 -0.001172646481680507 0
0.1289082533152773 -0.02815316848847229 0
0.0467076055290338 -0.06381130998556696 0
0.04224151040335084 -0.05706209765205653 0
0.05109634894877171 -0.07051732354059724 0
0.1920903215233125 0.08263696863198119 0
0.1320221819587226 -0.05271401569103348 0
0.0889450969545772 -0.1278169630928359 0
0.09255233703794877 -0.1327728764926127 0
0.08598500570587785 -0.1228484438650604 0
0.09321014201556191 -0.033384281291434 0
0.1002609503665643 -0.01058803055833807 0
0.1570018759569587 -0.1137943740972732 0
0.1101430558937878 -0.1589886159384781 0
0.1056961052893286 -0.152383466298611 0
0.1867061211280384 0.12490564718961 0
0.07504463133711212 -0.02680464825569323 0
0.07203488649984109 -0.004109410554279994 0
0.02670725384167203 -0.033814705564603 0
0.03106162491208053 -0.04031810870958456 0
0.09953512536900452 -0.05906405989299036 0
0.2277424026508253 0.06334057799544589 0
0.05646110608970056 -0.01390183089606289 0
0.05190039212283131 0.005071969149386998 0
0.07507827813850831 0.02442669897605113 0
0.05062524489802629 0.02355916629031177 0
0.05851721212913846 -0.03679985205897356 0
0.3296486293486808 -0.3750598787840632 0
0.0472095949109558 -0.007027385489047574 0
0.01131391757592078 -0.01073427247175368 0
0.2012767405454616 -0.2377470323984429 0
0.07069717205689095 0.05542682152967175 0
0.04165605670645715 0.04960475516787 0
0.04766276638927971 -0.02567466048101251 0
0.1312227099836798 0.1188759179943004 0
0.1758510641998511 0.1944216503234452 0
0.2516985749520632 -0.112169464078991 0
0.06393716859861234 0.08203296940456291 0
0.02782833271228569 0.0905128058478854 0
0.1480010101949586 -0.06162753833918209 0
0.3302066759016493 -0.4498215336452044 0
0.3240199040063081 -0.2414487189292994 0
0.3278016322723598 -0.1928093068943339 0
0.3464828490759597 -0.4759646492367978 0
0.01691392647609236 0.03416023203407004 0
0.265766734808668 0.371301336045861 0
0.1346326307079186 -0.07631883665989861 0
0.07124164796488379 -0.04456444861666779 0
0.05934442797064028 -0.05161688517964916 0
0.0744967607564852 -0.05976819213902781 0
0.06424519904819602 -0.05888705610908161 0
0.07197186941449667 -0.06918613049932661 0
0.05223848478218555 -0.05200708030107563 0
0.2885949197513007 -0.1664063777185541 0
-0.0996565250189532 0.09815383670990148 0
-0.1811453476599257 0.1873743111673656 0
-0.07645537686889797 0.1814594737221258 0
0.3114125687777141 -0.3023885913080444 0
0.06420503735858328 -0.07166751368472463 0
0.3607991954213429 -0.3733492099994168 0
0.2612791456910702 -0.3551290570355753 0
0.2449925338089473 -0.3613467314058678 0
0.2537498275586271 -0.3436110592418546 0
0.2530118299899866 -0.3511249561614844 0
0.2726366646462584 -0.3620919033048773 0
0.2594852947660384 -0.3624331765773731 0
0.3773465107570521 0.04867329463405098 0
0.1425851030041153 0.01012058268754515 0
0.3207682058612751 0.1185362186043554 0
0.2826891120616996 -0.3922669772381371 0
0.2788365888851568 -0.3827960094651616 0
0.2760058461457888 -0.3897553466835085 0
0.2903248975889053 -0.4029916712832202 0
0.275698478138275 -0.4073512638697043 0
0.2843573514532227 -0.3999713482233993 0
0.3055300225757824 -0.4250202268553546 0
-0.1644420748909395 0.379540833472025 0
0.4148960672283822 -0.4755215547430886 0
0.0524143014218728 0.1355747697242137 0
0.09007287310384003 0.1907599941840005 0
0.1478583264238416 -0.09327441799497765 0
0.1306109069213758 -0.1015092306026165 0
0.1096883054733194 -0.09470826085070952 0
0.1067487481755856 -0.1104159417209559 0
-0.2790788155664567 0.100812249228056 0
0.33463661997056 -0.004443857213986043 0
0.01411443945784771 0.1574556959113096 0
0.007261389338652785 0.2098537584884133 0
0.4158694421186279 0.2731051734075154 0
0.338588564527558 0.2768716534251197 0
0.1646732445388092 -0.1531893146781926 0
0.1403448788732921 -0.133237508281652 0
0.1616992593261763 -0.1792407319304467 0
0.3568846785126456 -0.1516757579147521 0
0.3621284173492231 -0.2372007707383852 0
-0.04271373888973044 0.08619277327857544 0
0.1941518861427013 -0.1898319133818407 0
0.1897080358516823 -0.2166543500542508 0
0.08732952672955183 -0.04931025777049079 0
0.2197825452454469 -0.258111790902879 0
0.2248737744889716 -0.2835786586266016 0
0.1049004265954094 0.05878463876416052 0
0.2401548522789684 -0.3014220339257926 0
0.2375977422654217 -0.3181427268957393 0
0.1373192487245614 -0.1176252374592587 0
0.1274420943321192 -0.1355692251384145 0
0.1394625677871632 -0.1469420655293452 0
0.1184162778701965 -0.1400444657598456 0
0.1532652191244899 -0.1497396876681008 0
0.1344186268578828 -0.1589012949581194 0
0.1273494947333431 -0.153450194507469 0
0.1146281724551077 -0.1656958415459568 0
0.1270325997863103 -0.1651129079747158 0
0.1477776060079883 -0.1650230217187807 0
0.1383389950100961 -0.172100353001799 0
0.123430872787174 -0.1788830018355529 0
0.1492771101607349 -0.1795040922999656 0
0.1584095794046516 -0.1904955760841635 0
0.1510358006187595 -0.1883136000851212 0
0.1571673757387004 -0.1993396463097344 0
0.1431414234586115 -0.2083136273628146 0
0.1677372856151241 -0.1982283031868869 0
0.1647532094931026 -0.2089821083533337 0
0.1543298428943133 -0.2101381528123614 0
0.1614287245475998 -0.214538060920248 0
-0.3906449592830029 0.3253762249927911 0
0.3349106322086834 -0.4964924568222723 0
0.3364411065460668 -0.4924188694077952 0
0.3343108557775089 -0.4886979113186672 0
0.3399580385969878 -0.491544267978995 0
0.3433900425143396 -0.489887873664487 0
0.3379707316163181 -0.4876991777448386 0
0.3409453862213483 -0.4869355607414917 0
0.3472925670079752 -0.4866085851418847 0
0.3322425003512708 -0.4850197262243966 0
0.3362512482431591 -0.4838654750883696 0
0.3301024799556515 -0.4814020234931143 0
0.3343732782618187 -0.4799259173032441 0
0.3416702618386183 -0.4824499389888072 0
0.3382288278725336 -0.4787211655287892 0
0.3387450483066279 -0.4742161754631788 0
0.3262023693249145 -0.4826139378869189 0
0.3277133522947571 -0.4781975274112318 0
0.3253982401893306 -0.4760382649684041 0
0.3277825565476921 -0.4744210440737225 0
0.3267989158980493 -0.4721018241347584 0
0.3313739215160998 -0.4715038311899828 0
0.3361841535403529 -0.4671282171113501 0
-0.1741041849761748 0.2784192618004997 0
0.2911620484038514 -0.4304410258120441 0
0.2926319268512385 -0.4264886239204507 0
0.2904788555170131 -0.4233872949845421 0
0.2939123612701187 -0.4226405286567246 0
0.2921865800346503 -0.4198615627528133 0
0.2963767940186615 -0.4198227536130606 0
0.2959160493036713 -0.4252652040313994 0
0.2949766427328914 -0.4296040490857335 0
0.2984822165874578 -0.428034550347263 0
0.3012912177117089 -0.425654321673861 0
0.2987440752414675 -0.423438439880331 0
0.2669318798739042 -0.3943010289944794 0
0.2684740590842953 -0.390550179238114 0
0.2663600524586364 -0.3873410036099897 0
0.2705213717515331 -0.3936964040317884 0
0.270004994886365 -0.3867929263456718 0
0.2679285177632332 -0.3836706946813032 0
0.2978281507380636 -0.4404262107020749 0
0.2996380698360519 -0.4365394854908918 0
0.3018273627911242 -0.4399523878426015 0
0.30367540656854 -0.4358352127610694 0
0.2934041011828393 -0.4337109444497519 0
0.286736290639436 -0.42390669723736 0
0.2516014334505574 -0.3712070489167717 0
0.252952507899728 -0.3670102320272587 0
0.2552848767282133 -0.3703468658131923 0
0.2506837927073801 -0.3637452236003202 0
0.2563120551566044 -0.3653799394515028 0
0.259050693504467 -0.3687797619241026 0
0.263637603703591 -0.3660775143566954 0
0.2690681791654882 -0.3975157426125165 0
0.2625930233831109 -0.3877749833846026 0
0.2734493732758446 -0.4040234415566181 0
0.2747611652295772 -0.3999657531814315 0
0.2428345185396056 -0.3580862931172181 0
0.2444623288635681 -0.354257873158983 0
0.2423070907175935 -0.350998948585139 0
0.2461842334947351 -0.3506872833449318 0
0.2437334750761749 -0.3464839845435935 0
0.2538282892638806 -0.3745250176834745 0
0.2211287523320597 -0.3252932867888078 0
0.2251890719367885 -0.3249245273045453 0
0.2275795360702782 -0.3352295521048208 0
0.2233256448647281 -0.3213166936927819 0
0.2271634047894919 -0.3283185340056718 0
0.2275270162944941 -0.3209389794516301 0
0.2266570484523446 -0.3175316080634309 0
0.2216236502743271 -0.3168510350424913 0
0.2232508447966439 -0.3138500369268945 0
0.2308666537004965 -0.3176077731731561 0
0.2292872466874067 -0.3244157494543943 0
0.2312222272562226 -0.3282041310190332 0
0.2307626475215838 -0.3204252859619239 0
0.2296997896694062 -0.3384272697262677 0
0.2333824569624081 -0.3378295781239762 0
0.2353674635031598 -0.3408251279103382 0
0.2361306118412649 -0.3371262718289734 0
0.238382062369677 -0.3391226358988713 0
0.2409759133458269 -0.3355443362953451 0
0.2450560307500307 -0.3397341753739085 0
0.2340381438240117 -0.3448696453072896 0
0.2190729259753562 -0.3217723295508415 0
0.2471334135381902 -0.3645488750272723 0
0.2779616207380866 -0.4106748782867304 0
0.2817240539238758 -0.40990871804538 0
0.284209481898507 -0.4133826839360608 0
0.2850419859647155 -0.4085652331056567 0
0.2888641420703396 -0.4122061697730139 0
0.2901250485994431 -0.4089484642625929 0
0.2825564696439438 -0.4053049995289699 0
0.2792611119550507 -0.4064626183863902 0
0.2802911331281904 -0.4019564355165925 0
0.225419890316163 -0.3319539420264713 0
0.2582523966399262 -0.381220580385468 0
0.2599306125136648 -0.3773769709790528 0
0.2384871303296652 -0.3515155723286908 0
0.2824389955884768 -0.4173579789185415 0
0.3000486050021294 -0.4437167636006814 0
0.3305678488715583 -0.4894667719774358 0
0.3173968418142591 -0.4699945807892774 0
0.3193628224594892 -0.466356197303901 0
0.02454043855300245 -0.03057096596381639 0
0.0272189650572022 -0.0283582897719071 0
0.02510256890749466 -0.02521133321314001 0
0.02998489674800704 -0.02623683420976009 0
0.02934327372790003 -0.03152659691613736 0
0.0333201412935588 -0.04358142994719383 0
0.03355655987093203 -0.03778124716526638 0
0.04002642085602191 -0.05369112116637384 0
0.04298872482899527 -0.05161181180010609 0
0.04086541293800131 -0.04799573947206044 0
0.04519884158872894 -0.05509621687123194 0
0.04634448236491487 -0.04980521591326832 0
0.04444508206524395 -0.04606739368668825 0
0.04839583501706361 -0.05336018839687941 0
0.05011925272022315 -0.04787987968924325 0
0.04765621234309945 -0.04506414235890631 0
0.0486263244561403 -0.04130361341161535 0
0.03786854997283333 -0.05030647698211882 0
0.02238699235240661 -0.02734602203729386 0
0.02305203408420074 -0.02199395936639846 0
0.02887440852873395 -0.03706643458835186 0
0.01356762600402406 -0.0140588243119325 0
0.01385767664871957 -0.008203676511438855 0
0.009092241586966761 -0.007488248724118258 0
0.1547240344247171 -0.225771959592182 0
0.1556792831478235 -0.2208251097699183 0
0.1579318502422856 -0.2240630198428601 0
0.1534995501790125 -0.217762627856511 0
0.1611097024917684 -0.2216648006058667 0
0.1633896963342537 -0.2253913888074125 0
0.01583040912499966 -0.01742229174298683 0
0.0186340334174299 -0.01514900756666112 0
0.04449923000197195 -0.06045899985892957 0
0.1363885886076691 -0.1984134560662147 0
0.1411091097952075 -0.1990885216969246 0
0.1388152197319076 -0.195852623079081 0
0.143459376359344 -0.2024061170905033 0
0.1434885904015663 -0.1959068135460247 0
0.1409912390478885 -0.1929836902231186 0
0.1456505724255128 -0.1921246222219699 0
0.1427536940488531 -0.1897820603736605 0
0.138899425638515 -0.1901835495987063 0
0.1406488099170853 -0.1882935118312875 0
0.1446631989531718 -0.1859337766748199 0
0.1369613814908294 -0.1871893424423448 0
0.1400439189670051 -0.1843377632532038 0
0.1349539800372584 -0.1841441812142108 0
0.1361146573422025 -0.1792950802133157 0
0.1345510225112711 -0.1896124973434286 0
0.1568807168825205 -0.2290105895971346 0
0.1408427468057268 -0.2049418763646055 0
0.1612218118898114 -0.2356437134376484 0
0.164307482708851 -0.2341215543898571 0
0.1455736081361924 -0.2115644840928825 0
0.1481413392752254 -0.2091241492520698 0
0.1034761040635553 -0.1490712007250021 0
0.1080888043635773 -0.1497913326441665 0
0.1058491829444995 -0.1465187215131491 0
0.1103624732806703 -0.1530782751218271 0
0.1127247675730609 -0.1500295966622292 0
0.1152550132976995 -0.1536209210462222 0
0.1180961932556284 -0.1503025229196069 0
0.1208306281882086 -0.1543090151824174 0
0.1179014547886085 -0.1572623250400142 0
0.1102704158745296 -0.1467061549377606 0
0.1079477711443418 -0.1436897523039605 0
0.1153036294032728 -0.14624946971372 0
0.122233249552353 -0.1472071996224322 0
0.1290352527698144 -0.1458919835569896 0
0.1146836778286807 -0.131844291624981 0
0.1012676509481585 -0.1457465386343358 0
0.09692147205156873 -0.1391879692456703 0
0.1015528805377087 -0.1399553094134081 0
0.09934237621219859 -0.1366303990278973 0
0.1039043463163641 -0.1371548425174587 0
0.1123797618824575 -0.1623172046734156 0
0.11743008539858 -0.1634084995142235 0
0.1196807364520051 -0.1667778128162259 0
0.1227280158995205 -0.1643700101936417 0
0.08411774279368117 -0.1197202866820934 0
0.08736513156609278 -0.1178625698652217 0
0.1168466675925331 -0.1689677440296094 0
0.10787598858143 -0.1556065878764181 0
0.06212558065184106 -0.08697150429853595 0
0.06507726759066333 -0.08517220462495556 0
0.06286646033577062 -0.08191284316570374 0
0.0672908398293053 -0.08841223734626842 0
0.06797953850016826 -0.08338686155260151 0
0.06653149954320715 -0.0935391276687462 0
0.05328749317079946 -0.07383776527868105 0
0.05402895549868977 -0.06871195463781808 0
0.05185833728268673 -0.06529714231879524 0
0.05618905315974033 -0.07205653837393394 0
0.05497264331045421 -0.06330439695444288 0
0.05261211741053225 -0.059879215826573 0
0.05866203693842999 -0.06101757267060723 0
0.0556678153627389 -0.05722538949220089 0
0.06057134750316613 -0.06518248997371899 0
0.0571426956785999 -0.06685840092645572 0
0.05549793638636884 -0.07713375567268486 0
0.1255805497831441 -0.1821425426641997 0
0.1283318390146281 -0.1800168221892262 0
0.1262486780104142 -0.1767501047787703 0
0.1311142194164266 -0.1779319297633804 0
0.1291889341603437 -0.1746644930948253 0
0.1315596524175521 -0.1733686738490398 0
0.1319353453168479 -0.1684322281439934 0
0.1271915485633639 -0.1711674385014485 0
0.04892354303341984 -0.06717533200901896 0
0.1341785278931632 -0.1951294291885037 0
0.05992470248946783 -0.0837000534099242 0
0.0947035002625245 -0.1359011738160015 0
0.08203005750751129 -0.1165011899869334 0
0.08302455222893124 -0.1114707879272169 0
0.0776698459376043 -0.1100243372741359 0
0.09041908553900299 -0.1298374583278169 0
0.09492244810250275 -0.1303241984398955 0
0.08721901755820095 -0.1251023781818347 0
0.09016269781247402 -0.1249584158805727 0
0.121245276697987 -0.1755772384768798 0
0.07098268977855234 -0.1001504692229961 0
0.07405060828482073 -0.0983285721760994 0
0.1504591906192756 -0.2191160406878679 0
0.1655858770123446 -0.2422145072682326 0
0.1686210013273248 -0.2406051370312317 0
0.2119535824773818 -0.3114541443088837 0
0.2130339175173795 -0.3070211489953699 0
0.2074638869240093 -0.3049633659793704 0
0.2087984909533361 -0.3006899349678303 0
0.2009754214967496 -0.2951824958360035 0
0.2031295227709774 -0.2984376287160202 0
0.2045617351888914 -0.2941352409589713 0
0.1988154372655828 -0.2918832613173394 0
0.2003118122753197 -0.287570064652476 0
0.1922762510039289 -0.2822110663930673 0
0.1944602198490435 -0.2853958731812775 0
0.1957838829942154 -0.281311579063342 0
0.190069965755689 -0.2789357168353506 0
0.1914471212632185 -0.2748289099210343 0
0.1700127382718793 -0.248816980106274 0
0.1731171830546904 -0.2472593935094392 0
0.07547945038362441 -0.1067733938867216 0
0.0787528083273497 -0.1051482977540643 0
0.2168520824126581 -0.3181792475506692 0
0.0202460920704842 -0.02409239913814674 0
0.1366241529844036 -0.1927005703484079 0
0.1127173827018521 -0.1564322760505456 0
0.1241115490624865 -0.1734182108001877 0
0.04964189665436983 -0.06188000602610937 0
0.2864348913556929 -0.416881691848593 0
0.2642197978587295 -0.3840975211517421 0
0.2660447560261512 -0.3803957889943138 0
0.240025101126817 -0.3475004644307679 0
0.2293662400671105 -0.3316753897613481 0
0.2321613379595521 -0.3310609041255699 0
0.2358519369479181 -0.3279918661629154 0
0.2333605057222257 -0.3230851145738144 0
0.03858574323602029 -0.04430704535360905 0
0.1601193096901494 -0.227373201761178 0
0.2153719603860763 -0.3100976390076257 0
0.21849686060713 -0.3083105395255867 0
0.2465059478599379 -0.3574110227731115 0
0.210866930837309 -0.3038653836079623 0
0.2141282008482513 -0.3027803668809366 0
0.3212561867298053 -0.4695431700829604 0
0.1505824063523382 -0.2116498074967311 0
0.129873151270627 -0.1886615333674584 0
0.3021729025394012 -0.4314334259717181 0
0.2769489625267113 -0.40313277730369 0
0.2576542095970055 -0.3737932226991106 0
0.2725767587103502 -0.3967903956260539 0
0.2757440849554755 -0.3958158251099985 0
0.2974336299206826 -0.4328896207664421 0
0.03141282112251757 -0.03466951301818992 0
0.03393466823121813 -0.03237521140053137 0
0.09709566130600118 -0.133378039046389 0
0.09922973346252985 -0.1306207201089936 0
0.1036656117277126 -0.1432194557383075 0
0.1458040408687677 -0.2058055306670227 0
0.1506916026424174 -0.2068789879897658 0
0.2485322393258178 -0.3605527376304448 0
0.2518089446914244 -0.3595422804953688 0
0.1520266583577113 -0.2155255262769243 0
0.1558231249495002 -0.2154176259689173 0
0.2315015973927823 -0.3350227499943505 0
0.2621072931126139 -0.3807790825132329 0
0.03600635600885085 -0.04089655985264165 0
0.03835557375470005 -0.03782339292622601 0
0.1622041262723032 -0.2307510906976321 0
0.1670693620565721 -0.2322976756250813 0
0.1324590407346287 -0.1864266658697568 0
0.2367338761514399 -0.3338724640500729 0
0.304111825209049 -0.4432631325644226 0
0.3063318533417005 -0.4465979833719539 0
0.3083979342193074 -0.4425047051306683 0
0.3044405390704575 -0.4503151074177296 0
0.3084679574831983 -0.4499221850409855 0
0.310676695101202 -0.4531837190326067 0
0.3088834339351128 -0.4568649011715432 0
0.060638509782796 -0.07863867232543863 0
0.06364893965824495 -0.07685199791477562 0
0.06133786261836695 -0.07356435527478843 0
0.06691743897098644 -0.07499344757378565 0
0.07467012873645049 -0.07818038950502372 0
0.08174272971730898 -0.06921818516396301 0
0.08632477698824759 -0.08212932188229462 0
0.0797453127021604 -0.08437029898295254 0
0.07025490207445344 -0.08646683942260143 0
0.08723398588921963 -0.09113369047943087 0
0.07344578390235797 -0.08413029496700812 0
0.09824528798484472 -0.08215319137317775 0
0.07567282897857373 -0.08731796194576583 0
0.06585173525114486 -0.080178149005895 0
0.0691722991857834 -0.07855717180228322 0
0.07022308211302808 -0.08188847181703443 0
0.06950160492457992 -0.09167959230541751 0
0.07172170874123632 -0.09498613385658118 0
0.07463211195503702 -0.0930860070813211 0
0.115100880242632 -0.1598923875233449 0
0.2179838819326138 -0.3132199663949342 0
0.3422963413071181 -0.4956123383920869 0
0.2884302364384837 -0.4202107898188433 0
0.23765627391427 -0.3439846158909397 0
0.1204799447652689 -0.1608378521811418 0
0.2707280507330891 -0.3804845567479042 0
0.2689967722396774 -0.3759686632840775 0
0.2641042217695505 -0.3766605042835026 0
0.2755167031390804 -0.3742690446576253 0
0.1752495199089923 -0.1832318716957488 0
0.153109257810337 -0.1951467297341144 0
0.04258615981458443 -0.04086106082382218 0
0.07252457207491608 -0.08968625401900664 0
0.2500287386399009 -0.3564357746001534 0
0.1531499297072088 -0.2133760129286183 0
0.1577949195869286 -0.2116546063998812 0
0.1693097018831287 -0.2138516579226206 0
0.1791054871206447 -0.2079745509471355 0
0.181182672988196 -0.223256571084447 0
0.196644413401966 -0.2270141701085532 0
0.181381084786503 -0.2391562630210763 0
0.058408537541199 -0.07535193505070037 0
0.04742317715075066 -0.05851784596293651 0
0.1219123774418359 -0.170067555561897 0
0.2905519067761745 -0.4166180769569843 0
0.2411694139056725 -0.3423906718836983 0
0.26176886630767 -0.3726157690117451 0
0.1585062685080078 -0.2181509818320994 0
0.1303936680219657 -0.1832330745351698 0
0.133049752701155 -0.1810889565519659 0
0.1210171998138713 -0.1224065500359143 0
0.2738272245611333 -0.3929536240665806 0
0.03397762580359948 0.01679909988154317 0
0.01468541994528518 0.01243451474538628 0
-0.002076630462261798 0.00339774854951367 0
-0.001534798815604575 0.02666552796972339 0
0.02468382159008962 0.005472575064691794 0
0.0134923707582949 0.001810280149078233 0
0.165267396454623 -0.228998961388841 0
0.168731427372827 -0.2276425466843967 0
0.1672335361062191 -0.2230219425952235 0
0.1647088400235092 -0.2183091433331366 0
0.2478191091575278 -0.3449541507595352 0
0.1486189796753295 -0.2031096572084305 0
0.15161400900066 -0.2003167948229183 0
0.1496991267758668 -0.1951260560654839 0
0.2550727228065282 -0.3580618082834165 0
0.3462912575816255 -0.4945795977232709 0
0.3515249568018722 -0.4927532002531018 0
0.3557985334803091 -0.4900057801654576 0
0.3084337394385188 -0.07797453850886382 0
0.1137447879313128 -0.1398642712315002 0
0.05037475073614244 -0.05670264151407409 0
0.2709504669686372 -0.3833409804406218 0
0.2851038838954378 -0.4044989865797274 0
0.04946436431386571 -0.03478860429483822 0
0.287593117934496 -0.4063744460555716 0
0.1249514663447431 -0.1676921637079874 0
0.2458898114687185 -0.00176673177758719 0
0.2538473561514545 -0.3623713405619436 0
0.3449260805397373 -0.3366332051401882 0
0.2788062028419296 -0.3943939104294047 0
0.2708673625739745 0.177870044214239 0
0.2921040944293504 -0.2650249619569396 0
-0.2833853299597373 0.2970108485916046 0
0.2667149585041909 -0.3709464600055004 0
0.1682497085252002 -0.07961561700876364 0
0.2481912069538063 -0.3532695162983873 0
-0.09333981740257548 0.04447171397484546 0
0.3327071238609481 -0.4618159196991257 0
0.3285770708708008 -0.4660414848495649 0
0.2561951958262014 -0.3611512791408968 0
0.1240191415688028 -0.1578815888652351 0
0.3217095761744252 -0.476359373092098 0
0.146198115625406 -0.1992456673817963 0
-0.386293871993284 0.1111891515887367 0
0.1770899529887233 -0.2332729326861153 0
0.1691003040460912 -0.2352829854957324 0
0.1663881803511786 -0.23728613185248 0
0.1713013172081695 -0.2383947377340109 0
0.1735749191828234 -0.2417374920102368 0
0.170801700015267 -0.2438202904140382 0
0.1715032701409159 -0.2324713783579244 0
0.176082689279035 -0.2391734724648422 0
0.1759292392887372 -0.2451371673480773 0
0.1783695887643854 -0.2486779613899189 0
0.1814397980884268 -0.2463206242831029 0
0.1840485169857045 -0.2503346029797097 0
0.180801746666758 -0.2521309699119244 0
0.1753971166412173 -0.2505614565182638 0
0.1777330241137421 -0.2539038699760991 0
0.183369963892122 -0.2553023911753264 0
0.1801539088107022 -0.2572054468344137 0
0.1864105479451496 -0.2586366564000822 0
0.1908648351346425 -0.2547910082831843 0
0.1826670805954099 -0.2606048436967964 0
0.1892817898058928 -0.2626692485712926 0
0.1851070104210583 -0.2641925680792486 0
0.1912503378029887 -0.2668399388468548 0
0.1951421915729268 -0.2611160168748385 0
0.1893631605143113 -0.2714124327095954 0
0.1928279491794066 -0.2704413908533814 0
0.174464624497956 -0.2553496049083733 0
0.1813365579095101 -0.2654112925632218 0
0.1857249346411911 -0.2722594755721939 0
0.1955235895122671 -0.2696865540916643 0
0.1767423807902036 -0.2586381229299824 0
0.1873087696623175 -0.2678193937612612 0
0.1786630111837016 -0.2425343010042075 0
0.1519013628347412 -0.209470161713918 0
0.1546299436937802 -0.2047464256741426 0
0.1607592378477589 -0.2014271886341612 0
0.05918406568892785 -0.07027795278179647 0
0.272001054802211 -0.3899520904689464 0
0.3285273495961301 -0.4687024852229487 0
0.1738681454928638 -0.2356833288773263 0
0.2779116526815481 -0.3987411129787047 0
0.1061346249592249 0.02064884760877482 0
0.1491791197100417 0.285513057865973 0
0.332926830089312 -0.4562847068567123 0
0.3220470567353174 -0.4626101207243793 0
0.3174461470358266 -0.4630533292318139 0
0.3199198436982841 -0.4591264174331152 0
0.3153339533640356 -0.4597142148673651 0
0.3172995188934495 -0.4558144495302182 0
0.3124634685588535 -0.4494730119807038 0
0.3217840831152081 -0.4549613975732472 0
0.3132637130252789 -0.4634451188561343 0
0.313034630422373 -0.4564101270681709 0
0.3226825425740592 -0.4459119141232233 0
0.3237152659747316 -0.4659801736071378 0
0.1091083495422571 -0.1196020553960433 0
0.1008959554271848 -0.1190952487575305 0
0.0959543527240862 -0.1066307898142174 0
0.09463275181141036 -0.1141998056428485 0
0.09957846590630139 -0.1124724263236651 0
0.08877806569537916 -0.1070389608833459 0
0.08850855145968162 -0.1126532684312243 0
0.09032705048989896 -0.1017869505186823 0
0.08609926737670054 -0.1030362210587766 0
0.08402312513661148 -0.1068172244255339 0
0.09189760815501026 -0.1101158914662243 0
0.09084532246062582 -0.1159724263612487 0
0.0934196520801978 -0.119498767828669 0
0.0890838580668729 -0.1211684313862006 0
0.085227665265553 -0.1146269403317155 0
0.08610538300819812 -0.1095697578501001 0
0.08087654733972681 -0.1083630167217013 0
0.08220925358888764 -0.1038485977043149 0
0.08431467422489169 -0.1001964615925898 0
0.08039487842286985 -0.09962431820835149 0
0.07650960598281346 -0.1016973393291846 0
0.08581503799132079 -0.09710896330395269 0
0.09436958456744859 -0.09453852136550002 0
0.2508581537559567 -0.1549290080581376 0
0.08631689949801843 -0.1054730046591754 0
0.103569418950746 -0.1250859983504619 0
0.09946664611443394 -0.1242614732749256 0
0.09707184218590223 -0.1275018280979848 0
0.1007469739588982 -0.1284553142555595 0
0.1034577922815803 -0.1300086958215533 0
0.09480236031931587 -0.1247370632497905 0
0.09270274258173976 -0.1275742481205642 0
0.1015508062440039 -0.1337395059973747 0
0.09694185520835967 -0.1207958281363358 0
0.1722765468928752 -0.2202275238677585 0
0.3275027755455731 -0.462133418296383 0
0.08160364995853182 -0.09048937875592319 0
0.08160403661786184 -0.09524867250685809 0
0.07691755053253338 -0.09623367674434985 0
0.07877609193253825 -0.09437113568072138 0
0.07768163809820469 -0.09136114892639627 0
0.2713013389026794 -0.1966194003869572 0
0.3231547817303009 -0.4726528636863689 0
0.1114501110849405 -0.1368308543924735 0
0.1070981608271934 -0.1340645022866887 0
0.1076375987116837 -0.1387023279819158 0
0.1058883198056906 -0.1405773441206821 0
0.1096414816506984 -0.1405162233349113 0
0.1596990941981108 -0.2063838869115777 0
0.3321068642736522 -0.3986195481214792 0
0.004600106664061033 0.01528334133452968 0
0.009384888490439622 0.007907336247792284 0
0.4189897279217134 -0.3836324185953272 0
0.2334562046707784 -0.291743804944765 0
0.2225301910659685 -0.2953507087469029 0
0.2271684844105366 -0.3018925498229487 0
0.2330667313017772 -0.3111047719786317 0
0.2175753249009874 -0.2886176931851178 0
0.2157866733965074 -0.2779585302316975 0
0.1979108546832201 -0.2719616981439504 0
0.2011699624818767 -0.2683085835702727 0
0.2102265119780039 -0.284353019276877 0
0.2149691009475996 -0.2953397943333767 0
0.2124021021518489 -0.2996676533645412 0
0.1947504873673205 -0.2736863219775766 0
0.2003784462700707 -0.2756044046228036 0
0.1968465009672629 -0.2769683150180438 0
0.2014204341512514 -0.2786435932125077 0
0.2016296338293077 -0.2829171635328724 0
0.2066979578198178 -0.2974090751239262 0
0.2104770764154355 -0.2963261758334718 0
0.2083014026940063 -0.2929559430083526 0
0.1935502041518694 -0.2780535163938975 0
0.2024707393814881 -0.2908108276094293 0
0.198054580323736 -0.2843610108930259 0
0.2124148684398419 -0.2914143997199741 0
0.2063107567978882 -0.2895892295221834 0
0.209695230434567 -0.2887282000986904 0
0.2163993170782207 -0.2990228124084735 0
0.2173480044779388 -0.3021758473793796 0
0.2159909415477984 -0.3055981043573128 0
0.2179867076143748 -0.3044543400419923 0
0.2207273538826696 -0.3056819361455158 0
0.226021505564587 -0.3085899011809391 0
0.2213032233048803 -0.3112625707002072 0
0.2265596369560738 -0.3138711582693562 0
0.2048665415313908 -0.2800347688189757 0
0.2067644966415153 -0.2736986680884878 0
0.2113419544347739 -0.2679521111852828 0
0.2059705163154242 -0.2600526232005489 0
0.1997728712260331 -0.2513947405831267 0
0.1916962253393793 -0.2467348720834718 0
0.2150119621993106 -0.2485633688096983 0
0.1851749030440187 -0.2435000128699947 0
0.1909680979478208 -0.2406497106377739 0
0.2210602350386027 -0.3020686765542854 0
0.2198978877379585 -0.2991185842677576 0
0.314646980513818 -0.4526118996610685 0
0.318158558378419 -0.451783863741466 0
0.301601098028121 -0.4084452145801611 0
0.3015521858360708 -0.4186588561822591 0
0.2946359533066796 -0.4138948640274022 0
0.2939658167523173 -0.4084836810926898 0
0.2939742588581981 -0.4168418240851211 0
0.3317808036096853 -0.4754678471878318 0
-0.005519202027891032 0.06306022521697904 0
-0.02062289087475211 0.0398550738332226 0
-0.02451892111481037 0.02162480203040321 0
-0.04695560194527663 0.01897046321556712 0
-0.03325181831305547 0.006029534486702929 0
-0.0101026749979643 0.01763898456019713 0
-0.01196136155902356 0.009648129606832836 0
-0.0511747757683641 0.04846352759176326 0
0.1104226453644785 -0.07210416242303286 0
0.1959709093259452 -0.2664349822369527 0
0.1340918012549935 -0.1756339487311793 0
0.0928486162166442 -0.1230938325946682 0
0.2694594164126307 -0.08132011250941741 0
0.4398627886342559 -0.448835951456727 0
0.1123542386884299 -0.1431243373478215 0
0.2851718763872911 -0.03631228345358712 0
0.1539767402275246 -0.1978302156164123 0
0.2042984565555827 -0.2860951711867853 0
0.4045623192665335 -0.4482209192279742 0
0.2456317221399924 0.1097198817173612 0
0.280113000445573 -0.3973687893399004 0
0.1471203380772338 -0.1885700385737664 0
0.3048874739965888 0.08105473131842444 0
0.2202361681979839 -0.2694194045272869 0
0.4193875622116696 -0.2121768705556764 0
-0.02188078400393343 0.007070658535847268 0
-0.01158777886764678 0.004108173107629254 0
-0.006614855448371585 0.003973209926749101 0
-0.005266311926750347 0.008363421857085133 0
-0.0002087349718103701 0.006783760616970923 0
-0.002225713072845762 0.01280427171469333 0
0.002386412846496613 0.002640118436712711 0
0.005699289303341214 0.002720684564271962 0
0.007244986683059638 0.0006887029605794389 0
0.009573069757146994 0.0026452442735096 0
0.006898740155705366 -0.004334086427632338 0
0.00937299170130383 -0.002103863916495377 0
0.01159892316429117 -0.005046534274732675 0
0.01644561626329616 -0.005285252662469097 0
0.01868871688058102 -0.008954222367155927 0
0.02084250146747284 -0.004971678518379229 0
0.02363648557367767 -0.007821208912665143 0
0.01947233686500728 -0.00143176441391985 0
0.01408027167911061 -0.002404694012904911 0
0.02310803466171861 -0.001329120366893542 0
0.01957538627488844 0.003232381567203719 0
0.02200681505707448 -0.01296862507604929 0
0.02614742340457926 -0.01053980950602162 0
0.02435624885579931 -0.01666321228606718 0
0.02422396541838721 -0.004347049038261347 0
0.01624102062491266 -0.01160173312496139 0
0.02099464254794662 -0.01863993352531559 0
0.02618299908555731 -0.02024512132401256 0
0.0117421809532591 9.49881922573826e-05 0
0.01230263262955186 0.004417026251236788 0
0.001572268135612388 0.009295422231719686 0
0.003566688054883287 0.005957587749340131 0
0.004807967034539632 0.00951828811622862 0
0.006949439242408873 0.00470465631278282 0
0.3040511789202998 -0.1262941442457026 0
0.01657475798670233 0.0006741268685191642 0
0.01613645470787051 0.004626937274143904 0
0.08775951342089774 0.09904922922526985 0
0.2438075335705744 -0.3278255942281815 0
0.250592152694836 -0.335669008208214 0
-0.001346703354287172 0.329501806697563 0
0.4001281770206485 0.388459315077424 0
0.2558576542370027 -0.3322261539112918 0
0.2716807064870846 -0.3696254688149928 0
0.09610270942608164 -0.1172654206225562 0
0.1266377335893519 -0.1620728096234094 0
-0.3840660044817925 0.3957290565819068 0
0.2489381320846961 -0.3491746015349581 0
0.4409307786385447 -0.1365425731210843 0
-0.2830420771488642 0.2010137974913507 0
0.315671756646289 -0.4488858756827999 0
0.3159722413354594 -0.4462930129285059 0
0.3106749650375792 -0.4460364857327175 0
0.3136392496417509 -0.4403899822644172 0
0.04311332596691428 -0.03490937523993775 0
0.03972674610690797 -0.03513927010094244 0
0.03583989759115375 -0.03517834381055928 0
0.03797798156666562 -0.03273846660723635 0
0.03984977229372098 -0.02164350070235252 0
0.0363830958325198 -0.02714556145064991 0
0.04902247805763899 -0.01801439127248288 0
0.2764346280058073 -0.3924605870943142 0
0.1777474351121078 -0.2366564772126058 0
0.1015280882954628 -0.1014010269443405 0
0.1854123643512705 -0.2326101548329227 0
0.317044747138802 -0.3512653978130036 0
0.04279866258276796 -0.01528985840721162 0
0.03332515802425666 -0.003693235603365939 0
0.03503542488937051 -0.01377490065217236 0
0.03428913263284711 -0.01964445260488673 0
0.02980142370975045 -0.01923443424960208 0
0.02790580970036458 -0.02337670952212266 0
0.0288329238250854 -0.0147583949569926 0
0.03255857472071208 -0.02363360983885284 0
0.03218467062833314 -0.02932423680827986 0
0.03008290722901518 -0.02206135982316967 0
0.09003632469107289 0.2662574019174735 0
0.1639470766662018 -0.1651233965575002 0
0.05256522061022131 -0.05537260558966687 0
0.05448791284120075 -0.044285975115171 0
0.09060476871432771 -0.06688422174153799 0
0.3833177045098824 0.1193091750836288 0
0.3255152198902365 -0.4579413302538591 0
0.3239028651930893 -0.4371973387796705 0
0.3123779863520445 -0.4330620477882541 0
0.3086128054555103 -0.4292886385339729 0
0.3086951883556689 -0.4381333763218854 0
0.3045205379163116 -0.4276679425684351 0
0.3057418995114544 -0.4393249449116285 0
0.3063676294686595 -0.4320910086438038 0
0.3076888328949466 -0.4349443203769335 0
0.2339211904046875 -0.274928613640187 0
0.1366522535784827 -0.18196586202643 0
0.1408776390109172 -0.1782350511827493 0
0.06965502990204092 -0.0661031146155915 0
0.07041345076376189 -0.07239685534212571 0
0.06451687058310387 -0.06752776031126209 0
0.06493058916522461 -0.06450300069361634 0
0.1990341471748593 -0.27997690239674 0
0.06689460251201119 -0.06937995084611069 0
0.3252339659309069 -0.4691004104485892 0
0.1170360848494885 -0.1070038238530776 0
0.1212230376590792 -0.08624722472648025 0
0.1224208279625658 -0.06094403965077834 0
0.04018764499315454 0.006449715223184914 0
0.2530223432792643 -0.3560029679323189 0
-0.01673973647091872 0.1283059968542843 0
0.2964313058303351 -0.421754576956712 0
0.0361374576209972 -0.03097391076128329 0
0.04122924918246949 -0.0302469700009979 0
0.3034831466613673 -0.4240759787655554 0
0.2736935979271053 -0.3858047318791267 0
0.177345448329751 -0.2179477186488903 0
0.06221274385259419 -0.06863815574038608 0
0.2032836124448644 -0.2098511673394973 0
0.3585326810184192 0.1953981190636818 0
0.2446858831211811 -0.3137541076407206 0
0.4326651157337134 -0.2952735007351445 0
0.2062797486752391 -0.2218935003886741 0
0.2781188969194898 0.03512530649273491 0
0.1097597601061243 -0.0457461400801801 0
0.1234635936417637 -0.1516273285895978 0
0.1087887924414152 -0.127374998226493 0
-0.09323961663859094 0.2615773798576456 0
0.1801779226606474 -0.1664086205273311 0
0.3536554920470696 -0.4828586828091763 0
0.2551720334373244 0.2780047804445116 0
0.3343526897042136 0.3471434076798769 0
0.05985344242312443 -0.02552847338540627 0
0.1883803874800533 -0.248558781733057 0
0.1857433454120316 -0.2533765983116281 0
0.3383224963702356 -0.2821470481145132 0
0.2847681501280258 -0.369873574676893 0
0.3111841255660861 -0.4225444771818392 0
0.1577865942629692 -0.133824152970039 0
0.1742471626959321 -0.2275993361530306 0
0.169161059296417 -0.2307940524352612 0
0.2301289852260154 -0.3144230597546778 0
0.08423528836155582 -0.05837102473297254 0
-0.03365967243470266 0.003014767243351465 0
-0.03176703207046103 0.003014767243351465 0
-0.03555231279894433 0.003014767243351465 0
-0.02592136891007588 0.001087913390140462 0
-0.02781400927431754 0.001087913390140462 0
-0.02402872854583421 0.001087913390140462 0
0.2423917234582006 -0.3316849652617633 0
0.2398297352592462 -0.3279087301955484 0
0.236292906549679 -0.3309321651064941 0
0.2388548947486334 -0.334708400172709 0
0.2393423150039398 -0.3313085651841287 0
0.168946243334622 -0.2292182995598289 0
0.1703321647186665 -0.2316327153965928 0
0.172875216418424 -0.2300353572554775 0
0.1714892950343796 -0.2276209414187136 0
0.1709107298765231 -0.2296268284076532 0
0.1285267293352422 -0.06863143815533848 0
0.1413168204514386 -0.06897318749954034 0
0.1400115960768405 -0.05717077701510778 0
0.1272215049606442 -0.0568290276709059 0
0.1342691627060413 -0.06290110758522313 0
0.2023051344154512 -0.2868326179196307 0
0.2029640451924452 -0.2845061673598289 0
0.1998421070765218 -0.2836390872129492 0
0.1991831962995279 -0.2859655377727509 0
0.2010736207459865 -0.2852358525662899 0
0.07314313965099795 -0.0356845484361805 0
0.0792855873472178 -0.04693735319357929 0
0.09026983437255687 -0.04134726953096239 0
0.08412738667633701 -0.03009446477356361 0
0.08170648701177741 -0.03851590898357145 0
0.3322378791087351 -0.4806639703981792 0
0.333077040935752 -0.477696882245538 0
0.3297470779522212 -0.4768326872995318 0
0.3289079161252043 -0.479799775452173 0
0.3309924785304782 -0.4787483288488555 0
0.2072624842667933 -0.2852240952318312 0
0.2053046066767354 -0.2878422003544844 0
0.2080029936162276 -0.2891587148104369 0
0.2099608712062855 -0.2865406096877837 0
0.2076327389415105 -0.287191405021134 0
0.2799481293269901 -0.1815128890527556 0
0.2697265367536287 -0.1606676928883459 0
0.2478020434661732 -0.1696540708301849 0
0.2580236360395345 -0.1904992669945947 0
0.2638750863965816 -0.1755834799414703 0
0.1547423757171075 -0.05033345205187029 0
0.1581253593600794 -0.07062157767397287 0
0.1789521277180872 -0.06893146936308851 0
0.1755691440751153 -0.04864334374098593 0
0.1668472517175973 -0.05963246070747941 0
0.1338934866027056 -0.1344033667100332 0
0.1282386735509668 -0.140730604347702 0
0.1342489102784888 -0.1464170245431674 0
0.1399037233302277 -0.1400897869054986 0
0.1340711984405972 -0.1404101956266003 0
0.06487943004701113 -0.04068215033782067 0
0.05650256248516961 -0.04054291358707228 0
0.05691617040592052 -0.04795143014741007 0
0.06529303796776204 -0.04809066689815847 0
0.06089780022646583 -0.04431679024261537 0
0.06424799629477082 -0.009005620725171443 0
0.0581572742564125 -0.01971515214073458 0
0.06744903688011827 -0.02616656082054975 0
0.07353975891847661 -0.01545702940498661 0
0.06584851658744456 -0.0175860907728606 0
0.3199713207468136 -0.4533726306573566 0
0.3164027694461184 -0.4521978817012672 0
0.3159732497036337 -0.4542131745956433 0
0.3195418010043288 -0.4553879235517326 0
0.3179722852252236 -0.4537929026265 0
-0.3902533285716696 0.2728351511524783 0
-0.3364518875046003 0.210653937401758 0
-0.2832137035543008 0.2490123230414777 0
-0.3370151446213701 0.3111935367921979 0
-0.3367335160629852 0.260923737096978 0
0.3099876513727593 -0.4585118725358326 0
0.3132129110872207 -0.4599365293837436 0
0.3141842918932043 -0.458062170967768 0
0.3109590321787429 -0.4566375141198571 0
0.3120859716329818 -0.4582870217518004 0
0.1079285488589214 -0.1150089985584996 0
0.1150627746780642 -0.1210043027159788 0
0.1190266423316799 -0.114705186944496 0
0.111892416512537 -0.1087098827870167 0
0.1134775955953006 -0.1148570927514978 0
0.135137170163472 -0.1702662905728962 0
0.1430583005090422 -0.1685616873602898 0
0.1410981164329356 -0.16196215833845 0
0.1331769860873654 -0.1636667615510564 0
0.1381176432982038 -0.1661142244556731 0
0.3601948646717702 -0.04101631224361718 0
0.4428765546864902 -0.03879438363662416 0
0.438673255378526 0.02433664731702549 0
0.3559915653638061 0.02211471871003247 0
0.3994340600251481 -0.008339832463295845 0
0.1392346166726087 -0.09739182429879709 0
0.14124547856588 -0.08479662732743813 0
0.1279278341834989 -0.08128303069318943 0
0.1259169722902275 -0.09387822766454838 0
0.1335812254280538 -0.08933742749599324 0
0.05399078822150209 -0.03579422817690589 0
0.04904534438500301 -0.03804610885322679 0
0.05155711864867053 -0.04279479426339317 0
0.05277395343508631 -0.03929451122014953 0
0.3323806122055769 -0.4665848509804575 0
0.3285522102334654 -0.4673719850362568 0
0.3299506355561149 -0.4701031582064658 0
0.3337790375282264 -0.4693160241506665 0
0.3311656238808459 -0.4683440045934616 0
0.2331054546663569 -0.2441240525513123 0
0.2187473667065528 -0.2399942264227601 0
0.2173972537223788 -0.2533375798562887 0
0.2317553416821829 -0.2574674059848409 0
0.2252513541943678 -0.2487308162038005 0
0.04856356535157271 -0.03023163238792537 0
0.05918532727613145 -0.03116416272218991 0
0.05375810440620207 -0.02560156693320939 0
0.05387444631385208 -0.03069789755505764 0
0.1689849889247483 -0.1385289693350172 0
0.184765779133804 -0.126078661506085 0
0.1731750253190197 -0.1113589557047239 0
0.157394235109964 -0.1238092635336561 0
0.171080007121884 -0.1249439625198706 0
0.1506565678882634 -0.1977214254442011 0
0.1527953746140923 -0.1990735052196653 0
0.1535429990189308 -0.1964884726752633 0
0.1514041922931019 -0.1951363928997991 0
0.1520997834535971 -0.1971049490597322 0
0.07875675827401089 -0.1116352961934799 0
0.08143411141967435 -0.1123585215200205 0
0.08195054978432903 -0.1099169023244591 0
0.07927319663866556 -0.1091936769979186 0
0.08035365402916997 -0.1107760992589695 0
0.08779879932615017 0.05710573014691613 0
0.07288772509769964 0.03992676025286143 0
0.0906064515488666 0.02253777329241297 0
0.1055175257773171 0.03971674318646767 0
0.08920262543750838 0.03982175171966456 0
0.07548184757576548 0.3532570182135296 0
0.159488532586705 0.4385061148647481 0
-0.0006733516764551368 0.4147509033487815 0
0.07940759045512495 0.4266285091067648 0
0.1388320637989267 -0.1254313728704553 0
0.1291682242692163 -0.1200158937475865 0
0.1242296470729952 -0.1289878875871644 0
0.131530855435961 -0.1272096302288099 0
0.4704653893192723 -0.1307712865608023 0
0.4133419440057625 -0.1070656701971663 0
0.4566709720028813 -0.08478283509871321 0
0.1304652176369999 -0.04043359208975288 0
0.1451959972772668 -0.03359626712651539 0
0.1426037966770537 -0.04538352207081159 0
0.3500691705615147 -0.479411666022987 0
0.360295493025713 -0.4815560656507457 0
0.3592021473497254 -0.4712962436884608 0
0.3489758248855271 -0.4691518440607022 0
0.3546356589556201 -0.4753539548557238 0
0.2136919846937208 -0.2933770970266754 0
0.2103581355669241 -0.2921851713641633 0
0.2093892395547209 -0.2946410594209122 0
0.2127230886815176 -0.2958329850834243 0
0.2115406121242208 -0.2940090782237939 0
0.3111672189987099 -0.4392616792931513 0
0.3072185439335616 -0.4387291606167569 0
0.3070699168653809 -0.4409148250211484 0
0.3110185919305292 -0.4414473436975428 0
0.3091185679320454 -0.4400882521571499 0
0.206897981965339 -0.1865908150383046 0
0.2162561545766019 -0.1685011145377767 0
0.2037115153197802 -0.1616439230200782 0
0.1943533427085172 -0.179733623520606 0
0.2053047486425596 -0.1741173690291914 0
0.3148057454886052 -0.4433414975964616 0
0.3193273919547593 -0.4461024635258646 0
0.3232927038835742 -0.4415546264514469 0
0.3187710574174201 -0.4387936605220439 0
0.3190492246860896 -0.4424480620239543 0
0.3001481305387691 -0.421048648031295 0
0.2989644899273661 -0.4192408048976599 0
0.2964040499244983 -0.4207886652848863 0
0.2975876905359013 -0.4225965084185215 0
0.2982760902316337 -0.4209186566580907 0
0.3311724901534612 -0.4832108748587555 0
0.328152424640283 -0.4820079806900166 0
0.3273066856118391 -0.484318164465217 0
0.3303267511250173 -0.4855210586339559 0
0.3292395878826501 -0.4837645196619862 0
0.1732618547944036 -0.2239134300103945 0
0.1697550414995471 -0.221624733231491 0
0.1679824817395231 -0.2253322446398101 0
0.1706221682669634 -0.2246228373251023 0
0.0661642334635647 -0.03342435557918522 0
0.208656235375099 -0.2640023671929158 0
0.2157890613163789 -0.2686857578562848 0
0.2200093567217154 -0.263765597715083 0
0.2128765307804355 -0.2590822070517139 0
0.2143327960484072 -0.2638839824539994 0
0.2635402760098499 -0.3478236867540548 0
0.2669579051686644 -0.3586104801702263 0
0.2781492107549908 -0.3557215912454631 0
0.2747315815961763 -0.3449347978292916 0
0.2708447433824204 -0.351772638999759 0
-0.03459699376512259 0.1956566161052695 0
-0.04659755666990835 0.154882735288205 0
-0.001312648506535502 0.1428808463827969 0
0.01068791439825025 0.1836547271998614 0
-0.01795482113582905 0.1692687312440332 0
0.01503356437249862 0.001242203508798698 0
0.012617275855777 0.0009526341706678076 0
0.01291122631618485 -0.001154852910323764 0
0.01532751483290647 -0.0008652835721928735 0
0.01397239534434173 4.367529923746702e-05 0
0.3936937644901105 -0.488892645025218 0
0.3778323818337994 -0.4790193692713755 0
0.3679039415104884 -0.4901267242461576 0
0.3807988530003006 -0.4895096846356878 0
0.06866544486737416 -0.07369515145795569 0
0.06865402663788654 -0.0708884030941182 0
0.06554981993529724 -0.07052373226541767 0
0.06556123816478486 -0.07333048062925514 0
0.0671076324013357 -0.07210944186168666 0
0.1025042992627921 -0.131874100909464 0
0.102727576280184 -0.1354471742574167 0
0.1055012535717787 -0.1356096724020737 0
0.1052779765543869 -0.132036599054121 0
0.1040027764172854 -0.1337418866557688 0
0.06937097990234062 -0.05932762412405471 0
0.0728692043606845 -0.0521663203778478 0
0.06179481350941815 -0.05525197064436538 0
0.06733200893505133 -0.05370914551110659 0
0.2222770340507621 -0.3125563038135508 0
0.2249052408763588 -0.3138605975981253 0
0.2262905712603304 -0.3112305297251476 0
0.2236623644347337 -0.3099262359405731 0
0.2242838026555463 -0.3118934167693492 0
0.1357466781596963 -0.009016292900463574 0
0.1243598639816701 0.01538471514815998 0
0.1031977876628946 0.005030408525218372 0
0.1145846018409208 -0.01937059952340518 0
0.1194722329112954 -0.001992942187622601 0
0.2073924167126718 -0.2499790546964125 0
0.2118797558796283 -0.2345860582171324 0
0.2005248058857473 -0.2445708864907848 0
0.20963608629615 -0.2422825564567724 0
0.3264862027037561 -0.486432248153319 0
0.3242853951887583 -0.4830832847329111 0
0.3253857989462572 -0.484757766443115 0
0.4159474862826607 0.2379302409003173 0
0.4580127652233467 0.1638776541964125 0
0.457934721059314 0.2615525867034311 0
0.4579737431413303 0.2127151204499218 0
0.2509760031121634 -0.2942033908445591 0
0.2401878933109503 -0.2890986648558426 0
0.2368055284748734 -0.2965829194352788 0
0.2475936382760865 -0.3016876454239953 0
0.2438907657935184 -0.2953931551399189 0
0.3184044847476579 -0.4647047632678575 0
0.3215390442171104 -0.4661681854555194 0
0.3228811613550245 -0.4642951471657586 0
0.319746601885572 -0.4628317249780966 0
0.3206428230513413 -0.464499955216808 0
0.1961224192466412 -0.2391983715181084 0
0.1913321616436001 -0.2436922913606228 0
0.1957345482827062 -0.2490648063332992 0
0.1959284837646737 -0.2441315889257038 0
0.08130206600587875 -0.1017364579563332 0
0.07845224220284167 -0.1006608287687681 0
0.07763120715508158 -0.1034228185416245 0
0.08048103095811868 -0.1044984477291896 0
0.07946663658048017 -0.1025796382489788 0
0.1193340067107008 -0.0369496542843262 0
0.09673554619106313 -0.02198615592488604 0
0.1014849510608431 -0.03956521068580705 0
0.108034776450882 -0.02946790510460612 0
0.3528626379805401 -0.3549912075698025 0
0.3898944616715281 -0.378490814297372 0
0.4029632372443365 -0.3449625415567442 0
0.3659314135533485 -0.3214629348291748 0
0.3779129376124383 -0.3499768745632734 0
0.3074163795075352 -0.4094521383541029 0
0.3130222899964225 -0.402873639899256 0
0.3043577503249464 -0.3955457444321335 0
0.2987518398360591 -0.4021242428869803 0
0.3058870649162408 -0.4024989413931181 0
0.2938751798909437 -0.3885075195911226 0
0.2853421835115235 -0.3820038887268036 0
0.2807628504734282 -0.3875314933516494 0
0.2892958468528485 -0.3940351242159684 0
0.2873190151821859 -0.3880195064713859 0
0.1043339666746616 -0.07712867689810531 0
0.1049788853667415 -0.0655841111580116 0
0.09506994704166612 -0.06297414081726418 0
0.09442502834958622 -0.07451870655735787 0
0.09970195685816385 -0.07005140885768474 0
0.3121777909178424 -0.4618019813781282 0
0.3153549300305528 -0.4632492240439741 0
0.3163900501999312 -0.4613837720495895 0
0.3142839205588868 -0.4615928767138588 0
0.1524301011904002 -0.1035343960461254 0
0.1339650778229686 -0.1095672340309376 0
0.1471605623407601 -0.1157098057782659 0
0.1431975895066843 -0.1065508150385315 0
0.1557594186074943 -0.192821152909139 0
0.1547226900117055 -0.1894045880846424 0
0.1503674636973131 -0.1917198280753025 0
0.1530634411524037 -0.1922704904922208 0
0.4596937811058348 -0.2310884352783532 0
0.4301591704251071 -0.1743597218383803 0
0.4650795852125535 -0.1809298609195777 0
0.08614791843320271 -0.007348720556309032 0
0.08513765255476985 -0.01872159266493632 0
0.01084376055999574 0.006162181249514537 0
0.008167163866424248 0.006305996280287552 0
0.008261254499777933 0.00367495029314621 0
0.01093785119334943 0.003531135262373194 0
0.009552507529886838 0.004918565771330373 0
-0.009101317158009183 0.004040691517189178 0
-0.005940583687560966 0.006168315891917117 0
-0.008613836742886953 0.009005775731958984 0
-0.01177457021333517 0.006878151357231045 0
-0.008857576950448068 0.006523233624574081 0
0.2204790613882806 -0.3005936304110215 0
0.2241143597245696 -0.301980613188617 0
0.2248493377382526 -0.2986216292849259 0
0.2212140394019635 -0.2972346465073302 0
0.2226641995632666 -0.2996076298479736 0
0.1600544193654139 -0.1848681540073051 0
0.1554881847434555 -0.1793724121152062 0
0.1501564553897472 -0.1839088461925434 0
0.1551054373775806 -0.1843885000999243 0
0.05183535050032818 -0.01046460819255523 0
0.0619676393113362 0.0004812792975535021 0
0.04955499351689355 -0.0009777081698302877 0
0.05690149490583218 -0.004991664447500865 0
0.1625150919549464 0.2399673540947092 0
0.1196077222005573 0.2758852298917233 0
0.09005459889745646 0.228508698050737 0
0.1329619686518456 0.1925908222537229 0
0.1262848454262014 0.2342380260727231 0
0.3304679287164727 -0.1389849510802273 0
0.371318893942813 -0.1146322625940002 0
0.3470934244057496 -0.07778165289105607 0
0.3062424591794093 -0.1021343413772832 0
0.3387806765611112 -0.1083833019856417 0
-0.1655543707783406 0.4397704167360125 0
-0.08289438912261335 0.354521320084794 0
-0.08311386122739788 0.427260660042397 0
0.3104953959037774 -0.4311753431611135 0
0.3074902174620849 -0.4306898235888883 0
0.307028231181803 -0.4335176645103687 0
0.3100334096234956 -0.4340031840825938 0
0.3087618135427903 -0.432346503835741 0
0.0752801071338171 -0.100012955752642 0
0.07865621447770162 -0.09792899747635067 0
0.07548407940867705 -0.09728112446022463 0
0.07696816080575936 -0.09897097661449634 0
0.2265949949875618 -0.3052412255019439 0
0.2208937944606361 -0.3038753063499006 0
0.2233744297236283 -0.3071359186632274 0
0.2237443947240989 -0.3045582659259222 0
0.0866020116320394 -0.1239754110234475 0
0.08869085768533749 -0.1250303970312037 0
0.08962327793967345 -0.1230634236333867 0
0.08753443188637537 -0.1220084376256305 0
0.08811264478585643 -0.1235194173284171 0
0.3209834502168007 -0.4608682690787472 0
0.3176268985311599 -0.4594203161502401 0
0.318686750208366 -0.4611260205641683 0
0.0862963984158229 -0.1162447550984686 0
0.08910522701335929 -0.1169174981132352 0
0.08967693696015372 -0.1143128473962365 0
0.08686810836261731 -0.1136401043814699 0
0.0879866676879883 -0.1152788012473526 0
-0.07225729658546978 0.04646762078330436 0
-0.04694425732904726 0.06732815043516935 0
-0.07118513195434181 0.09217330499423845 0
-0.09649817121076434 0.07131277534237347 0
-0.0717212142699058 0.06932046288877142 0
0.1987177492937828 -0.199841540360669 0
0.212553600826295 -0.2077143666490152 0
0.2207338334978511 -0.1944636413266508 0
0.209725791395817 -0.1971525908436599 0
0.1490657365681307 -0.1335308306258455 0
0.1481131494544453 -0.1246203182020557 0
0.3244746159528192 -0.4675402920278635 0
0.3268806577635185 -0.4689014478357689 0
0.3261461684227662 -0.4660108292283514 0
0.3265134130931424 -0.4674561385320601 0
-0.314494041416024 0.447109788823137 0
-0.2300484121950582 0.3868802055591495 0
-0.2400242060971823 0.4434401027795747 0
-0.2895200397294571 0.3456152131189393 0
-0.3398603769904847 0.3949743171140904 0
-0.3873554818823977 0.3605526407873489 0
-0.3384377608059274 0.3530839269531441 0
0.2003318905020835 -0.2814470329648062 0
0.2032480876803492 -0.281475966175924 0
0.2031434878413211 -0.2793391810157417 0
0.2002272906630553 -0.2793102478046239 0
0.2017376891717023 -0.2803931069902739 0
0.184895931198868 -0.2518556006456689 0
0.1883040902733371 -0.2540838032974062 0
0.1896226113073479 -0.2516748950081207 0
0.1862144522328789 -0.2494466923563833 0
0.187259271253108 -0.2517652478268948 0
0.329489425385161 -0.4877445815104755 0
0.3324393523245336 -0.4890823416480515 0
0.3332766780643899 -0.4868588187715319 0
0.3313830517247754 -0.4873017001410037 0
-0.1400507948266848 0.09805563535368578 0
-0.1690958181933663 0.04897871699873503 0
-0.1255431945774459 0.02223585698742273 0
-0.1327969947020654 0.06014574617055425 0
0.2090385666572431 0.3741567828876786 0
0.2995500340712319 0.4356506680229305 0
0.2295192833289685 0.4370783914438393 0
0.181410494703056 -0.258905145265605 0
0.1784481448004529 -0.257921784882198 0
0.1779036320771187 -0.2603511955761239 0
0.1808659819797218 -0.2613345559595308 0
0.1796570633900874 -0.2596281704208645 0
0.3280399232081869 -0.4640874515729739 0
0.3247749161404452 -0.4623717695103812 0
0.3254605422816057 -0.4641912993693663 0
0.1930035133537846 -0.2579535125790114 0
0.2005563539441755 -0.2605843200376937 0
0.2028716937707286 -0.2557236818918378 0
0.1953188531803378 -0.2530928744331555 0
0.1979376035622566 -0.2568385972354246 0
0.1035136056161631 -0.1275473470860076 0
0.1079434766343043 -0.1307197502565908 0
0.1061791056960806 -0.1262304982884774 0
0.1057285411252337 -0.1291335486712992 0
-0.08805595094392558 0.1398066552160136 0
-0.02972673768032458 0.1072493850664299 0
-0.05889134431212508 0.1235280201412217 0
0.05117886875120435 -0.04994347999515944 0
0.05579145637641292 -0.05181198274036239 0
0.05230358278071195 -0.04608292740220712 0
0.05404751957856244 -0.04894745507128476 0
0.08730696723393987 -0.1111115131406622 0
0.09020307980734593 -0.1113845799487243 0
0.0903378369251947 -0.1085774261747851 0
0.08744172435178864 -0.108304359366723 0
0.08882240207956728 -0.1098444696577236 0
0.09273903713601808 -0.1150861160020486 0
0.09326517998321031 -0.1121578485545364 0
0.09147105847168202 -0.1132353479753865 0
0.2101344737465537 -0.2545306308740632 0
0.1558986597162403 -0.2020430359919385 0
0.1555720579831125 -0.1985849309630733 0
0.1531219763472201 -0.2025316102485304 0
0.1543470171651663 -0.2005582706058019 0
0.2114395892836422 -0.2979969145990065 0
0.2144007096150348 -0.2993452328865074 0
0.2156842090129101 -0.2971813033709251 0
0.2135618991482762 -0.2975891089849658 0
0.180200720636772 -0.2637377803927435 0
0.1832217841652842 -0.2648019303212352 0
0.1838870455082341 -0.2623987058880225 0
0.182043883072503 -0.263068243140383 0
-0.2287447574679561 0.2877150551960522 0
-0.1692731299335572 0.3289800476362623 0
-0.2293965848315071 0.3372976303776009 0
0.4416588522549412 0.1221545875416673 0
0.3803321076334673 0.08399123485883987 0
0.4401660538167337 0.07324561742936382 0
0.1305281802236173 -0.1604870522907644 0
0.1268351666878311 -0.1635928587990626 0
0.1294839725515791 -0.1667725680593546 0
0.1300060763875982 -0.1636298101750595 0
0.1706453992082664 -0.02372015486722186 0
0.1611960800906958 0.0008598193588299601 0
0.1531960386839813 -0.01636822388384272 0
0.08307390015059624 -0.1181107383345134 0
0.08574143717988697 -0.1187914282736576 0
0.08362886138653214 -0.1155640651593244 0
0.08468514928320957 -0.117177746716491 0
0.136940597322523 -0.1529216802437323 0
0.1505214125662391 -0.1573813546934408 0
0.1463638934558266 -0.148340876598723 0
0.1437310049443811 -0.1551515174685865 0
0.03076397217811658 -0.03042541686220861 0
0.03108478368817009 -0.02778053550901997 0
0.02860193090260462 -0.02729756199083359 0
0.02828111939255111 -0.02994244334402223 0
0.0296829515403606 -0.02886148942652111 0
0.1873663609674903 -0.1680219770933513 0
0.1965258074758773 -0.1484431490403902 0
0.1801806531235874 -0.1548212031136633 0
0.1919460842216838 -0.1582325630668707 0
0.3281693246587257 -0.3195108982241163 0
0.3626296214685976 -0.2942198563163372 0
0.3248675325739748 -0.2922678197112788 0
0.3453994730636617 -0.3068653772702268 0
0.1800220479851023 -0.2408452820126419 0
0.1795642599493054 -0.2379063701168411 0
0.1769150621955714 -0.237914974838724 0
0.1773728502313683 -0.2408538867345248 0
0.1784685550903369 -0.239380128425683 0
0.1816952042291553 -0.26931163310088 0
0.182451202482358 -0.2671488583301623 0
0.1794840684282339 -0.2659293304918292 0
0.1805896363286947 -0.2676204817963547 0
0.1854373083587617 -0.268352908929182 0
0.1862078900416879 -0.266005980920255 0
0.184329546262023 -0.2665774196252086 0
0.3292210249897742 -0.4571130185552857 0
0.3315667529954807 -0.4530531202509583 0
0.3259953795084287 -0.4523914656092258 0
0.3236496515027223 -0.4564513639135531 0
0.3276082022491015 -0.4547522420822557 0
0.3413078240299833 -0.4846927498651494 0
0.3389607550408887 -0.4831577070385884 0
0.3371109899297386 -0.4857823264166041 0
0.3394580589188332 -0.4873173692431652 0
0.339209406979861 -0.4852375381408768 0
0.1787989416031404 -0.09426957716046913 0
0.1580540174745209 -0.08644501750187064 0
0.1656145213967703 -0.09890198660329727 0
0.01065762535520304 0.001370116232883491 0
0.01289750169392338 0.00311365320015751 0
0.01177756352456321 0.0022418847165205 0
0.1281923737515787 -0.1496710890322293 0
0.1308840607956129 -0.1561757447327942 0
0.1325664855370509 -0.1512963846379808 0
0.2221531802107604 -0.2185013249971775 0
0.2368896334726311 -0.2241568511606824 0
0.2449698126004474 -0.209756519938678 0
0.2302333593385766 -0.2041009937751731 0
0.2335614964056039 -0.2141289224679278 0
0.04230143535081288 0.02017913308592747 0
0.04614065080224172 0.03658196072909088 0
0.02928499159127476 0.04188249360097002 0
0.02544577613984592 0.0254796659578066 0
0.03579321347104382 0.03103081334344874 0
0.2130065926872556 -0.2811557747542872 0
0.2112755850190113 -0.2758285991600926 0
0.2058155190864531 -0.2768667184537317 0
0.2075465267546974 -0.2821938940479263 0
0.2094110558868544 -0.2790112466040094 0
0.08955255809263907 -0.1044129557010141 0
0.08821315893329976 -0.1024115857887294 0
0.08620808343735949 -0.104254612858976 0
0.0875474825966988 -0.1062559827712606 0
0.08788032076499928 -0.104333784279995 0
0.1964958241482734 -0.213252758696874 0
0.186628686631673 -0.1989032321644881 0
0.1844067614861635 -0.2123144505006931 0
0.1915622553899732 -0.2060779954306811 0
0.2024089709823663 -0.04505124287240778 0
0.1974852261155173 -0.0201280539986437 0
0.1865271850953163 -0.03438569886981482 0
0.1396083170105067 -0.1751677020922741 0
0.145077374585826 -0.1788695717413575 0
0.1485273580843616 -0.1722635570093732 0
0.1440678375474341 -0.1737156295508236 0
0.01283959742170089 -0.003725614143818793 0
0.01272829990650537 -0.006625105393085765 0
0.01515164645600786 -0.006744464586953975 0
0.01526294397120339 -0.003844973337687004 0
0.01399562193885438 -0.005235039365386384 0
0.08456496761856468 -0.1105202728886585 0
0.0850642540724048 -0.108193491137817 0
0.08244983623816915 -0.1075901205736176 0
0.08350740192836691 -0.1090551967311381 0
0.3353759811617879 -0.4905583903632312 0
0.3381995725715273 -0.491981568693395 0
0.3389643851066529 -0.4896217228619167 0
0.3361407936969135 -0.4881985445317529 0
0.3371701831342204 -0.490090056612574 0
0.1847007030258468 -0.1865318925387948 0
0.1714934027620582 -0.1907300874413179 0
0.1734213863678844 -0.2031014270670112 0
0.1790610446968656 -0.194816659802903 0
0.3000597122564408 0.359222371862869 0
0.3672404333624311 0.3678013613786505 0
0.3667307551772222 0.444229657538712 0
0.3333952337168315 0.4017260147007905 0
0.1630909670203512 -0.2117600846367909 0
0.1622261518456067 -0.2076829976324557 0
0.1587470068925197 -0.2090192466557295 0
0.1596118220672642 -0.2130963336600646 0
0.1609189869564354 -0.2103896656462602 0
0.3399495448555759 -0.4805855522587982 0
0.3363010530671762 -0.4793235414160166 0
0.3353122632524889 -0.4818956961958069 0
0.3376309040540325 -0.4812406242273025 0
0.0488877325316613 -0.04647201102407478 0
0.04814126839961987 -0.04318387788526083 0
0.05022242559016592 -0.04463340264373399 0
0.07811974523689709 -0.06449318865149542 0
0.07207589532926306 -0.06293565337730966 0
0.0708134496582688 -0.06764462255745905 0
0.07685729956590281 -0.06920215783164481 0
0.07446659744758294 -0.06606890560447724 0
0.3073999054124494 -0.4482600842064697 0
0.3104657130210259 -0.4496975985108447 0
0.3115692167982164 -0.4477547488567106 0
0.3085034091896399 -0.4463172345523357 0
0.309484561105333 -0.4480074165315903 0
0.07254178975010619 -0.07528862242357472 0
0.06804486907838492 -0.07677530968803443 0
0.07192121396111695 -0.07836878065365346 0
0.07029332941424556 -0.07603196605580458 0
-0.3880777849268102 0.165741614450451 0
-0.3326863437798703 0.1060007004083963 0
-0.2810604463576605 0.1509130233597033 0
-0.3345691156422353 0.1583273189050772 0
0.3258371695605669 -0.4788200915812126 0
0.3250816780756456 -0.4810282968190562 0
0.3269947971004249 -0.4804140361356146 0
0.1789434664622221 -0.2555546584052564 0
0.1760988243058491 -0.2546267374422362 0
0.1756035026440798 -0.2569938639191778 0
0.177273484553151 -0.2562742611622171 0
0.1555259066937296 -0.1417819203190699 0
0.1477148150119786 -0.1409358536122843 0
0.1568090222682144 -0.2135361161843993 0
0.157164696728754 -0.2167843039005083 0
0.1599674965278038 -0.2163445213761737 0
0.1583882593980091 -0.2149403187802865 0
0.1094911117022888 0.1089625736097851 0
0.1106477915437599 0.1548179560891505 0
0.07124358726285641 0.1631673819541071 0
0.07008690742138528 0.1173119994747418 0
0.09036734948257259 0.1360649777819461 0
0.1629092712576388 -0.2199869719695017 0
0.1630687822855545 -0.2164236021266923 0
0.1598079854998881 -0.219907891218983 0
0.1614383838927213 -0.2181657466728377 0
0.334246874297215 -0.4844426006563831 0
0.3351938339970643 -0.486320572594068 0
0.2193570307485222 -0.305068138093754 0
0.2169888245810866 -0.3050262221996526 0
0.2172439010774642 -0.3069543219414498 0
0.2196121072448998 -0.3069962378355512 0
0.2183004659129932 -0.3060112300176019 0
0.04823186754256901 -0.04884254780125578 0
0.04737015869098923 -0.05158270215507386 0
0.05031715989962458 -0.05268363434897752 0
0.0492745137210968 -0.05076309107511666 0
0.2346062213350719 -0.3255384903683649 0
0.2313238762048162 -0.3237504320141044 0
0.2302547369718146 -0.3263099402367138 0
0.2335370821020703 -0.3280979985909743 0
0.2324304791534433 -0.3259242153025393 0
0.1068984770444206 -0.1451042369085548 0
0.1069689936540384 -0.1481550270786578 0
0.1091796101190534 -0.1482487437909636 0
0.1091090935094357 -0.1451979536208606 0
0.108039043581737 -0.1466764903497592 0
0.2971991329455645 -0.4266498771893312 0
0.2942739880774549 -0.4258769139759251 0
0.293804284792065 -0.4280463365030921 0
0.2967294296601746 -0.4288192997164982 0
0.2955017088688148 -0.4273481068462116 0
0.06528318931461569 -0.07592272274428064 0
0.06475033745469491 -0.07851507346033532 0
0.06751201721846413 -0.0793676604040891 0
0.06639760326653993 -0.07764519157418487 0
0.3359906385337259 -0.4982462284111361 0
0.3330254915429348 -0.4966014915690258 0
0.3341137403194913 -0.498300745784513 0
0.04539478221507941 -0.04793630479997828 0
0.0460506472041717 -0.04556576802279728 0
0.04714125737337036 -0.04720415791202653 0
0.2284071314909504 -0.3226773644530122 0
0.2320615766219047 -0.3217552002678691 0
0.2291448319080389 -0.320682132706777 0
0.2302343540564276 -0.3222162823604408 0
0.3416740405556637 -0.490716070821741 0
0.342167714367844 -0.4884117172029894 0
0.3405660497372485 -0.4890167200324531 0
0.3297816800786887 -0.4749444456307771 0
0.3265903983685113 -0.4752296545210632 0
0.3265557962420439 -0.4771178961898179 0
0.3281687381603663 -0.4760311709102975 0
0.06910131030659816 -0.08263766668481798 0
0.06969769064940573 -0.08022282180965883 0
0.06691563687565656 -0.08178250527924825 0
0.06830666376253115 -0.08100266354445354 0
0.333242376702975 -0.4825532855272812 0
0.2145124295325889 -0.3063096266763414 0
0.2150595711980248 -0.3041892356191247 0
0.2124975658427801 -0.3033228752444495 0
0.2119504241773442 -0.3054432663016661 0
0.2135049976876845 -0.3048162509603954 0
0.01976560917402693 -0.006962950442767578 0
0.02015741916624006 -0.003201721466149539 0
0.01795897656415172 -0.003358508538194474 0
0.01756716657193859 -0.007119737514812511 0
0.01886229286908932 -0.005160729490481025 0
0.3315773625628926 -0.4734858391889073 0
0.3290864187070746 -0.4718028276623706 0
0.3272907362228707 -0.4732614341042404 0
0.3294340493928816 -0.4733736366465739 0
0.02034776596882774 -0.01096142372160261 0
0.02407711923082687 -0.01175421729103546 0
0.02489195448912846 -0.009180509209343383 0
0.02116260122712934 -0.008387715639910535 0
0.0226198602289781 -0.010070966465473 0
0.02212960393248903 0.004352478315947757 0
0.01952386156994786 0.0009003085766419346 0
0.02129018576336295 -0.001380442390406696 0
0.02389592812590412 0.002071727348899126 0
0.02170989484792599 0.00148601796277053 0
0.1168599536367347 -0.1431469677367828 0
0.1166999113294506 -0.1482759963166634 0
0.1201647214039907 -0.1487548612710196 0
0.1203247637112748 -0.1436258326911389 0
0.1185123375203627 -0.1459509145039012 0
0.195556550449436 -0.2637754995558956 0
0.1922119906894098 -0.2618926327230655 0
0.1902660638044407 -0.2647545937090737 0
0.193610623564467 -0.2666374605419037 0
0.1929113071269384 -0.2642650466324846 0
0.1892795537326531 -0.267329666304058 0
0.1871944001134755 -0.2634309083252706 0
0.1882369769230643 -0.2653802873146643 0
0.1878461688755212 -0.2606529524856874 0
0.1845388142702797 -0.2596207500484393 0
0.1858666071918776 -0.261525829186855 0
0.1385026502289173 -0.1857635528477743 0
0.1379304035646722 -0.1886864460205256 0
0.1397741177778002 -0.1892385307149969 0
0.1403463644420452 -0.1863156375422456 0
0.1391383840033587 -0.1875010417813856 0
0.1848902559186358 -0.2569695237877043 0
0.1817619363514121 -0.25625391900487 0
0.1831503753108459 -0.2579373345266547 0
0.1399453323432017 -0.1915836199109124 0
0.1418724665483708 -0.1913828752983895 0
0.1417012519829692 -0.189037786102474 0
0.1408232921630855 -0.1903107030066932 0
0.18208585527944 -0.2537166805436254 0
0.17926738539025 -0.2530174199440117 0
0.1805146608708311 -0.2546356694744409 0
0.1193660414884085 -0.1557856701112158 0
0.1194634107219185 -0.1523057690510122 0
0.116675603276664 -0.1519617219829146 0
0.116578234043154 -0.1554416230431182 0
0.1180208223825363 -0.1538736960470652 0
0.1281902413618538 -0.1729159657981369 0
0.1303742932889479 -0.1740165834719326 0
0.1317474988672 -0.1709004509965166 0
0.1295634469401059 -0.169799833322721 0
0.1299688701145269 -0.1719082083973268 0
0.05885702159088302 -0.06602044545008735 0
0.05961669222079806 -0.0631000313221631 0
0.0568173401244421 -0.06216098481252506 0
0.05605766949452705 -0.0650813989404493 0
0.05783718085766255 -0.06409071513130621 0
0.2308146506110401 -0.31901652956754 0
0.2287618510764205 -0.3175696906182935 0
0.2270920323734193 -0.3192352937575305 0
0.2289533414922297 -0.3191259116625352 0
0.1422399147247274 -0.1944452518845717 0
0.1445695814135396 -0.1940157178839974 0
0.144202133237183 -0.1909533412978152 0
0.1432210239809552 -0.1926992965911934 0
0.06911722028731085 -0.08492685048760147 0
0.0718503429884057 -0.08529856719480478 0
0.07183443300769302 -0.08300938339202127 0
0.07047582664750193 -0.08396811693981138 0
0.05413996638663558 -0.05855230265938695 0
0.05379238036049323 -0.06159180639050794 0
0.05716492615058445 -0.05912148108140406 0
0.05547865325553884 -0.06035664373595601 0
0.1140141984881668 -0.1481395331879746 0
0.1139898904353802 -0.1518252588542257 0
0.1153449008824154 -0.1500506275854446 0
0.2578986749613215 -0.3639065580144379 0
0.2576813743305357 -0.3670798506878027 0
0.261344148604029 -0.3674286381403989 0
0.2615614492348147 -0.3642553454670342 0
0.2596214117826752 -0.3656675980774184 0
0.1795856677155717 -0.2504044656509217 0
0.1768833527028014 -0.2496197089540914 0
0.1765650703774797 -0.2522326632471814 0
0.1780753690465257 -0.2513185644490515 0
0.2224746475695276 -0.3190838643676366 0
0.2254263305796111 -0.321127836572206 0
0.2241403493633359 -0.3171913215529611 0
0.2247833399714735 -0.3191595790625835 0
0.2168736607780797 -0.3005993298939266 0
0.2192041197582707 -0.3021222619668325 0
0.2181486024080896 -0.2990706983381155 0
0.2186763610831801 -0.300596480152474 0
0.294914205286895 -0.423952866344062 0
0.2921956083935659 -0.4230139118206333 0
0.2915553911841258 -0.4249379594524964 0
0.2932347982355104 -0.4244454128982792 0
0.2869530640175275 -0.4103857014393353 0
0.2833830199442956 -0.4092369755755184 0
0.2829667679111914 -0.4116457009907204 0
0.2865368119844233 -0.4127944268545374 0
0.2849599159643595 -0.4110157012150278 0
0.1937892182733635 -0.272063856415479 0
0.1910955548468589 -0.2709269117814884 0
0.1904051408887649 -0.2731206713153148 0
0.1930988043152695 -0.2742576159493054 0
0.1920971795810642 -0.2725922638653969 0
0.2546322815281662 -0.3661950857393808 0
0.2541186923139706 -0.3686785489202255 0
0.2571677851163401 -0.3695633138686474 0
0.2559000333222532 -0.3678791998040141 0
0.2272381593120976 -0.3246701383794698 0
0.2261762383631402 -0.3266215306551086 0
0.2291928160228572 -0.3282613325123525 0
0.2282154876674775 -0.3264657354459112 0
0.2242573584007583 -0.3231206104986636 0
0.2263322449458544 -0.3228989874758379 0
0.2372563371054709 -0.3381244538639223 0
0.2347565344018365 -0.3374779249764748 0
0.2343749602327839 -0.3393273530171572 0
0.2368747629364184 -0.3399738819046048 0
0.2358156486691274 -0.3387259034405398 0
0.04265524750162263 -0.04703156657937434 0
0.04192706888349829 -0.04980377563608326 0
0.04466660359695507 -0.0507085138566872 0
0.04366092554928885 -0.04887004021803077 0
0.04409378320886211 -0.05335401433566901 0
0.04679733830289627 -0.05422820263405567 0
0.04573197094992567 -0.05246835824537144 0
0.0665284030454158 -0.08427953308877853 0
0.06618405370998431 -0.08679222098561198 0
0.06877287095187937 -0.08743953838443493 0
0.06765063699864758 -0.08585953573660673 0
0.06435909779345775 -0.08104549608579936 0
0.06397186396321697 -0.08354252389532965 0
0.06544375041943676 -0.08266251458728893 0
0.1277188060853789 -0.1757072989367978 0
0.1272902585125211 -0.1783834634839983 0
0.1297230292155273 -0.1789743759763033 0
0.1301515767883852 -0.1762982114291028 0
0.1287209176504531 -0.1773408374565506 0
0.05341549029657047 -0.06430076963661907 0
0.05294364639068826 -0.06700454847830667 0
0.05558582558864483 -0.0677851777821369 0
0.05450065794260765 -0.06604297370937799 0
0.1092256388221238 -0.1514348038829968 0
0.1115436204268656 -0.1515539358920282 0
0.1114975917237953 -0.1483678757999949 0
0.1103616152729595 -0.1499013398414959 0
0.139903229389898 -0.1944181566510998 0
0.1399621647635575 -0.1974705723880028 0
0.1422988500983869 -0.1974976676214747 0
0.1411010397441425 -0.1959579121362872 0
0.02393022549603244 -0.006084128975463244 0
0.02253323344293002 -0.004659363778320288 0
0.02184791733502968 -0.006523539709115411 0
0.02366600004005291 -0.002838084702577444 0
0.02191170960314649 -0.003019903084363492 0
0.01469901756451186 -0.01574055802745967 0
0.01723222127121478 -0.01628564965482398 0
0.01743752702117128 -0.01337537034581126 0
0.01490432331446836 -0.01283027871844694 0
0.01606827229284157 -0.01455796418663546 0
0.06277144998847511 -0.07261593447975653 0
0.06249340113830595 -0.07520817659478202 0
0.0640273196515454 -0.07426932861201857 0
0.1963306710252703 -0.2728240100607635 0
0.1957984941672917 -0.2753273184978102 0
0.1986124736186668 -0.2762863598204237 0
0.1991446504766454 -0.273783051383377 0
0.1974715723219685 -0.2745551849405936 0
0.03267374467686785 -0.03352236220936065 0
0.0324846904967248 -0.03622538009172815 0
0.03469822873104289 -0.03647979548791283 0
0.03488728291118594 -0.03377677760554533 0
0.03368598670395537 -0.03500107884863674 0
0.1824251318262312 -0.251232786445817 0
0.1827441575370656 -0.2483276136314063 0
0.1799046934264061 -0.2474992928365109 0
0.1811649126263187 -0.249366039641164 0
0.3316653931937495 -0.4912363030785059 0
0.3346020220310039 -0.4927123517936856 0
0.3335206871777687 -0.4908973467208686 0
0.0180235474258548 -0.0003788187727003431 0
0.0166432456985291 -0.002111896055193674 0
0.3095364496284433 -0.4442705954316929 0
0.3133236031865193 -0.4461647493306117 0
0.3121710975585242 -0.4438060465140773 0
0.2837992278043296 -0.4069351163173133 0
0.2809087907994972 -0.4058838089576801 0
0.2804925829394632 -0.4081856682158851 0
0.2821459053718964 -0.4075603922665992 0
0.1645054693070301 -0.2405946687601445 0
0.1671034391698347 -0.2414098221497322 0
0.1675045908392517 -0.2389456344418559 0
0.1649066209764471 -0.2381304810522682 0
0.1660050300731409 -0.2397701516010002 0
0.3062548797141782 -0.4428839188475454 0
0.3052218392753748 -0.4449305579681883 0
0.3073791444519091 -0.4446005766999406 0
0.09156091406037137 -0.1287058532241905 0
0.09143272019710688 -0.1262663320005685 0
0.08955389738352561 -0.1263876894867043 0
0.08968209124679009 -0.1288272107103264 0
0.09055740572194849 -0.1275467713554475 0
0.2042178635430929 -0.3000849206368462 0
0.2070523476342722 -0.3012110737627512 0
0.2077482243865769 -0.2990495050458782 0
0.2049137402953976 -0.2979233519199732 0
0.2059830439648349 -0.2995672128413622 0
0.191173108379809 -0.2805733916142089 0
0.1940300669990722 -0.2817613227282046 0
0.1946670435730424 -0.2796825477286198 0
0.1918100849537792 -0.278494616614624 0
0.1929200759764257 -0.2801279696714143 0
0.2774797950466628 -0.4069069411280473 0
0.2768300494381808 -0.4090130710782174 0
0.2798428373309811 -0.4102917981660552 0
0.278661316188822 -0.4085993696470512 0
0.2814238013860671 -0.4036307175227812 0
0.2786200478274509 -0.4025446064101413 0
0.278105037240881 -0.4047976978450401 0
0.279764419313474 -0.4042142076839107 0
0.01914530230673688 -0.02242793990252093 0
0.02164906307734247 -0.0230431792522726 0
0.02202333831607368 -0.02031694644585703 0
0.01951957754546809 -0.01970170709610535 0
0.02058432031140528 -0.02137244317418898 0
0.2196435526187471 -0.3122412685475707 0
0.2199000419560052 -0.3097865551128969 0
0.2169344104966032 -0.3092040892666061 0
0.2166779211593451 -0.3116588027012799 0
0.2182889815576751 -0.3107226789070884 0
0.1091192309310501 -0.1543424314991226 0
0.1090095222376089 -0.1572976019074481 0
0.1114302192978199 -0.1577104459945118 0
0.1115399279912612 -0.1547552755861864 0
0.110274725114435 -0.1560264387468172 0
0.05075011696852828 -0.06358857417245231 0
0.04817475109170181 -0.06284565800583816 0
0.04781557428122682 -0.06549332099729296 0
0.05039094015805329 -0.0662362371639071 0
0.04928284562487755 -0.06454094758487264 0
0.133297764387745 -0.1907740349220322 0
0.1331115170786911 -0.1935325008445698 0
0.1354013404387834 -0.1939149997684558 0
0.1355875877478373 -0.1911565338459182 0
0.1343495524132642 -0.192344517345244 0
0.3037846311512893 -0.439638666377115 0
0.3029695940000866 -0.4416077602035121 0
0.3050197554327337 -0.4412612926123303 0
0.09826924415016808 -0.1258816506864552 0
0.09815078782421605 -0.1290612741034892 0
0.09998835371071402 -0.1295380171822765 0
0.1001068100366661 -0.1263583937652425 0
0.09912879893044106 -0.1277098339343659 0
0.3384869380895807 -0.476468670495984 0
0.344076555457289 -0.4792072941128025 0
0.3426139486912938 -0.4750904123499883 0
0.3412817467734349 -0.4778379823043933 0
0.1139861979997758 -0.1550265985483839 0
0.1127649092133207 -0.153290267220206 0
0.05112700703245104 -0.06087961092634118 0
0.05227124866451075 -0.06259019028148013 0
0.1357562020010502 -0.1884009198928867 0
0.1377617893114593 -0.1914420599735571 0
0.1367589956562547 -0.1899214899332219 0
0.1967172220977436 -0.2708241261178074 0
0.1941757693458369 -0.2700639724725229 0
0.1952532201855536 -0.2714439912666432 0
0.173364512999928 -0.2537508794968715 0
0.1705620253121368 -0.2527208138844651 0
0.172758628038238 -0.2559642761380766 0
0.1716603266751874 -0.2543425450112708 0
0.1772517399274228 -0.2626110814792414 0
0.1783679041778284 -0.2642702059855354 0
0.3220682127114172 -0.47985290682294 0
0.3231768039500879 -0.4814680957779258 0
0.2823242422907065 -0.4009638918699959 0
0.2822351759493978 -0.3986700687816498 0
0.2790123265635606 -0.3980549511593026 0
0.2791013929048692 -0.4003487742476486 0
0.2806682844271335 -0.3995094215146492 0
0.1738307590715586 -0.2513568053018168 0
0.1749647916887039 -0.2529917713720266 0
0.3003275595634295 -0.4297339881594905 0
0.296205136326787 -0.4312468349260878 0
0.2998032662300418 -0.4321615233690801 0
0.2982663479451082 -0.4304904115427891 0
0.01034558237562896 -0.006267391499425467 0
0.01020307958144377 -0.009111260597935968 0
0.01258579711232017 -0.009468974491596267 0
0.01146568974397457 -0.007868182995510866 0
0.02032042423725219 -0.01405881632135521 0
0.01746486875274684 -0.01027797774605866 0
0.01889264649499951 -0.01216839703370693 0
0.08311618936274956 -0.1053329110649244 0
0.07981467783353825 -0.1067556572378828 0
0.0814654335981439 -0.1060442841514036 0
0.09816269738426552 -0.1319993795776913 0
0.09821901875909989 -0.1350042190371432 0
0.1004465912281012 -0.135184952512636 0
0.1003902698532669 -0.1321801130531841 0
0.09930464430618338 -0.1335921660451636 0
0.01981433798268826 -0.01689447054598836 0
0.02267544570187296 -0.01765157290569139 0
0.02318153195643689 -0.01481591868105824 0
0.02149793496956258 -0.0158551946135233 0
0.4018126684458123 -0.4766534223967623 0
0.4097291932474579 -0.4618712369855315 0
0.3916246059544917 -0.451905933609021 0
0.3837080811528462 -0.4666881190202519 0
0.396718637200152 -0.4642796780028917 0
0.337535668355532 -0.4943087740870524 0
0.3338367848623121 -0.4947491455009241 0
0.3367704311868402 -0.496345567794291 0
0.3356862266089221 -0.4945289597939883 0
0.04560624213536237 -0.04108233711771876 0
0.04351562093991419 -0.04346422725525521 0
0.04582844466976704 -0.04332405257025802 0
0.2142029389517279 -0.3085593940014978 0
0.215723420014596 -0.3077568579714738 0
0.2106002965525925 -0.3001787941661858 0
0.2098327108953225 -0.3022776592878963 0
0.2132651515000501 -0.3012240101227389 0
0.2115489311976863 -0.3017508347053176 0
0.2790973027986819 -0.4123594778360923 0
0.2822212333788922 -0.4137133806607576 0
0.2810320353549366 -0.4120025894134064 0
0.2511664925600042 -0.3674566245120469 0
0.250490955335419 -0.3695550329568034 0
0.2534431550893853 -0.370776957364982 0
0.2523048238246948 -0.3691167909385145 0
0.2231589121344241 -0.3251089070466766 0
0.2221901045056482 -0.3269724725260049 0
0.2252074307343643 -0.3284850961344369 0
0.2241831714343942 -0.3267970015905567 0
0.3007327163135881 -0.4382459366667467 0
0.29762796754756 -0.4368214286339213 0
0.2967230079985659 -0.4387647912395128 0
0.2998277567645939 -0.4401892992723382 0
0.298727862156077 -0.4385053639531297 0
0.2315411233159071 -0.3381284239251219 0
0.2307773322463772 -0.340034998807769 0
0.233611169163254 -0.3412339278998042 0
0.2325761462395806 -0.3396811759124631 0
0.2694977154179142 -0.3921232916349512 0
0.2666299959598718 -0.3908061082330628 0
0.2658589063546762 -0.3926815331112455 0
0.2687266258127187 -0.3939987165131339 0
0.2676783108862952 -0.3924024123730983 0
0.2056298465043546 -0.2957721580414487 0
0.2027685783428205 -0.2946588683974874 0
0.2020524721338635 -0.2968100622760118 0
0.203841159319109 -0.2962911101587303 0
0.2907876446285381 -0.4268415638900005 0
0.2900527054048445 -0.4288177648357971 0
0.2930693455683714 -0.4300225374488888 0
0.2919284950984548 -0.4284320506694446 0
0.192498662707544 -0.2764412131574659 0
0.1896851562592227 -0.2752511783650641 0
0.188996578505458 -0.2773045818222222 0
0.190747620606501 -0.276872897489844 0
0.1742571498479538 -0.2489104250138515 0
0.1715649606632848 -0.2480381868078566 0
0.1711385698868896 -0.2504845670958219 0
0.1726978598674218 -0.2496974960548367 0
0.04150757284250858 -0.05265146648323996 0
0.04113396562968637 -0.05537660940921518 0
0.04372017599603989 -0.05607915726164424 0
0.04261387441927424 -0.0543653118724421 0
0.02587970180510232 -0.02946462786786174 0
0.02562384619733724 -0.03219283576420969 0
0.02802526378478603 -0.03267065124037018 0
0.02695248279494418 -0.03106763955411596 0
0.01504934863681611 -0.009902704818200121 0
0.01244077178997242 -0.01239654839184309 0
0.01374506021339427 -0.01114962660502161 0
0.01693746083399461 -0.01909288620494098 0
0.01837589940834143 -0.01799367837546467 0
0.1568055666950545 -0.2224440648063892 0
0.1541208850650979 -0.2216726621349338 0
0.1536432607035447 -0.2241460870460655 0
0.1563279423335014 -0.224917489717521 0
0.1552244136992996 -0.2232950759262274 0
0.1653478315300148 -0.2357038431211686 0
0.1627646472993312 -0.2348826339137527 0
0.1623234367457635 -0.2373092718448523 0
0.1638356341378891 -0.2365065574830104 0
0.1046626435040274 -0.1477949611190756 0
0.104586104676442 -0.1507273335118066 0
0.106892454826453 -0.1510873994713888 0
0.1057775491652402 -0.1494411802952322 0
0.06360142412125219 -0.08607185446174576 0
0.06322305591460302 -0.08860758397567403 0
0.06580568550333514 -0.08932795049954026 0
0.06470355481229366 -0.08769990248064301 0
0.1376019041697883 -0.1971330395726479 0
0.1375047737504277 -0.2000645815461632 0
0.1398650343441968 -0.2004021143615181 0
0.1387334692569926 -0.198767576967083 0
0.07711612935548706 -0.1059608458203929 0
0.07657464816061435 -0.1083988655804287 0
0.07819466299707631 -0.1075772614091558 0
0.05510900432921505 -0.07038424650587602 0
0.05256265222373074 -0.06961463908920766 0
0.05219192105978558 -0.07217754440963914 0
0.0547382731652699 -0.0729471518263075 0
0.05365046269450033 -0.07128089545775756 0
0.08822449481648284 -0.1195155006257112 0
0.08505137424977952 -0.1212843652735769 0
0.08663793453313118 -0.120399932949644 0
0.1248397753987941 -0.1778165533071616 0
0.1245057112851591 -0.1805127722498763 0
0.1269561943988861 -0.1810796824267129 0
0.1258979848988401 -0.1794481178669373 0
0.09813192413188365 -0.1379091841367838 0
0.09802255252693644 -0.140845027923805 0
0.1003382567700064 -0.141228698007674 0
0.1004476283749536 -0.1382928542206527 0
0.09923509045094504 -0.1395689410722289 0
0.08412610874724212 -0.1130488641294662 0
0.08093686405896439 -0.1148737225498787 0
0.08253148640310323 -0.1139612933396724 0
0.09148571128847588 -0.1313051674102148 0
0.09373739257022576 -0.1315485374662541 0
0.09381259534212125 -0.1289492232802299 0
0.09264915331529858 -0.1301271953452223 0
0.3186096812958668 -0.4574704334816667 0
0.3151670746579113 -0.4561122882991945 0
0.3163969865945356 -0.4577663022247173 0
0.1653116162202364 -0.224206665701318 0
0.1643285463944384 -0.2271951750981268 0
0.166999411913725 -0.2283207540366188 0
0.1661555140669807 -0.2262637098689684 0
-0.4420330022408963 0.4478645282909534 0
-0.3782635218284601 0.4474871585570451 0
0.1512964827385793 -0.2081745748518419 0
0.1531156028645273 -0.2098041572631397 0
0.1544798932940468 -0.207442289243252 0
0.1526607731680988 -0.2058127068319542 0
0.152888188016313 -0.207808432047547 0
0.1677442421986349 -0.2362845586741062 0
0.1699611592677471 -0.2394999373826213 0
0.1702008106271303 -0.2368388616148717 0
0.168852700733191 -0.2378922480283638 0
0.2652899251586829 -0.385719262380866 0
0.2623288838971608 -0.384308982377188 0
0.2615154966593515 -0.3861477134936182 0
0.2644765379208736 -0.3875579934972962 0
0.2634027109090172 -0.3859334879372421 0
0.2411660959222053 -0.3492497065079534 0
0.238156559426279 -0.347861189807487 0
0.2373875740277031 -0.3498687437564484 0
0.2403971105236294 -0.3512572604569149 0
0.2392768349749542 -0.3495592251322009 0
0.0397255780870108 -0.04615139241283475 0
0.0370846220062012 -0.04561145634820167 0
0.03672602537460772 -0.04861117216245656 0
0.03936698145541732 -0.04915110822708963 0
0.03822580173080926 -0.04738128228764565 0
0.2710030248442881 -0.3883725084073091 0
0.2740034504739999 -0.3898537185762275 0
0.2748497220364471 -0.3877800392813176 0
0.2718492964067352 -0.3862988291123992 0
0.2729263734403675 -0.3880762738443133 0
0.1377196863581556 -0.1942765967137444 0
0.1388325093506786 -0.1929301083123284 0
0.1256515488129252 -0.1722928246508181 0
0.1251801135364504 -0.175084157789479 0
0.1266851774491521 -0.1740000617938079 0
0.2930494706523845 -0.4212510457047689 0
0.290308408236567 -0.4200361762858283 0
0.2894545459777484 -0.4217990424016927 0
0.2912520083150664 -0.4215250440532308 0
0.2689667563247991 -0.3852318105134875 0
0.2660741578109813 -0.3838841079165227 0
0.2681825236725007 -0.3870669649778308 0
0.267128340741741 -0.3854755364471767 0
0.244958854285455 -0.3485856339442627 0
0.2418792881014959 -0.3469922244871807 0
0.2442456621061643 -0.3508431159650354 0
0.2430624751038302 -0.348917670226108 0
0.2316917826078874 -0.3296325175723016 0
0.2282648224283012 -0.3299969618835099 0
0.2307637890133313 -0.331368146943459 0
0.2299783025180943 -0.3298147397279058 0
0.159520776367027 -0.2228639102243634 0
0.1590255799662175 -0.2257181108020191 0
0.1617545030122016 -0.2263822952842953 0
0.162249699413011 -0.2235280947066396 0
0.1606376396896143 -0.2246231027543293 0
0.2064315689414489 -0.2935455919836619 0
0.2085875171176266 -0.2968676254786989 0
0.2075095430295377 -0.2952066087311804 0
0.01630825760437735 -0.008511221166506315 0
0.1661683792555976 -0.2306483185069611 0
0.1681152106764945 -0.2315458640301712 0
0.1675573112951098 -0.229933309033395 0
0.3772290033230929 0.2749884134163175 0
0.3485606227729886 0.2361348862444007 0
0.3872791057325563 0.1990767137284005 0
0.3822540545278246 0.237032563572359 0
0.1951983525595662 -0.2775109157059706 0
0.1941485784374178 -0.275884265827638 0
0.3024395677807992 -0.4504865010772204 0
0.3033426067860699 -0.4486724920839771 0
0.3002451442683389 -0.4471991489013589 0
0.3013423560245688 -0.4488428249892894 0
0.3046372186743519 -0.4537740534872646 0
0.3055416987359367 -0.4519579229856635 0
0.3035383932275755 -0.4521302772822425 0
0.3133642551584418 -0.4669282502244819 0
0.3142943572851449 -0.4650981780736444 0
0.3112371196705024 -0.4636304541648615 0
0.312300687414472 -0.4652793521946715 0
0.1838712392502208 -0.2726428956805348 0
0.1846453908481984 -0.2705729498346484 0
0.1827832217396881 -0.2709772643907076 0
0.3090547063349924 -0.4603425798447454 0
0.3101459130027473 -0.4619865170048032 0
0.1860668587853115 -0.2759946181410939 0
0.186824062948209 -0.2739664611906439 0
0.1849690490177661 -0.2743187569108144 0
0.2914388926966255 -0.4339607353826848 0
0.2922830747933454 -0.432075985130898 0
0.2892213750790583 -0.430681039221721 0
0.2903301338878418 -0.4323208873022027 0
0.2672095281791465 -0.3977710292008618 0
0.2680000295196962 -0.395908385803498 0
0.265044887305281 -0.3945189355497331 0
0.2661272077422137 -0.3961449823752973 0
0.2980506182904897 -0.4438978554844782 0
0.2989383778700965 -0.4420714871513781 0
0.2958438999303833 -0.4406078421930647 0
0.2969472591104367 -0.4422528488387717 0
0.2124553826608436 -0.3152813335670936 0
0.2131690160049594 -0.3131136688796727 0
0.2101434579051925 -0.3119770721541942 0
0.211299420283018 -0.3136292028606439 0
0.2212748511464858 -0.328799513341902 0
0.2191170077448239 -0.3254755907625949 0
0.2201959294456548 -0.3271375520522485 0
0.2738141513497588 -0.4076230003557841 0
0.2745739257070598 -0.4056873527131613 0
0.2715931076904701 -0.4043143523571308 0
0.2727036295201143 -0.4059686763564573 0
0.2936422659628121 -0.4373016858883924 0
0.2945109832209537 -0.4354071581133513 0
0.2925405793297189 -0.4356312106355387 0
0.2057056276723606 -0.3054422093052191 0
0.2063850456196089 -0.3033477892685214 0
0.2035302951398869 -0.3021818957522602 0
0.2046179614061238 -0.3038120525287398 0
0.2848155137407042 -0.4241244012501593 0
0.2856682600727794 -0.4222929586536822 0
0.2826509919459751 -0.4208659258243728 0
0.2837332528433399 -0.4224951635372665 0
0.2782743871664054 -0.4142588807978772 0
0.2760422138777376 -0.4109295444064068 0
0.2771583005220712 -0.4125942126021416 0
0.190436371115809 -0.2825529016173004 0
0.1882367372636158 -0.2792704899963323 0
0.1893365541897122 -0.2809116958068161 0
0.2497042254970954 -0.3714587876161109 0
0.247497256153884 -0.3681620348140332 0
0.2486007408254897 -0.369810411215072 0
0.2563191807759995 -0.3813997638767886 0
0.2571569851420805 -0.3795639837418125 0
0.2541272780500805 -0.3780984303910231 0
0.2552232294130402 -0.3797490971339061 0
0.2299625251308336 -0.3418739955233744 0
0.2277884913257895 -0.3386215295997635 0
0.2288755082283117 -0.3402477625615691 0
0.2628754225579795 -0.3912547028243889 0
0.2636894781092796 -0.3894185103063071 0
0.2606824766037383 -0.3879664390605756 0
0.2617789495808589 -0.3896105709424822 0
0.2431103019920715 -0.3615944183343306 0
0.2439135261742765 -0.3597165122615429 0
0.2409348031293273 -0.3583194623478957 0
0.2420225525606994 -0.3599569403411133 0
0.2108190916863703 -0.309848278969915 0
0.2079124758861082 -0.3087264699731163 0
0.2090279668956503 -0.3103517710636553 0
0.2013454631396981 -0.2988898669893243 0
0.2024378791397924 -0.3005358813707921 0
0.1969954379308552 -0.2923232096057653 0
0.1977372880686151 -0.290267843644795 0
0.1948207975058139 -0.2890630550911106 0
0.1959081177183345 -0.290693132348438 0
0.1991719212745114 -0.2956175637072067 0
0.2002586922071048 -0.2972537153482656 0
0.1955596793603454 -0.287024149576764 0
0.1926248467664391 -0.2857900418535148 0
0.1937228221361264 -0.2874265484723126 0
0.2549449314540577 -0.3762162023908158 0
0.2519141446318305 -0.3747625088415726 0
0.2530207113409553 -0.3764304696162976 0
0.2343720790381759 -0.3484530628550611 0
0.2351630807748764 -0.3465457802457479 0
0.2321506508592382 -0.3451321910744933 0
0.2332613649487071 -0.3467926269647774 0
0.2804738837590787 -0.4175605684065311 0
0.2813359902238771 -0.4157010281519979 0
0.279374135462742 -0.4159097246022042 0
0.2365681265682114 -0.3517446282694136 0
0.2354701028031937 -0.3500988455622374 0
0.1998954293811662 -0.2935328785766714 0
0.1980836796026833 -0.293970386656486 0
0.2947430829465977 -0.4389547640407285 0
0.2234555591930217 -0.332095392065646 0
0.2243356734976999 -0.3303028001448367 0
0.2223652051697536 -0.3304474527037739 0
0.252714861357219 -0.3728660333001231 0
0.2508091850644629 -0.3731106482288417 0
0.2256318732981521 -0.3353779339469299 0
0.2264997131932206 -0.3335917470656461 0
0.2245437162455868 -0.3337366630062879 0
0.2835196125472998 -0.4190185994942729 0
0.2815624378525268 -0.4192132471154518 0
0.1871517980244637 -0.2776325540687131 0
0.1933682354264862 -0.2838034697871724 0
0.1915306089411239 -0.2841714717354074 0
0.208574243909684 -0.3066028898051583 0
0.2068090517792342 -0.3070843396391675 0
0.2417630790428734 -0.3564667283459925 0
0.2387668724045222 -0.3550551607345608 0
0.2398508377669247 -0.3566873115412282 0
0.3286611174182269 -0.4897991754623895 0
0.3275736600609916 -0.4881157118078544 0
0.3176509782327066 -0.4734560571365507 0
0.3184546622977544 -0.4716112422680667 0
0.3154966665211388 -0.4701946588156525 0
0.3165738223769227 -0.4718253579761015 0
0.2286396628698422 -0.3368284109155443 0
0.2267101823119708 -0.3369997317733469 0
0.2482569453792354 -0.3662259460120537 0
0.245277233084766 -0.3648402269871426 0
0.246387244619325 -0.3665011309005879 0
0.2870155408519779 -0.4274130414033638 0
0.288118457965518 -0.4290470403125424 0
0.258508458651906 -0.3846944323274819 0
0.259595467627822 -0.3863304356940286 0
0.2639601549316302 -0.392886819187061 0
0.2694050306013436 -0.4010498956204298 0
0.270167190359613 -0.3991498721899761 0
0.2683072793902451 -0.3994104624106459 0
0.2723577874147912 -0.4024037216620269 0
0.2704990691459067 -0.40268212398878 0
0.2201008391537079 -0.3235328081698247 0
0.216992603338399 -0.3220703753015021 0
0.2180548055416115 -0.3237729830320486 0
0.23294650932368 -0.3432561865982799 0
0.2310565879950359 -0.3435030932989338 0
0.3163609216796349 -0.4683729090402159 0
0.3144304608397902 -0.4685614545200671 0
0.3011466397519059 -0.4453733201754529 0
0.2991478812794145 -0.4455485021929189 0
0.2878398265226368 -0.4255506005484552 0
0.2859155272963414 -0.425768721326762 0
0.2460629736735688 -0.3629478032165701 0
0.2441937675384187 -0.3632173226607365 0
0.2593451832877591 -0.3828705119940509 0
0.2574138197139529 -0.3830470981021354 0
0.2395893849379032 -0.3531813679517288 0
0.2376674994863667 -0.3533998945019871 0
0.3308551529684912 -0.4932134434055692 0
0.3297581351933589 -0.4915063094339792 0
0.1683397024690547 -0.2494084900528095 0
0.1694508638905957 -0.2510646519686373 0
0.1689168830911791 -0.2471849503784422 0
0.1661473560602862 -0.2461317234828754 0
0.1672435292646705 -0.2477701067678426 0
0.2749281826137483 -0.4092762723810956 0
0.03423911880921304 -0.04812898630293013 0
0.03445182103497045 -0.04524864864499406 0
0.03201094783973292 -0.04481703076302719 0
0.03312503332447297 -0.04647300853297864 0
0.03219088310281967 -0.04194976932838919 0
0.02978519842092519 -0.04154063330211966 0
0.03089807313032905 -0.04317883203257342 0
0.03865356130516986 -0.05480608689892529 0
0.03894748541442762 -0.05199879907424633 0
0.03647813463550709 -0.05146902796469504 0
0.03756584797033848 -0.05313755743181016 0
0.02996801672040724 -0.03869227164896821 0
0.02759509900118338 -0.03827005939940054 0
0.02869014871105426 -0.03990534635076008 0
0.03535862672236006 -0.04979900713381258 0
0.04085759730690286 -0.05813631198386943 0
0.03975557930603633 -0.05647119944139731 0
0.02779083118520299 -0.03544057007647743 0
0.02541503042958398 -0.03499945804542344 0
0.02650506471538368 -0.03663475872241198 0
0.02323513155718085 -0.03173285140292763 0
0.02432508099338241 -0.03336615472417553 0
0.02346371545270453 -0.02895849400055512 0
0.02106191722881481 -0.02847564259756419 0
0.02214852439299764 -0.03010424700024564 0
0.04308294833428158 -0.06147949992940819 0
0.04337037020266139 -0.05876054875549305 0
0.0419702728205922 -0.05980790595663879 0
0.01004292370023275 -0.01194608360428538 0
0.00783559447768767 -0.008678334888365564 0
0.008939259088960207 -0.01031220924632547 0
0.01226626914235237 -0.01525309636647677 0
0.0111545964212926 -0.01359958998538113 0
0.01449415193090801 -0.01857956692410568 0
0.01338021053663019 -0.01691633164529122 0
0.01669769486797068 -0.02189489822816141 0
0.01559592339943934 -0.02023723257613354 0
0.04528362732587979 -0.0648003918348278 0
0.04560341776550288 -0.06213515492224826 0
0.04418328783008071 -0.06313994588211805 0
0.1667034524614117 -0.2438837139594215 0
0.1639332893831523 -0.2428177799495862 0
0.1650403227217192 -0.2444747517162307 0
0.04748808730613974 -0.06812713968865421 0
0.04638585731600976 -0.06646376576174101 0
0.1263696082048909 -0.1864620439695882 0
0.1266598830966222 -0.1837833153019269 0
0.124193783663346 -0.1831765344897607 0
0.1252816959341184 -0.1848192892296744 0
0.1350802592159437 -0.1995356754012711 0
0.1352835582504162 -0.1967714426273592 0
0.1328787376306239 -0.1962489251203154 0
0.1339794984232839 -0.1978923002607935 0
0.06286201997458121 -0.09117446340525412 0
0.06066805348375222 -0.0878936468860155 0
0.06176503672916674 -0.08953405514563487 0
0.1595582743657515 -0.2362429093500929 0
0.1601515748198243 -0.2340117261407061 0
0.1573915460676974 -0.2329661852110502 0
0.1584749102167243 -0.2346045472805713 0
0.1021766485228818 -0.1501934950991573 0
0.1023718775058569 -0.1474088696796689 0
0.09997593073711658 -0.1468864272117238 0
0.1010762896299992 -0.1485399611554406 0
0.150842646999764 -0.2231022125128413 0
0.1515108388008239 -0.2208181275939085 0
0.148694507590149 -0.2197553887647007 0
0.1497685772949566 -0.2214288006387711 0
0.0672606488352592 -0.09775625655101441 0
0.06763166176482988 -0.09518371512233814 0
0.0650639953855694 -0.09446693225532185 0
0.06616232211041431 -0.09611159440316813 0
0.1198331646646335 -0.1766044087118999 0
0.1201484210087377 -0.1739407116043594 0
0.1176398177473172 -0.173323144997279 0
0.1187364912059753 -0.1749637768545894 0
0.1467672872963381 -0.2161071718829297 0
0.14718567031199 -0.2133367823507045 0
0.1440587338924733 -0.2126901367830069 0
0.1454130105944055 -0.2143986543329681 0
0.06542601536028607 -0.09189139566077914 0
0.06396300768007532 -0.09282069783028798 0
0.09560985883268766 -0.1403176688331901 0
0.09581248615704661 -0.1375445715308359 0
0.0934043817100986 -0.1370295342762552 0
0.0945071202713931 -0.1386736015547226 0
0.1617563904497708 -0.2395532045993977 0
0.1606573324077611 -0.2378980569747453 0
0.1110144423446008 -0.1633954444417658 0
0.1112614088881226 -0.1606529103059469 0
0.108799598122199 -0.1600864132321967 0
0.1099070202334 -0.1617409288369814 0
0.07392393571804599 -0.1076630127327115 0
0.07435400741537947 -0.1051129679862631 0
0.07170200152173387 -0.1043578499901523 0
0.07281296861988991 -0.1060104313614318 0
0.08465916951950747 -0.123924221932383 0
0.08262904683534228 -0.1207154064987992 0
0.0836441081774249 -0.1223198142155912 0
0.06102514157065445 -0.08533577885423008 0
0.05847112317449858 -0.08461318459960909 0
0.05956958832912536 -0.08625341574281224 0
0.1043831403638356 -0.1534943647280624 0
0.1032798944433587 -0.1518439299136098 0
0.1530199119490036 -0.2263728219010586 0
0.1519312794743838 -0.22473751720695 0
0.08048871296419019 -0.1174611213091185 0
0.08155887989976621 -0.1190882639039589 0
0.05186304483096353 -0.07474783000768623 0
0.04967098149188263 -0.07144287229654378 0
0.05076701316142308 -0.07309535115211499 0
0.08906919189220402 -0.1307082028479623 0
0.08723570637192399 -0.128053218388371 0
0.08815244913206401 -0.1293807106181666 0
0.1154408776557727 -0.1700101878040639 0
0.1157374200238204 -0.1673317927877831 0
0.1132351388589931 -0.1667294997201372 0
0.1143380082573829 -0.1683698437621006 0
0.05000994599109577 -0.06884632777480809 0
0.0485795343990112 -0.06978500599259901 0
0.08637266667373586 -0.1266959259328704 0
0.08796328202863074 -0.1265418077097873 0
0.1001956419752313 -0.1441243126181378 0
0.09780743053612254 -0.1436194643534256 0
0.09889168063661957 -0.1452529457825747 0
0.07611562472310288 -0.110933221268519 0
0.07501978022057448 -0.1092981170006153 0
0.09670864468440507 -0.1419685665933078 0
0.06948257295937593 -0.1010620767166477 0
0.06985725688250247 -0.0984893858994631 0
0.06837161089731757 -0.09940916663383105 0
0.05881394267961199 -0.08205421243979635 0
0.05626387213657572 -0.08132260678738071 0
0.05736749765553716 -0.08296789569349491 0
0.0566005596280625 -0.07877106357117669 0
0.05406475766681521 -0.07804056204678861 0
0.05516431490169549 -0.0796815844170847 0
0.1179491164560108 -0.1706359643807243 0
0.1165403477015449 -0.1716666664006714 0
0.1220224539372941 -0.179902027233337 0
0.12310811880032 -0.1815392808615489 0
0.05439271477858415 -0.07548576047568295 0
0.05296390124888937 -0.0763941960272374 0
0.1417461503256157 -0.2094199715758723 0
0.1419920851321692 -0.2066277518637101 0
0.1395003207711069 -0.206089359234668 0
0.1406232355483613 -0.2077546654052702 0
0.09362791865023663 -0.1343370251543071 0
0.0912323088697439 -0.1338206487724606 0
0.09231834528992119 -0.1354250915243578 0
0.07829902828757632 -0.1141889170299634 0
0.07939387062588324 -0.1158250191695409 0
0.07210562711284343 -0.1018015056544004 0
0.07059228724055494 -0.1027099633534 0
0.1372929355867695 -0.2028315377233203 0
0.1361865974013565 -0.2011836065622955 0
0.1065695732379533 -0.1567506623590665 0
0.1076845856800762 -0.1584185377956316 0
0.07720732650533957 -0.1125610691492412 0
0.1551947444059725 -0.2296368737456357 0
0.1558023756536188 -0.2273912745946583 0
0.1541073281774882 -0.2280048478233473 0
0.1579810273161789 -0.2306951642204493 0
0.1562931452368349 -0.2313015294783428 0
0.1067860469353793 -0.1539950270875146 0
0.1054763568008943 -0.1551225135435643 0
0.08551591809662167 -0.1253100739326267 0
0.1135039671687826 -0.1640065231096862 0
0.1121247906017969 -0.1650624720809515 0
0.09015075038097398 -0.1322644258102114 0
0.130715235588085 -0.1930072599342813 0
0.1317969866093545 -0.1946280925272983 0
0.1443575157974019 -0.2099390557278485 0
0.1429024421090445 -0.2110550541794396 0
0.1397318528494566 -0.2033287916953586 0
0.1383966281789383 -0.2044604484789943 0
0.1223380747425805 -0.1772301201562163 0
0.1209278093009637 -0.1782532179726183 0
0.1496284615535316 -0.2171125606481972 0
0.1477308974432435 -0.2179312803238151 0
0.1628448399164615 -0.2411854922744918 0
0.3068539976692738 -0.4570508716383478 0
0.3079543520021329 -0.4586967257415464 0
0.3077631461682643 -0.4552328198625702 0
0.305745608171813 -0.4554124625628063 0
0.2095939068351096 -0.2985232098224423 0
0.2853221866271 -0.4151321878923269 0
0.2844369434720849 -0.4171198353835673 0
0.2833290884254885 -0.4154166080221625 0
0.251818150303554 -0.3653777278137894 0
0.2489086031227851 -0.3641470493137963 0
0.2500375478413947 -0.3658018369129216 0
0.2674170557714659 -0.3889455914240519 0
0.2655532669403727 -0.3891820508651795 0
0.2211992854200421 -0.3215445116218117 0
0.2221790987772331 -0.3233267093342441 0
0.2433847097905808 -0.352628410872061 0
0.2425769842048546 -0.354552518366875 0
0.241487047364242 -0.352904889411895 0
0.2273930651916368 -0.3318146658939097 0
0.2263002479630005 -0.3301498810141733 0
0.2886075730782246 -0.423646996110951 0
0.2896976088533813 -0.4252442800004758 0
0.04043727714896295 -0.0509012873551648 0
0.02616076698234843 -0.02678481149252355 0
0.02374478062995063 -0.02627867762521693 0
0.02481224121752648 -0.02787165274653933 0
0.1365016223042859 -0.1955240196705518 0
0.154589416663418 -0.2192938688132147 0
0.1519793703991441 -0.2184393342721895 0
0.153050127732121 -0.2200559982035616 0
0.158500013286335 -0.2281918956791563 0
0.1574139778099181 -0.2265546926983387 0
0.06139558141261922 -0.08280644828781397 0
0.06249850276693571 -0.08443915137477986 0
0.1080058428787515 -0.1527149154852557 0
0.06839622237694261 -0.09004591482584297 0
0.06801655223389354 -0.09260935998708186 0
0.06691111886861434 -0.09096865524331108 0
0.05147679619089202 -0.06792543812655738 0
0.1421510615825354 -0.2036739967275544 0
0.1422842430772757 -0.200747319393714 0
0.1410080479633661 -0.2020380555445362 0
0.1160291289268438 -0.1645521705300901 0
0.1182637020222691 -0.1678727784229177 0
0.1185554109252926 -0.1650931561652247 0
0.1171464154745565 -0.1662124744765039 0
0.1226784128802368 -0.1744977246385337 0
0.1237590941395154 -0.1761571389728476 0
0.31734391200225 -0.4665537172975278 0
0.3163494210164014 -0.4649014706707509 0
0.1875440475777512 -0.2718359541408947 0
0.1886146019184869 -0.2735435662529794 0
0.09375255145052781 -0.1261556556851774 0
0.09599714514420249 -0.1289130132689402 0
0.09593710125260904 -0.1261194456738877 0
0.09487484829736514 -0.1275343344770588 0
0.1656884223827115 -0.2332096150074692 0
0.1680848330513317 -0.2337903305604068 0
0.1667163322906732 -0.2347470868407877 0
0.1697113506712959 -0.242212713722635 0
0.1721883095990452 -0.2427788912121375 0
0.1724381181954965 -0.2400661148721239 0
0.1710747344333962 -0.2411394142973794 0
-0.002737523449280359 0.007573591237028028 0
0.0006817665819010089 0.008039591424345304 0
-0.0003267224686166871 0.01104984697320651 0
-0.003746012499798054 0.01058384678588923 0
-0.001532122958948522 0.009311719105117267 0
0.07138973707468477 -0.08807654672080403 0
0.07409870052674492 -0.08850210798238622 0
0.07455930644046585 -0.08572412845638697 0
0.07297452175757531 -0.0869003375885955 0
0.06275096833419537 -0.06484274533366766 0
0.06458789410671031 -0.06169502840134897 0
0.061453617993313 -0.05995231438984442 0
0.06210229316375418 -0.06239752986175603 0
0.0303780474252088 -0.03309805496716364 0
0.03305966942977563 -0.03084972410440562 0
0.03171885842749222 -0.03197388953578463 0
0.09600905470425197 -0.1318511187431423 0
0.09707992126423401 -0.1304561964233157 0
0.1570927758279156 -0.2194880458010088 0
0.1583067760974713 -0.2211759780126861 0
0.2136627714317291 -0.3107758916582547 0
0.2113592592063692 -0.307631781313158 0
0.2125110153190491 -0.3092038364857064 0
0.2446702331997718 -0.3577486579451647 0
0.245484138361753 -0.3558344479660472 0
0.2436236087023132 -0.3561505881560199 0
0.2091654088806591 -0.3044143747936664 0
0.2081088782574657 -0.3028127242782088 0
0.3193265142720322 -0.4697688754361189 0
0.3203095045946472 -0.4679496836934307 0
0.3183352131371411 -0.4681612963668234 0
0.2006430883235355 -0.2913470444633843 0
0.2013912758284039 -0.2891904461309527 0
0.1984854755734835 -0.2881112453123633 0
0.1995642819485095 -0.2897291448878738 0
0.2192378663434926 -0.3175151412965803 0
0.2179625041940071 -0.3199757885507554 0
0.2202185758817674 -0.319529826459196 0
0.1693113639628729 -0.2446866055323244 0
0.1682074015663538 -0.2430482138410282 0
0.2650744888978508 -0.3785281466389082 0
0.2620174171416076 -0.3770187376312777 0
0.2610189528131394 -0.3790780267461429 0
0.2640760245693825 -0.3805874357537734 0
0.2630467208554951 -0.3788030866925255 0
0.03478145793989144 -0.03933890350895401 0
0.03718096488177546 -0.03935997638943383 0
0.0370977356729269 -0.03650086836839264 0
0.03593959680640917 -0.03791988593867332 0
0.0757748312437852 -0.09465984191283547 0
0.07317691034813667 -0.09403607046895114 0
0.07288615851302852 -0.09665735301634029 0
0.07433049487840686 -0.09565859746458788 0
0.07486908521497398 -0.1025749407074946 0
0.07251664903168653 -0.09923952069954775 0
0.07369286712333026 -0.1009072307035212 0
0.3047086530399972 -0.437580078836349 0
0.3016567382022959 -0.4361873491259806 0
0.3027206846767926 -0.4379130077515478 0
0.1311660960026278 -0.1875440996186076 0
0.130958828767423 -0.1902985529340471 0
0.1335050316229499 -0.1880195816065927 0
0.1322319301951864 -0.1891590672703199 0
0.3118556627617875 -0.4547969230503888 0
0.308659776751309 -0.453392228793102 0
0.3098094044650259 -0.4550148714564796 0
0.1027286134270364 -0.1385550759654334 0
0.1015876023275688 -0.1368700142390347 0
0.1259920330655267 -0.1664025358413516 0
0.1260715074540535 -0.1694298011047179 0
0.1277777400028163 -0.1681011845820363 0
0.2147856903289771 -0.3186290974593067 0
0.215889146833688 -0.3203497363804044 0
0.2156182659725976 -0.3164762205005656 0
0.2136205364949105 -0.3169552155132003 0
0.0213165422114454 -0.0257192105877203 0
0.01889497585978572 -0.02520409430588881 0
0.01997844654430027 -0.0268398684517265 0
0.0177963353638782 -0.02354949626702511 0
0.2404203861779049 -0.2806910692035536 0
0.2565789210107955 -0.2823446282905897 0
0.2549831990946937 -0.267529376440531 0
0.2388246642618032 -0.2658758173534949 0
0.2477017926362993 -0.2741102228220423 0
0.2198037661034705 -0.3150355007187128 0
0.2161841657325754 -0.313996579922698 0
0.217711016038034 -0.3157558606096392 0
0.2396789878577519 -0.3373334860971082 0
0.2397757381376747 -0.3407566538912847 0
0.2431127223278516 -0.3410624236288033 0
0.2430159720479288 -0.3376392558346268 0
0.2413958550928018 -0.3391979548629557 0
0.2985358498783672 -0.4347145531286669 0
0.3029241545539706 -0.4336343193663937 0
0.3007300022161689 -0.4341744362475304 0
0.08415426048279409 -0.1034424093815458 0
0.08520697080079612 -0.1016163413256832 0
0.08235477632388077 -0.09991038990047066 0
0.08325451840333743 -0.1016763996410082 0
0.0240773014958477 -0.02360264628976923 0
0.02269692185364655 -0.02466092843874477 0
0.1285330668632218 -0.1897255035255916 0
0.1288061838403636 -0.1870428106535562 0
0.1274513375340563 -0.1880937737475899 0
0.1296241512256534 -0.1913663817299364 0
0.2669866368946922 -0.3820332418378085 0
0.2631635454856717 -0.3824383018324875 0
0.2650750911901819 -0.382235771835148 0
0.234447607055496 -0.3324666840878214 0
0.2304339187299465 -0.3333490698778493 0
0.2341177367721111 -0.3344476070222117 0
0.2324407628927213 -0.3329078769828353 0
0.1962574000863897 -0.2848784420371517 0
0.1969192316589757 -0.282836294978184 0
0.1951437335427309 -0.2833198823826782 0
0.06214372472052047 -0.07774533512010712 0
0.06175248505928331 -0.08027575774557119 0
0.06325141125698912 -0.07939541560295324 0
0.275199167901278 -0.403578109430154 0
0.2758550638781442 -0.4015492652425607 0
0.2730136833916574 -0.4003748774744336 0
0.2741064256464677 -0.4019764934522937 0
0.2102623340435141 -0.3060230780534122 0
0.1468574737057089 -0.2103443166724762 0
0.1496900694200629 -0.2133794440526288 0
0.1493618728137818 -0.2103869783744005 0
0.1482737715628859 -0.2118618803625525 0
0.2035162372851897 -0.2924730342842004 0
0.201705833333178 -0.2930029564304358 0
0.1719594415349787 -0.2455398419617387 0
0.1704381623130789 -0.2463623961700905 0
0.02931717376741792 -0.01699641460329734 0
0.02659458634044235 -0.01571080362152989 0
0.02526962397067831 -0.01845416680503987 0
0.02799221139765388 -0.01973977778680732 0
0.02729339886904811 -0.01772529070416861 0
0.2365118687087149 -0.342404871900639 0
0.2394128439099712 -0.343187643887319 0
0.2381438034231948 -0.3415807628959618 0
0.07599260728523052 -0.1042678932639438 0
0.1469726900719965 -0.2074648399595462 0
0.1444727321636896 -0.2070595790149186 0
0.1456651029346992 -0.2087019478436974 0
0.02461751658487902 -0.02111954034520552 0
0.02650418930392962 -0.02429402136763133 0
0.02704440439296094 -0.02181091542306762 0
0.02556085294440432 -0.02270678085641843 0
0.26017984487627 -0.3809998314493505 0
0.2579960930789499 -0.3776421790386049 0
0.2590879689776099 -0.3793210052439777 0
0.03466324865120483 -0.04223899489991774 0
0.03230909239150628 -0.03904967793742547 0
0.03348617052135556 -0.0406443364186716 0
0.2998867171495834 -0.426844436010562 0
0.3033467202278564 -0.4295506842700766 0
0.3029058778140102 -0.4266611321211481 0
0.3016167186887199 -0.4281975601403193 0
0.1359576807640439 -0.1856667618282778 0
0.1337065103859435 -0.1852854235419838 0
0.1347313561934969 -0.1868431717174353 0
0.2763394814739704 -0.4052425252791007 0
0.1659711880648642 -0.2206655429641801 0
0.1641104437389376 -0.2220968188354098 0
0.1165011675156202 -0.1585773562816795 0
0.116265482820606 -0.1616504435187842 0
0.1189550150819244 -0.1621231758476827 0
0.1191906997769387 -0.159050088610578 0
0.1177280912987723 -0.1603502660646811 0
0.2295405667315303 -0.3351261510495857 0
0.2284668159615835 -0.3334704084717477 0
0.1606427320110702 -0.231565414770698 0
0.1611617179812263 -0.229062146229405 0
0.1595713726487026 -0.2298786552249271 0
0.07022676636384445 -0.09590721821625564 0
0.07061165683290813 -0.09333286308099935 0
0.06912165929886899 -0.09425828910166875 0
0.05149343407333734 -0.05829092867032355 0
0.04889896394344655 -0.0576102437385053 0
0.04853253690256024 -0.06019892599452294 0
0.05001298548794879 -0.05924492733242324 0
0.2557412494304431 -0.3741591201912925 0
0.2564695431626094 -0.3720700442561515 0
0.2545922022599142 -0.3724680387781373 0
0.2708224689379192 -0.3971530691192852 0
0.2715490652309417 -0.3952433998289212 0
0.2697745473753189 -0.3955758928162096 0
0.2954188655517609 -0.4333002826080969 0
0.2942441055600661 -0.4316614100284928 0
0.03014361482562576 -0.03586797380327089 0
0.0290844393052059 -0.03426931252182053 0
0.09589958078426283 -0.1346396064311952 0
0.09701575245807326 -0.1362743952839895 0
0.104757397336106 -0.1448690886257283 0
0.1024666313379355 -0.1444829971863216 0
0.1035646374209815 -0.1461389791526986 0
0.2587924110553352 -0.3755850968390817 0
0.2568686712546965 -0.3759006496149487 0
0.2736689619699637 -0.3983780744037427 0
0.2719180761647883 -0.3987639732968594 0
0.2965234165496605 -0.4350608556210091 0
0.03122635360856602 -0.03745882587034818 0
0.1446317086140559 -0.204105823878763 0
0.1433118968731125 -0.2053667878712365 0
0.0948184866772443 -0.1330940719487246 0
0.1026092461327106 -0.1415873825758578 0
0.101402444053971 -0.1428558475969978 0
0.113909131472242 -0.1581623317869452 0
0.115243682757698 -0.1568019774150317 0
0.249608016016599 -0.3621489806153825 0
0.2467623865673826 -0.3609497345181563 0
0.2478354948450839 -0.3625483919159763 0
0.1527631042683619 -0.2166440770667176 0
0.1504121954227495 -0.2153173034427254 0
0.1511957829109468 -0.2168783188574574 0
0.05987320007978297 -0.0744581451627444 0
0.0595235236619975 -0.07699530368806951 0
0.06100846240015172 -0.07610174014142576 0
0.2324420271775952 -0.3364261640591634 0
0.2305408450237187 -0.3366272874873538 0
0.2612543643867154 -0.3826544069132692 0
0.03729604962243557 -0.04260180260312535 0
0.03587393532870301 -0.0439252256240597 0
0.1632558044905771 -0.2324363225437446 0
0.1617036896552007 -0.2332240243422254 0
0.07137170769776549 -0.09757336945790171 0
0.153739886300761 -0.2117570828704898 0
0.1544865273283544 -0.2143968194487678 0
0.1560623812406209 -0.2108963796061213 0
0.1552744542844877 -0.2126465995274446 0
0.1021023831202393 -0.1292320050385564 0
0.1012463264867531 -0.1307060590458703 0
0.2149234685821522 -0.3123862357904764 0
0.3319403222557127 -0.4949074674872971 0
0.2364322439963524 -0.3354993679395231 0
0.2344371355869738 -0.3359627659993432 0
0.1800514046360642 -0.2444274626436552 0
0.1772961252362194 -0.2438357341761424 0
0.1771494140265613 -0.2469075643689981 0
0.1786004093313127 -0.2456675135063267 0
0.2698624114863832 -0.3782266100159908 0
0.2665504970046139 -0.37631458378379 0
0.2683864033796202 -0.380440172871109 0
0.2674684501921171 -0.3783773783274494 0
0.2224372475354855 -0.3153505359846929 0
0.2210404000771163 -0.3137959022661318 0
0.2475190935928779 -0.3589818802017781 0
0.2457163098835772 -0.3593491962316605 0
0.1137403210625447 -0.1611047960983802 0
0.1125852701801823 -0.1594076210464461 0
-0.4453224796415014 0.3501881124964823 0
-0.4449308489301682 0.2351470386565977 0
-0.4451266642858348 0.2926675755765533 0
0.1212043761757628 -0.1655739115049338 0
0.1216039803323947 -0.1626039311873918 0
0.1200796956288436 -0.1638485436763082 0
0.3064542482768279 -0.4501186462293576 0
0.3042882639216915 -0.4468139300610893 0
0.3053712560992597 -0.4484662881452234 0
0.3095723262922002 -0.4515529520367961 0
0.3075570125140684 -0.4517554375112298 0
0.007995490871336063 -0.005911167575875298 0
0.005642352533988873 -0.005456516898020455 0
0.00673897350583827 -0.007067425893193008 0
0.1221471109149861 -0.1529681718860076 0
0.1228484215970584 -0.149417264106015 0
0.1211559161594884 -0.1508615165785136 0
0.2838301767696908 -0.4049019930543487 0
0.2863175519496057 -0.4074698395806142 0
0.2863485009149669 -0.4054367163176495 0
0.2850738643596483 -0.4061859163174814 0
0.2678558653719341 -0.3734575616447889 0
0.2642419124059304 -0.3717811145086227 0
0.2629365440386102 -0.3746381366476238 0
0.2653962047052721 -0.3740478491462064 0
0.1148847249946943 -0.1628284833142352 0
0.1973714378299366 -0.2864948436747575 0
0.1749939974124349 -0.2592532719909908 0
0.1738763127253364 -0.2576087740645338 0
0.2176673560461568 -0.303315093710686 0
0.215738102663095 -0.3024781071301581 0
0.2163634636220908 -0.3037521646649053 0
0.01115456534219733 0.07678651553243222 0
0.005697362224100664 0.04861022862552454 0
0.03474219470937142 0.0700587805078777 0
0.02021977846673604 0.05933450456670112 0
-0.007092708452669124 0.001986604963374551 0
-0.01147181052654839 0.002054086553814627 0
-0.009282259489608769 0.002020345758594589 0
0.2578402452961199 -0.3617922278591349 0
0.255021275988828 -0.3617613098514202 0
0.2550797056540295 -0.3638756400067232 0
0.2564599754750747 -0.3628339339329291 0
0.0735565823191747 0.01015864421088557 0
0.08837718499103465 0.00759452636805197 0
0.3404632857360576 -0.4959055085791983 0
0.3411271899520529 -0.493578303185541 0
0.3393314291537924 -0.4939435386362967 0
0.2865152329723032 -0.4204450049444238 0
0.2874325638970883 -0.4185462408337182 0
0.2854760882221941 -0.4187824201639955 0
0.2216372358398167 -0.3084612368880622 0
-0.01343939299735779 0.003829742963650672 0
-0.01521606502050103 0.001775656409836045 0
-0.01334393777352471 0.001914871481825336 0
0.023646481143376 -0.01938555662544845 0
0.3020802151055892 -0.4434899480825519 0
0.3009539859350916 -0.4418396236774451 0
0.04058595152530237 -0.04258405308871561 0
0.04047086678464224 -0.0393422268750241 0
0.0388834582035389 -0.04097201473907472 0
0.07357834201497655 -0.09138613055016387 0
0.07101308849974799 -0.09068292316221208 0
0.07209499942394232 -0.09235949681558162 0
0.3031842395136404 -0.4451519390718206 0
0.05917084632627607 -0.07952352189755357 0
0.06028321386944765 -0.08116498509268377 0
0.2110550494372045 -0.2900712999093322 0
0.2073060797459473 -0.291272586265268 0
0.2091805645915759 -0.2906719430873002 0
0.2388406875205435 -0.3457425401608538 0
0.2358472088691408 -0.3444271305991147 0
0.2370018841477099 -0.3461441602033009 0
0.1745232111717138 -0.2461982804287582 0
0.1757032819372576 -0.2479089946914248 0
0.2347291890161974 -0.3428305292494594 0
0.287561403025264 -0.4220460005276875 0
0.1546613375642563 -0.2165901269127141 0
0.15258829403246 -0.2144507696027713 0
0.1536248157983582 -0.2155204482577427 0
0.2597115379523378 -0.3732044958554279 0
0.2604097799060685 -0.3706977654679238 0
0.2584396615343389 -0.3713839048620377 0
0.1230119632521612 -0.1717428831810424 0
0.1204819713806622 -0.1711858701468681 0
0.1215801921304495 -0.1728417973927009 0
-0.377997007575207 0.05559457579436836 0
-0.443146935996642 0.1180945757946285 0
-0.438998503787577 0.05904728789731424 0
0.2283443110910446 -0.314147109012017 0
0.2315978582638963 -0.3127639158666548 0
0.2295441184331821 -0.3098473365797854 0
0.2289442147621134 -0.3119972227959012 0
0.05695323696378392 -0.07624284536169262 0
0.05729879535046967 -0.07370423671231716 0
0.05584575506452691 -0.07459499859400007 0
0.2913692434054124 -0.4182398198548988 0
0.2884933990659337 -0.4167498844027887 0
0.2894009036512504 -0.4183930303443085 0
0.0459612035763613 -0.05948842291093304 0
0.04706797733403156 -0.0611670404583856 0
0.0416205995134625 -0.04480780983404498 0
0.06989297972581368 -0.08906123077332351 0
0.005821513187760922 -0.002753366454656422 0
0.003468634337976331 -0.002231060082942391 0
0.004555493435982599 -0.003843788490481419 0
0.1314263543782972 -0.1848298702024633 0
0.129066442216033 -0.184328581237412 0
0.1301162691093304 -0.1859363404280098 0
0.03342385367677959 -0.02163903122186978 0
0.03447083527661594 -0.02538958564475137 0
0.03811643406312039 -0.02439453107650121 0
0.03706945246328405 -0.02064397665361963 0
0.03577014386994999 -0.0230167811491855 0
0.1589692318316495 -0.1514645011731467 0
0.1724283140626682 -0.148211550189094 0
0.1639771103781989 -0.144996735254082 0
0.155877056696086 -0.2180390863568615 0
0.2522655744294173 -0.3630582820811319 0
0.2528281504214395 -0.3609568105286562 0
0.2501705920086211 -0.3600475090629068 0
0.2512180832190192 -0.3615528955720194 0
0.05806204164503 -0.0778831836296231 0
0.1317217103615604 -0.1821610155435679 0
0.1340018663692067 -0.1826165688830884 0
0.1327141103737519 -0.1837232195427759 0
0.0463110093697398 -0.05680703141708423 0
0.0448406897862006 -0.05778379008628864 0
0.1207965569469205 -0.1684226841890615 0
0.1193728367014656 -0.1695293242848929 0
0.03690893957890969 -0.03395840520889781 0
0.03904115993080401 -0.03648133151358422 0
0.03885236383678679 -0.03393886835408939 0
0.03797504975485685 -0.03521986836124102 0
0.08517001231731496 -0.1061451145423547 0
0.0863058683345518 -0.1072247369545388 0
0.08466213640005452 -0.1047937619619502 0
0.2463267679086872 -0.3537636947286852 0
0.2471877202242707 -0.3519783998216595 0
0.2452862150074258 -0.3523034053468603 0
0.135103229298598 -0.1774645144722475 0
0.1384961481765599 -0.1787650656980325 0
0.1362153981325449 -0.1738671508664891 0
0.1373557731545524 -0.1763161082822608 0
0.1320819860587908 -0.1795104431576732 0
0.1293627535182969 -0.181624948362198 0
0.1307223697885438 -0.1805676957599356 0
0.1883359650883144 -0.2696159132354283 0
0.1920391434911977 -0.2686406648501181 0
0.190187554289756 -0.2691282890427732 0
0.1069180454750162 -0.1421335482123213 0
0.1047769657667016 -0.1418983999294948 0
0.1058377214055611 -0.1435013184190247 0
0.3397190932745909 -0.4980993393831549 0
0.3378548659041585 -0.4981727838971455 0
0.2963230493358002 -0.1463502609821283 0
0.2778748769361815 -0.1192318041623468 0
0.25127836435401 -0.1335492360685643 0
0.2738007068449051 -0.1399497485253463 0
0.2694394923659352 -0.3835058375609625 0
0.2708392588508632 -0.3819127685942629 0
0.2689129478727778 -0.3819730052160357 0
0.2266083427042092 -0.3157013831663935 0
0.2245227951198473 -0.3155259595755432 0
0.1280113183074595 -0.1827041318320624 0
0.2509188416656626 -0.3579890275477611 0
0.2482673432499194 -0.3569233986866325 0
0.2492189676292703 -0.3584854538747697 0
0.1518661680297735 -0.2125129102126747 0
0.1511391817262615 -0.2139151068277 0
-0.04435691218531661 0.009485231607783558 0
-0.06164111702997205 0.01921489828927865 0
-0.07684807118571152 0.009729666681495094 0
-0.06060249168551407 0.009607449144639325 0
0.289708024423257 -0.4144121233649991 0
0.2875151055251784 -0.414772155628663 0
0.2424514444909237 -0.3444373282136459 0
0.2406460660057336 -0.3450899341872499 0
0.02894535322418581 -0.02480677186594138 0
0.02755306010326712 -0.02579579167923246 0
-0.2772366250563683 0.050406124614028 0
-0.3276168163157939 0.05300035020419817 0
0.2014620810386025 -0.2244538352486136 0
0.2047816805600517 -0.2158723338640857 0
0.1931762246268242 -0.221834260081402 0
0.198978952593438 -0.2188532969727438 0
0.1703017870935036 -0.2338771819268284 0
0.1692084988849991 -0.2327115229784998 0
0.4260263389726915 -0.2537251856454105 0
0.4663325578668567 -0.335136750367659 0
0.4630131694863457 -0.2831125928230194 0
0.02749017361483233 -0.01264910223150711 0
0.02533585278563461 -0.01373251045628267 0
0.1637357613634631 -0.2298750260432365 0
0.1647120918730873 -0.2315423205253529 0
0.1479486212006364 -0.1971858617236401 0
0.1476748496006898 -0.1936253391437269 0
0.1448433530134862 -0.1975762404639105 0
0.146259101307088 -0.1956007898038187 0
0.1602291660229348 -0.2039055377728695 0
0.1589633067932296 -0.2003834174719478 0
0.1571645189459455 -0.2055651562928601 0
0.1580639128695875 -0.202974286882404 0
0.3442937994443718 -0.4950959680576789 0
0.3448406500479826 -0.492233735693879 0
0.3429839200000178 -0.4929060194397099 0
0.04866713122124641 0.2003068763362069 0
0.03326437043986026 0.1465152328177616 0
0.04096575083055334 0.1734110545769843 0
0.305025280246047 -0.4263440847118948 0
0.3045065846185748 -0.424548102810455 0
0.3023871821865381 -0.4248651502197082 0
0.3037062312162926 -0.4256046174658015 0
0.1238234958854321 -0.104256527227847 0
0.1264958600773242 -0.1121362104877168 0
0.1494164709588214 -0.2080015686209178 0
0.1496552911588735 -0.2049943225990982 0
0.1472115102720487 -0.2044575939377266 0
0.148313990615435 -0.2062295812793222 0
0.2608644775469727 -0.3751116167433528 0
-0.2297619401004365 0.09938484161276304 0
-0.2231662216248912 0.04969242080638152 0
0.2703474765736712 -0.3316220580633894 0
0.2653331859938222 -0.3211127207554546 0
0.2558152397029671 -0.3258628978839782 0
0.2608295302828161 -0.3363722351919131 0
0.2630813581383191 -0.3287424779736838 0
0.1748288042309292 -0.2404554822375395 0
0.1749754173859494 -0.2374284006710842 0
0.1725847313505167 -0.2370390333056686 0
0.173706767790723 -0.238747257771604 0
0.095367730618746 -0.1157326131327023 0
0.09213248727041182 -0.1177355970949589 0
0.09476118075313972 -0.1183820942256126 0
0.09375010894457891 -0.1167341051138306 0
0.09125175507353535 -0.1203335996074348 0
0.09017849104344733 -0.118625548860335 0
0.2043907480896882 -0.2902000285658064 0
0.2033479412525697 -0.2885163232427185 0
0.2054111585155685 -0.2918728102747342 0
0.2506015184718964 -0.3521972362299358 0
0.2509749810373413 -0.3501497788482212 0
0.2475611827897156 -0.3499309424399449 0
0.249081350630806 -0.3510640893349404 0
0.2702375569432532 -0.3902511348535302 0
0.269210040307877 -0.3886590499156805 0
0.1048963330610273 -0.1388660933190704 0
0.103752789596869 -0.1402267379474641 0
0.05768655942433409 -0.0711672455778652 0
0.05816338068376388 -0.06856817685412608 0
0.05663619250648946 -0.06947621168000105 0
0.2052552859735713 -0.2833500307038776 0
0.1747520792357803 -0.243437329679157 0
0.1733557603853795 -0.2444885858204479 0
0.2747856547583044 -0.3943847245882895 0
0.2721742981563332 -0.3933250140491845 0
0.2741604218329129 -0.3963031103680262 0
0.273167359994623 -0.3948140622086054 0
0.04938529287660302 -0.05503141495547675 0
0.04784815112317141 -0.05591922318628048 0
0.1761228686699287 -0.260932176735116 0
0.01055758632728146 -0.001004437862118997 0
0.0104859574327975 -0.003575199095614026 0
0.01169859187449118 -0.002365026002968895 0
0.1760624647335743 -0.2421456082068409 0
0.04628884514038999 -0.03484898976738798 0
0.04284974289074936 -0.03788521803187997 0
0.04594754363787619 -0.03796566344255338 0
0.003565349533156546 0.000733735977516102 0
0.001193206423248306 0.001320059218356355 0
0.00233092038061231 -0.0004555004322930043 0
0.3235539081818779 -0.476198819030251 0
0.322835281500401 -0.4779010144216457 0
0.3246955388712224 -0.4775094553057318 0
0.1627451321878323 -0.2281286606637659 0
0.3198460161573679 -0.476666528651282 0
0.3206110294778374 -0.474793638419477 0
0.3187484971950372 -0.4750612928939162 0
0.3411169923768204 0.06486401297623771 0
0.3520429551855787 0.1189226968439921 0
0.3128278399289319 0.09979547496138992 0
0.3465799737811995 0.0918933549101149 0
0.1864906779682564 -0.2700944315350384 0
0.2037757622976106 -0.0953954867080461 0
0.2039289484125574 -0.07005737891066546 0
0.1913639450078489 -0.08216347803556731 0
0.09849933242663324 -0.1181803346900433 0
0.1002372106667431 -0.1157838375405978 0
0.09710560885885587 -0.1133361159832568 0
0.09780247064274455 -0.1157582253366501 0
0.2763364089555627 -0.3993534330800681 0
0.2768278688185118 -0.3972784690443516 0
0.2752484153942378 -0.3978282717240472 0
0.2847306176743302 -0.4022351674015634 0
0.2830772095301987 -0.4029329424621723 0
0.006472137993200426 0.001704693762425701 0
0.004042851074918913 0.002680401500492337 0
0.005994636451438058 -0.0002419717605505338 0
0.005018743763178486 0.001219214869970901 0
0.2894945953348914 -0.4105773170178034 0
0.2888590832669695 -0.4076614551590823 0
0.2879060736422485 -0.4090235782992088 0
0.1105457963678194 -0.1386735388636924 0
0.1092741359560669 -0.1354476783395811 0
0.1073678797694386 -0.1363834151343022 0
0.1086395401811911 -0.1396092756584135 0
0.108956838068629 -0.1375284769989973 0
0.1246828747444362 -0.1632214099085256 0
0.1253284375790773 -0.1599771992443222 0
0.1222495431670358 -0.1593597205231884 0
0.123466208955736 -0.161290565215857 0
0.2943051060824388 -0.4153683440562617 0
0.2917500476885096 -0.4130505169002081 0
0.2922630828171863 -0.4167299505210527 0
0.2920065652528479 -0.4148902337106304 0
0.2354791239938237 -0.3206139207347768 0
0.2342321979829591 -0.3178752500344477 0
0.2331468873024319 -0.3198152251511584 0
0.162823167996189 -0.1721820642439735 0
0.155862341337095 -0.1650732091381405 0
0.1556752630402753 -0.1722228106266733 0
0.2457762921168513 -0.3457190676515643 0
0.2464375699537792 -0.3423441630667218 0
0.2444445072223514 -0.3433907456401839 0
0.3480239541884254 -0.4488429391073018 0
0.3373928917917028 -0.4425841864876007 0
0.3421978153922032 -0.4593118728706594 0
0.339795353591953 -0.4509480296791301 0
0.02933072369684455 0.01113583747311748 0
0.01579967321068877 0.02329737338972816 0
0.0196846207676874 0.008953544905039036 0
0.02256519845376666 0.01721660543142282 0
0.1229291861011579 -0.13780684544913 0
0.117850438821276 -0.1271254208304477 0
0.1165499778494386 -0.1359443786924133 0
0.1203898124612169 -0.1324661331397889 0
0.1490780693479967 -0.1884418193294438 0
0.1463854552513733 -0.1903473303978682 0
0.1483764594743432 -0.1910335792365854 0
0.1979403240710611 -0.2784726087073919 0
0.200899440210661 -0.2771239989176557 0
0.199419882140861 -0.2777983038125238 0
0.188637691539896 -0.2567138323416333 0
0.1845566546520768 -0.2543394947434773 0
0.1865971730959864 -0.2555266635425553 0
0.1138289340458513 -0.1446869035307707 0
0.1113123272814798 -0.1449152461427911 0
0.1126632628848233 -0.1465273896653828 0
0.1474085476503678 -0.2011776622951134 0
0.144828745992375 -0.2008258922361498 0
0.1460201281322118 -0.2026417430869382 0
0.1234319218932895 -0.1688798596349422 0
0.1245417353531073 -0.1705863421428802 0
0.347310686202314 -0.4972897988616355 0
0.3434208046083675 -0.4978061691960435 0
0.3453657454053401 -0.4975479840288395 0
0.0001548911921174074 0.003018933493113191 0
-0.002930955595372564 0.001698874274756835 0
-0.000868874586062143 0.001509466746556595 0
0.2722567376893789 -0.3751188539708514 0
0.2735987048130826 -0.371947256736309 0
0.2691978324956378 -0.3702859644102466 0
0.2707272850925084 -0.372702409190549 0
0.1501164943379947 -0.2017132260156744 0
0.1490325577693156 -0.1994495438696572 0
0.2534489279787918 -0.3646266839102563 0
0.04142003603691112 -0.0350243226704401 0
0.04094545141077668 -0.0371832747727321 0
0.1917915912577861 0.008844846061297162 0
0.1800881884946022 0.04269450125151608 0
0.1494926773275119 0.03470947454904888 0
0.170642134292649 0.02177716030517302 0
0.2424203677000748 -0.3075880707832566 0
0.2502293541450563 -0.3166268747486926 0
0.255402624721068 -0.3107264493894313 0
0.2489114962105714 -0.3091572600863439 0
0.1067629592586872 -0.1396398360512989 0
0.1061321064152329 -0.1376247542266863 0
0.3415699489414806 -0.4979527542895992 0
0.1087946263975201 -0.1421029878194359 0
0.1077787928281037 -0.1408714119353674 0
0.05411651798648011 -0.05629899754093388 0
0.05146998567318187 -0.05603762355187048 0
0.05280497602990872 -0.05729496310562872 0
0.1512418845935397 -0.2105599846053245 0
0.1524908854471504 -0.2111585337379072 0
0.1707931243880019 -0.2170395908951895 0
0.167009270953319 -0.2160804006278786 0
0.168382156226433 -0.2188525669296848 0
0.001678976541536458 0.006370674183155527 0
-0.001142682717036084 0.005090754583242297 0
0.00297655045068995 0.004298853093026421 0
0.0009169338668269329 0.004694803838134359 0
-0.004345742955316692 0.003685479238131385 0
-0.003541633202298525 0.005629535237579707 0
0.3081920106253078 -0.4365388483494095 0
0.3056821197317433 -0.4353897665690015 0
0.3064503318326525 -0.4370594635928793 0
-0.04906518885682037 0.03371699540366519 0
-0.08483322475862147 0.03196552366891782 0
-0.06694920680772093 0.0328412595362915 0
0.2889465779255748 -0.07964732550914061 0
0.260578995682347 -0.09674478829420419 0
0.2834107274308781 -0.09943956483574369 0
0.3233632803373788 -0.4225495737163135 0
0.3203408738227552 -0.4137696880546024 0
0.3122078932765178 -0.4165017696549419 0
0.3152302997911414 -0.425281655316653 0
0.3177855868069483 -0.4195256716856277 0
0.08441881792387573 -0.09081153461767703 0
0.08677938143873361 -0.08663150618086274 0
0.08303504484520399 -0.08324981043262358 0
0.0806744813303461 -0.08742983886943786 0
0.08372693138453985 -0.08703067252515029 0
0.1238397411221318 -0.1660310869508146 0
0.1223181490345261 -0.167226885569938 0
0.008135865928504599 -0.003218975172063858 0
0.009240724152066782 -0.004743183335744663 0
0.1046474427375644 -0.05240509998658523 0
0.09343232604927817 -0.05418715883174058 0
0.09745863855506065 -0.04687618475877382 0
0.01541093732657785 0.00853072600976509 0
0.0120351542178624 0.01017092549658928 0
0.01421954366871119 0.004521981762690346 0
0.01312734894328679 0.007346453629639814 0
0.2920454326758802 -0.4087160726776413 0
0.2943008850294985 -0.411189272560046 0
0.2918977401821949 -0.4108832947889247 0
0.1777137212848199 -0.17482024611154 0
0.1860335319966686 -0.177276934816073 0
-0.1288003622644118 0.1844168924447457 0
-0.180795206147171 0.1426658725824179 0
-0.1344255785455483 0.1412362638992157 0
0.3042702660040303 -0.4317622173077609 0
0.306566671685911 -0.428478290551204 0
0.3054184688449706 -0.4301202539294825 0
0.00319011758507601 0.009406855173974153 0
0.004187327544711459 0.007737937932784376 0
0.002434547063306234 0.007888764678564841 0
0.3213336322557753 -0.4729403837166125 0
0.3222054842300531 -0.4710980168846647 0
0.3203300732639037 -0.4713546295763657 0
0.1642482617314415 -0.199827745910524 0
0.1630734325098878 -0.1943619396355252 0
0.157788477571676 -0.194917611196949 0
0.1610183696515587 -0.1973726785537365 0
-0.005011832024020858 0.001842739619065693 0
0.2556339593163648 -0.3596065437121566 0
0.2534408337489763 -0.3588020443893927 0
0.2542310548689021 -0.3602816771204064 0
0.1326030103357101 -0.1767829392472799 0
0.1345822050216788 -0.1801920183826408 0
0.1335926076786944 -0.1784874788149604 0
0.1974090150845373 -0.280644240730041 0
0.1986255610805296 -0.2821416639714951 0
0.3209571144343926 -0.478259717737111 0
0.2491099727968536 -0.3548526454492703 0
0.2472970555793033 -0.3553435467076588 0
0.09820425066139681 -0.1225286507056307 0
0.09587210776383777 -0.1227664456930632 0
0.09707067595700292 -0.1243240481897592 0
0.09776640931519379 -0.1095516080689412 0
0.09392598043954822 -0.1083733406402209 0
0.09551579464920204 -0.1108547283117388 0
0.3099042481789255 -0.02037807033378658 0
0.2968028079129049 -0.05714341098122547 0
0.3284988362923376 -0.04907986161242132 0
0.008308989192181735 -0.000707580477957969 0
0.007065251189971328 -0.001730473466307196 0
0.3104411313151588 -0.3867333001389829 0
0.2999585608811561 -0.379695075297972 0
0.3021581556030513 -0.3876204098650528 0
0.1435637980453809 -0.1991617799288122 0
-0.4440388924634051 0.1766208072256131 0
0.288307964132958 -0.3755426713326693 0
0.3031153188857146 -0.3701362216870825 0
0.2914647221375165 -0.3659838177217798 0
0.2957116415093363 -0.3728394465098759 0
0.1670314556881157 -0.2114168831379771 0
0.1650501189868351 -0.2139202426323347 0
0.2651762811038909 -0.3685119871810979 0
0.2627930305049797 -0.3696048763245109 0
0.2958177842176248 0.1482031314092972 0
0.2582495423569835 0.1437949629658001 0
0.2752595980682906 0.09538730651789282 0
0.2855386911429577 0.121795218963595 0
0.1224248848785057 -0.1560953020238262 0
0.1208077923277222 -0.1575726953172021 0
0.2751309262834704 -0.3927071055804474 0
0.2762202370757981 -0.3911079668889114 0
0.2729141396816722 -0.3914528572677635 0
0.2745671883787351 -0.3912804120783374 0
0.130650339123159 0.05904150258735657 0
0.1275051015524145 0.03721310886775828 0
0.008409028220103316 0.001666973617044519 0
0.006324364272875044 0.003712670438527391 0
0.00736669624648918 0.002689822027785956 0
0.1910283888766183 -0.2298121624707379 0
0.1854453544199392 -0.2199554605693489 0
0.1832975186697333 -0.2279333629586848 0
0.1882368716482787 -0.2248838115200434 0
0.1643101606025055 -0.1591563556178464 0
0.1574157865843723 -0.1582688551556436 0
0.230497819463256 -0.316015416463917 0
0.2285530810837325 -0.3158583998151552 0
-0.02361327836235096 0.004623242658064096 0
-0.02756630115849445 0.006550096511275099 0
-0.02769015521640599 0.00381900495070778 0
0.02900448980717314 0.0008896697306629269 0
0.0367564015087056 0.001378239809909487 0
0.03708263539837701 0.01162440755236404 0
0.03304356260277508 0.006257038641513485 0
0.1503291777761805 -0.2092807766131212 0
0.2973300622725694 -0.4243518219558652 0
0.2951718335502269 -0.4221975528067183 0
0.2962509479113981 -0.4232746873812917 0
0.1513886337530468 -0.2037629664238143 0
0.00948330727369239 0.0003312678774627612 0
0.1358031168078705 -0.1830550216203204 0
0.1363834554603426 -0.1806304711198728 0
0.1351926609147747 -0.1816235200014806 0
0.1496854189629797 -0.07770910250070548 0
0.2515255409595826 -0.3562193712662362 0
0.2530170866346254 -0.3535639620469017 0
0.2510635297157395 -0.354208303748086 0
0.2576059630543115 -0.2476699364320176 0
0.2613901418605857 -0.2277027350413877 0
0.2472477982634713 -0.23591339379635 0
0.08403375335277828 -0.07567375352312881 0
0.07820642922687973 -0.07369928733449337 0
0.07720772071930544 -0.08127534424398813 0
0.08062073703604186 -0.07847454888355848 0
0.08578240754555383 -0.05384064125173166 0
0.0793660245590205 -0.05906960843600018 0
0.07932580595311915 -0.05300348081478973 0
0.2712059275497932 -0.3917880744513574 0
0.2150694061390649 -0.3009116700083327 0
0.2850056277039948 -0.2074757462219747 0
0.313255774388835 -0.2055706994756631 0
0.3081982760118303 -0.179607842306444 0
0.2966019518579125 -0.1935417942642094 0
0.07615687502662086 -0.09222357800385869 0
0.07667723353838921 -0.08933955543608105 0
0.07512778777668289 -0.09036284299312244 0
0.1726857078168899 -0.2340773536176254 0
0.1714432592220101 -0.2354581076162485 0
0.08571653799059098 -0.1120801886350642 0
0.009642763304673105 0.01385892803995798 0
0.007689563830243894 0.03041288000189671 0
0.001532653924228229 0.02097443465212653 0
0.008666163567458501 0.02213590402092734 0
0.08099945752036584 -0.09743649535760479 0
0.08019006427520003 -0.09480990409378973 0
0.07784682123253581 -0.09530240621253561 0
0.07942313937645083 -0.0963694507850702 0
0.08807104424060988 -0.09944795691131748 0
0.08506485610810624 -0.09865271244827126 0
0.086639007520703 -0.1005321491185003 0
0.4500640885103243 0.3817296575385474 0
0.4333653775885924 0.4408648287692737 0
0.09313413414842101 -0.1212963002116686 0
0.09382548826798004 -0.1239154479222294 0
0.09518075364427873 -0.1201472979825024 0
0.09450312095612938 -0.1220313729523659 0
0.03503606292610766 -0.03167456108090733 0
0.03626027672675849 -0.0290597361059666 0
0.03428388323042647 -0.02823489912946488 0
0.03465997307826707 -0.02995473010518611 0
0.3227175317942603 -0.4585338738434871 0
0.3211296663992945 -0.4569608986976099 0
0.0602609641536474 -0.07192115402829244 0
0.05877987975205853 -0.0728126953703048 0
0.09150565701455911 -0.1240261242376205 0
0.09137870604404723 -0.1221798619225276 0
0.2774782283915068 -0.4009490197451047 0
0.2942816870266559 -0.4198421581829369 0
0.2951755264384298 -0.4183322888490908 0
0.2932723849219211 -0.4182860543519948 0
-0.1336719008073829 0.2699983208290726 0
-0.1776247663180502 0.2328967864839327 0
-0.08484749675374445 0.2215184267898857 0
-0.1312361315358973 0.2272076066369092 0
-0.04010371012916605 0.01249999885113502 0
-0.03995461249213046 0.006249999425567512 0
0.1031636070409435 -0.1114441840223105 0
0.105002152484721 -0.1193486520767869 0
0.1040828797628323 -0.1153964180495487 0
0.2328520862212898 -0.06991023477572399 0
0.2313321087910987 -0.04490409873746631 0
0.217630528601828 -0.05748073882406587 0
0.09314070160699259 -0.1042088701664498 0
0.09173926926609365 -0.1063931481706175 0
0.09262910423254347 -0.1250908899613989 0
0.3344456387006505 -0.4644720684052379 0
0.3301049497032606 -0.4619746689977544 0
0.3312427809544187 -0.4642797599891059 0
0.183490893239154 -0.2527861405946472 0
0.3308777468111664 -0.3868397134527712 0
0.345199729106244 -0.4023042566710312 0
0.3595458946800894 -0.38966908761 0
0.3452239123850118 -0.37420454439174 0
0.345211820745628 -0.3882544005313856 0
0.2152547436728458 -0.1392438764185959 0
0.2034947153307725 -0.1168793888842907 0
0.2000102614033249 -0.1326612689623405 0
0.3249768488141751 -0.4723773439105636 0
0.3242765109598158 -0.4743455643273865 0
0.3257836235913432 -0.4738034992158134 0
0.3547270127636893 -0.486432231487317 0
0.3623354612484648 -0.4950028900827288 0
0.3613154771370889 -0.4882794778667372 0
0.3650778466687722 -0.4589649934373372 0
0.3714551142512858 -0.4689921813543564 0
0.3328169769751301 -0.459050313277919 0
0.3265089977179048 -0.460037374275121 0
0.3296629873465174 -0.45954384377652 0
0.3237462239673528 -0.4604528216769341 0
0.02899435846468988 -0.02271903467264617 0
0.02994216546938281 -0.02064789703638588 0
0.02849328493117188 -0.02122940622972675 0
0.07822886501537146 -0.09286614230355883 0
0.07700184812957833 -0.09376299210819715 0
0.3140676126025713 -0.4491794438317518 0
0.3158219989908742 -0.447589444305653 0
0.3136956078945453 -0.4476720965811818 0
0.3746327255364437 -0.4469064091847426 0
0.3575788330560968 -0.4367843548547072 0
0.3613283398624345 -0.4478746741460222 0
0.3352629259581567 -0.4748420113255053 0
0.3357819895126665 -0.477082776370761 0
0.2655341260767701 -0.3015880383615465 0
0.2711370439754022 -0.2897292758075771 0
0.2610565235437828 -0.2919663333260681 0
0.007096427762489628 0.008712812182010452 0
0.00525806364864608 0.005331122031061475 0
0.006177245705567854 0.007021967106535963 0
0.04604401855799292 0.005760842186285956 0
0.04026737646760623 -0.005360310546206757 0
0.04315569751279957 0.0002002658200395998 0
0.31266183780751 -0.4528978093468375 0
0.3135552245363358 -0.4510424558208861 0
0.3115637754142681 -0.4512977039288411 0
0.1328257268362728 -0.1745013112901095 0
0.131488651812329 -0.1753997613596062 0
0.1109978601695641 -0.1418202803413664 0
0.1100534768394999 -0.1435091169811135 0
0.05274179207366977 -0.01595811108427288 0
0.04834262222345935 -0.0218445258767477 0
0.05324994823993592 -0.02077983900874113 0
0.2157592639945606 0.04471560704396271 0
0.2099163620870689 0.07298877331371353 0
0.1742452865871105 0.0709676675212669 0
0.1950022752908356 0.0578416372826148 0
0.3438264771177237 -0.4647336279979783 0
0.3383217270464269 -0.4618919706379486 0
0.3224437702188266 -0.4745696013734317 0
0.1404607789889612 -0.1812864072179765 0
0.1383480862727439 -0.1831518126398169 0
0.1384221172246519 -0.1809584391689247 0
0.2416945313229086 -0.1935017775970226 0
0.2321950054821832 -0.1838644251485003 0
0.2312141824103798 -0.1939827094618367 0
0.1458917685152028 -0.1872519076242932 0
0.1437084465010124 -0.1878579185242402 0
0.1450469508761929 -0.1891026244610542 0
0.3139144562327106 -0.454505048823016 0
0.09234831752867378 -0.09816273594209116 0
0.09874122050977449 -0.1040159083792789 0
0.09794883643145569 -0.09796977415492025 0
0.09554476901922414 -0.101089322160685 0
0.09630743627614666 -0.08834585636933889 0
0.09228503248654615 -0.08214125662773619 0
0.09080178522833411 -0.09283610592246544 0
0.09154340885744013 -0.08748868127510082 0
0.4079988095696382 0.3307822442424697 0
0.4539994047848191 0.3216411221209893 0
0.03960361537456755 -0.03149271830411712 0
0.03880617250749464 -0.0286962657258239 0
0.0370577195938314 -0.03185618868425982 0
0.03793194605066302 -0.03027622720504186 0
0.3232450763303562 -0.4693217902657748 0
0.3223920602737333 -0.4677449878606471 0
0.2794596016437513 -0.3958813498846525 0
0.2772751438987026 -0.3951048677697016 0
0.2781437352311316 -0.3965799094645021 0
0.218749646006784 -0.2953452515401398 0
0.2184491242074368 -0.2972079749391277 0
0.4186453791020135 -0.4877607773715443 0
0.4061695717960598 -0.4883267111983811 0
0.1893982213256755 0.1037713079107956 0
0.1589644155558591 0.1218907825919552 0
0.1438114808172942 0.08908714220242651 0
0.1666048510714848 0.09642922505661104 0
0.2318631925605919 -0.1542907602194613 0
0.2320290990213875 -0.1690775926839808 0
0.3000176464765882 -0.4245463807770961 0
0.2986083897110764 -0.4255981289832136 0
0.06069840477076102 -0.06945805426109128 0
0.06139204567788016 -0.06691032285705253 0
0.05977771318082202 -0.06773924985558932 0
0.1957472494191062 -0.2680607681643085 0
0.1938931964551519 -0.2683507165072133 0
0.3260164409144781 -0.4706011172916738 0
0.3241109625722656 -0.4708495670881692 0
0.3423431553925027 -0.172242532404543 0
0.3193331023641515 -0.1592963966933357 0
0.2346699154662638 -0.1185023522676989 0
0.2349509624331019 -0.09701845009145427 0
0.2192228388819372 -0.1069489194878725 0
0.2305266032612385 -0.01681094790249469 0
0.2248329684035072 0.01216195215744618 0
0.2111590972595123 -0.003983050920598762 0
0.240702637917998 -0.3229841605619604 0
0.2497901793697529 -0.323662618042423 0
0.2411418126933014 -0.31594841726823 0
0.2454659960315272 -0.3198055176553265 0
0.321589669604643 -0.4326080861155687 0
0.3158272301841206 -0.4305404406198605 0
0.3130086179968977 -0.4367260150263357 0
0.3172991438007704 -0.4346670505709522 0
0.03127173573435956 -0.02493522202430646 0
0.03277780948239301 -0.02658506057688567 0
0.1371528835183939 -0.1844092872340473 0
0.2776204154238684 -0.3934272487618594 0
0.2762030350910865 -0.3939059866750745 0
0.1963036838220518 -0.2790775782180058 0
0.2630196980056495 0.2279374123293753 0
0.3147000217961969 0.1866340816389604 0
0.2968802989824412 0.2774382169348156 0
0.3057901603893191 0.232036149286888 0
0.2947267602884414 -0.4210198554948276 0
0.2521709901267315 -0.3396400337250343 0
0.2597756169436283 -0.3420646878571945 0
0.2532249034659194 -0.333947581059753 0
0.2565002602047738 -0.3380061344584737 0
0.103966796729082 -0.08843072611194364 0
0.1154556715661993 -0.09047774278859488 0
0.1158228415117788 -0.07917569357475655 0
0.1098948191204304 -0.08380320984335009 0
0.09632997000815356 0.07891693399471518 0
0.07584834100975504 0.09054109931491638 0
0.06731717032775164 0.06872989546711733 0
0.08182357016795261 0.07382341473091628 0
0.1812785926639447 0.1596636487565276 0
0.2161689216340154 0.1173127644534856 0
0.2233592133869128 0.1861458472688421 0
0.2197640675104641 0.1517293058611638 0
0.1089485709918361 -0.1234885268112682 0
0.1117362351350479 -0.129609644925737 0
0.1133995049065561 -0.1253069738208579 0
0.03597250125250867 -0.03281648314490257 0
-0.232093712404395 0.1941940543293582 0
-0.2309278262524158 0.1467894479710606 0
-0.4436777409411988 0.3990263203936849 0
0.2366107917903728 -0.3062634029522122 0
0.2353322367835995 -0.3146237494371855 0
0.2388763022418371 -0.311105910110221 0
0.2090532255381446 -0.2708253896368853 0
0.2035702393986504 -0.2641806033854108 0
0.203967229561696 -0.2710036258293802 0
0.2063117324683975 -0.267502996511148 0
0.2909115255053651 -0.3557226699763577 0
0.2787024073871421 -0.3659827389908851 0
0.2848069664462537 -0.3608527044836215 0
0.2540475330428962 -0.3570323881078677 0
0.2524831873542794 -0.3575107078278145 0
0.2721586855666716 -0.365858686059935 0
0.2681371341749247 -0.3640847088307864 0
0.2686674833352812 -0.3671853366205164 0
0.2771766460121187 -0.3785325270613934 0
0.2801424266335532 -0.3720713096672591 0
0.2827423050725383 -0.3770375991970314 0
0.06336480721784904 -0.06808295802582409 0
0.06472372987416425 -0.06601538050243921 0
0.06305788777602221 -0.06646285167974587 0
0.1684743896175843 -0.1812363018130978 0
0.1657739110637361 -0.1877991207243115 0
0.2336616683447525 -0.3016572918743706 0
0.2279931978683734 -0.293547256845834 0
0.230827433106563 -0.2976022743601023 0
0.1041384182355242 -0.1059084843326482 0
0.100952413775359 -0.1077300462007947 0
0.004650457361782497 0.004005761765776905 0
0.0444460077858746 -0.0279608152410052 0
0.04217128757469188 -0.03257817262046783 0
0.04536742646313229 -0.0314049025041966 0
0.229164989579875 -0.2876612317856833 0
0.2212245496949795 -0.2860981759058597 0
0.220052757983478 -0.2919842009660104 0
0.2246088737816765 -0.2898227163758469 0
0.01785592049137948 0.003929659420673812 0
0.01635560634728642 0.002650532071331534 0
0.01793973395861714 0.001775420323986734 0
0.0146265540206049 0.002882092635744522 0
0.2483786206211119 -0.3470643761472466 0
0.2466687374532835 -0.3478250050457546 0
0.0628517615182673 0.02399293263318145 0
0.0512628185104288 0.01431556771984938 0
0.06240970041480175 0.01223710596536748 0
0.1989605769737138 -0.232380601253498 0
0.1881902311495457 -0.2366299327353483 0
0.1935754040616298 -0.2345052669944231 0
0.4262409258077053 -0.4752406413301137 0
0.4387242865106421 -0.4618978396869329 0
0.4222125539503947 -0.4485284353423507 0
0.42422673987905 -0.4618845383362322 0
0.03466227876110881 -0.01670967662852954 0
0.04132421743824446 -0.01846667955478207 0
0.03891704373606923 -0.01453237952969199 0
0.03799324809967664 -0.01758817809165581 0
0.3017583316035322 -0.283706776632492 0
0.2791711772499095 -0.2716303468855995 0
0.2937241983290249 -0.3018057055544697 0
0.2864476877894672 -0.2867180262200346 0
0.3364706271158858 0.3120075305524983 0
0.372234718342762 0.321394887397484 0
-0.2304192349361755 0.2409545547627052 0
0.2021755765736831 0.2817589191552423 0
0.212767394980298 0.2339523832120422 0
0.3907579897804463 -0.2246888206470308 0
0.3745325819580914 -0.2717467176282732 0
0.4098009311503364 -0.3007830826266529 0
0.4002794604653914 -0.2627359516368418 0
0.2754646873495243 -0.3119743097275698 0
0.2654336560352961 -0.3113503795585005 0
0.05240185269620343 -0.05368984294537125 0
0.05089357278640322 -0.054360628950424 0
0.3113649102558093 -0.2298904054931458 0
0.3430741606777656 -0.2393247448338423 0
0.3449650248107914 -0.2150050388163595 0
0.3281649675333003 -0.2224477221547527 0
0.2143812599445171 -0.226659292212248 0
0.2066709184591154 -0.229519946732873 0
0.2850968522475072 -0.2284244719271124 0
0.2612989173170733 -0.20675400933625 0
0.2731978847822903 -0.2175892406316812 0
-0.02257090599478124 0.03073993793181291 0
-0.01731079805638733 0.01963189329530017 0
-0.005818736906784439 0.02215225626496026 0
-0.01107884484517834 0.03326030090147299 0
-0.01419482145078284 0.02644609709838658 0
0.04417272695440291 0.01296998763610671 0
0.3049761928678868 -0.4335759919383813 0
0.3952220347735613 -0.4351567345928405 0
0.3782301543555133 -0.4301572101685622 0
0.3849273801550025 -0.4410315718887916 0
0.1253374539049815 -0.1648119728749386 0
0.04588275065544901 0.08627288762622415 0
0.04012131706707925 0.1130437877860496 0
0.05798482903841715 0.101792443550483 0
0.05617661438167405 0.05251578834877087 0
0.05102968251856153 0.0693943379874975 0
0.06570573654755754 -0.06845385557868638 0
0.06320889060558874 -0.07015283471255535 0
0.06445731357657314 -0.06930334514562088 0
0.04591057032020347 -0.01665212483984725 0
0.04375626934150034 -0.02365908059168251 0
0.04483341983085191 -0.02015560271576488 0
0.3041438408122029 -0.3174928513386132 0
0.3069599299927469 -0.3419312545910929 0
0.3309854138392697 -0.343949301476596 0
0.3175646273257363 -0.3307210764076045 0
0.04128122092449749 -0.0261776731587532 0
0.1200707254127239 0.08400203809857085 0
0.3233466882437414 -0.3631626382985335 0
0.3381046631121408 -0.359076922934168 0
0.2723220324478713 -0.3845728561598742 0
0.2706443943863352 -0.3849023333366809 0
0.4463221199012156 -0.4874798639585693 0
0.4324837495016262 -0.4876203206650568 0
0.1662452475541134 -0.2036052057701103 0
0.1742075945018867 -0.210913104434878 0
0.1702264210280001 -0.2072591551024942 0
-0.0231998525593719 0.01434773028312524 0
-0.0357372615300435 0.02029763262298517 0
-0.03165178134426898 0.01342386456713013 0
0.03132074097486363 -0.02284748483101125 0
0.03013304709952472 -0.02382712834847632 0
0.03204527817129878 -0.01943944342724441 0
0.0316830095730812 -0.02114346412912783 0
0.07119266008912928 -0.07079149292072616 0
0.07469954465800452 -0.07224539012760976 0
0.2332665540134279 -0.1363965562435801 0
0.2817939412095273 -0.251770906877086 0
0.2683885701521105 -0.2596501416588085 0
-0.0358988333215581 0.04415930071249293 0
-0.01307104645132157 0.05145764952510082 0
-0.02411647045881073 0.07462649924777724 0
-0.03000765189018442 0.05939289998013508 0
-0.0358180474258008 0.03222846666773905 0
0.08652451194027021 -0.09412132689169178 0
0.089436414734472 -0.09614203141689148 0
0.3080619992178293 -0.2532368404431195 0
0.2965794257326683 -0.240830656185116 0
0.1632372067885241 -0.2037553717714899 0
0.09891890531777225 -0.1199455384469331 0
0.09684004303545599 -0.1191638163362728 0
0.08617374921581834 -0.06805120345275051 0
0.08922939085118224 -0.07509623004024335 0
0.351435850810296 -0.4206679022752901 0
0.3297784754661066 -0.4078499310513197 0
0.3360145971701587 -0.4262135766555786 0
0.3406071631382013 -0.4142589166633049 0
0.2134674303854061 -0.2171868294306316 0
0.2316028933889673 -0.305752314227078 0
0.1774186940504155 -0.2349647049493605 0
0.1754790492407935 -0.2344781307817208 0
0.1761970557181824 -0.2361965528102224 0
0.05951418794997067 0.03825436049097616 0
0.1256843181510729 -0.155665891686352 0
0.1254065441875534 -0.1525387615485334 0
0.1239157145330295 -0.1543170317861798 0
-0.002690741310538839 0.04093526476349877 0
0.3536617451410907 -0.4913794902092797 0
0.3523332368439866 -0.4963766001265509 0
0.3573343490462245 -0.4956897451046399 0
0.2514967243199909 -0.2001278934666363 0
0.2366870623954089 0.08653022985640355 0
0.2130426418605422 0.09515076888359955 0
0.3279835382352965 -0.4703521377490698 0
0.2604693841229962 0.3246530582451863 0
0.2984700056194409 0.3183302943988423 0
0.1782254677251978 -0.2129611347980129 0
0.1792640606589735 -0.2206021448666686 0
0.1818354110725685 -0.2164582976836809 0
0.06173492737961807 -0.07103699437042389 0
0.1164217366635222 -0.06652410103690559 0
0.1221747854235105 -0.07390356586504751 0
0.3720871721097125 -0.414040757589145 0
0.3648330025829047 -0.4254125562219261 0
0.3881361203621576 -0.1819263142352143 0
0.4007390321839601 -0.1444959922161903 0
0.3098984655107982 -0.4259165578579061 0
0.3128628478474594 -0.4282284992388832 0
0.04434481066839286 0.2978796043075183 0
0.002957342992182806 0.2696777825929881 0
0.04650597094481963 0.2490932403218626 0
0.1507447591079299 0.3312626437977346 0
0.2056070716154631 0.3279578510214605 0
0.3224598916397738 -0.3969538828959733 0
0.3188589864865514 -0.3766191306957808 0
0.3206594390631626 -0.3867865067958771 0
0.2584801194705348 -0.06963657297847392 0
0.2467155409518184 -0.08332751153496409 0
0.005544298120683484 0.1094094013510848 0
0.01940433428027187 0.1279623170844232 0
0.3311712001882719 -0.2617978835219063 0
0.3164647658959021 -0.2727523300771992 0
-0.1011956328815787 0.01598276183445891 0
0.2663363494578651 -0.04713265845055878 0
0.2655308439280048 -0.01903950761558715 0
0.2484314763595517 -0.03197180317652673 0
0.2270786793013357 -0.272174009083737 0
0.2294170104917593 -0.2648207075342889 0
0.316915157512354 -0.4503348697121329 0
0.3152351910243448 -0.4506886627665095 0
0.3374646009234904 -0.4706721962872644 0
0.3432202129045087 -0.4699120201739833 0
0.3015766419320959 -0.4135520353812101 0
0.2977834573902192 -0.4084644478364254 0
0.2980940695713752 -0.4162768601048307 0
0.2979387634807972 -0.4123706539706281 0
0.1160902940343451 -0.05334508986547922 0
0.1105345897005433 -0.05946460051174541 0
0.3528518910731817 -0.2667723005750898 0
0.1720624996634246 -0.1657660085424157 0
0.1722454068630464 -0.1569887793657548 0
0.3709251927641508 0.1573536470736553 0
0.3333714884908878 0.1527783892414762 0
0.1056081968843911 -0.098054643897525 0
0.1009578165802689 -0.09320025013343194 0
0.2902684348552075 -0.3409741952776155 0
0.2858843298327024 -0.3276614555117133 0
0.2803079557144393 -0.3362981266705024 0
-0.009286086169063625 0.09201795029943102 0
0.1833967245688868 -0.2358832089269995 0
0.1832779939152608 -0.2413281379455355 0
0.1880715004959198 -0.2420748617538843 0
0.1857341125324032 -0.2389790353404419 0
0.4144689789937487 0.1606156506350339 0
0.3214003827312645 -0.4053617854752879 0
-0.04729315999643906 0.2955395932776043 0
-0.04094507688078082 0.2455981046914369 0
0.4024357391011513 -0.4028624842765171 0
0.3809908168906203 -0.3962657859432585 0
0.2776414636917199 -0.06338999197984969 0
0.3665505725864745 -0.1984656765257869 0
0.06827481620702605 -0.0677415327308511 0
0.06729280953363276 -0.06530305765460392 0
0.06649927304059515 -0.06687845661664515 0
0.04500412874686188 -0.01115862194812959 0
0.04887296041026583 -0.01355836651620124 0
0.1022326871889654 -0.1220906235539962 0
0.1055906290904008 -0.1227895751826322 0
0.03418029145681359 -0.008734068127769151 0
0.03959221010183773 -0.009946345037949375 0
0.2529306497851576 0.0492329422440904 0
0.2915031854580393 0.05809001890557967 0
0.2640951239267241 0.07231012438099162 0
0.2203302239427395 -0.2807685944291495 0
0.2293974824468296 -0.2792536361333943 0
0.2180114207972457 -0.2736889673794922 0
0.2237044516220376 -0.2764713017564432 0
0.1556657382953034 -0.1957030419361061 0
0.0975447848881614 0.3145711240526264 0
0.2898042640808636 -0.3147335805330915 0
0.23479268787889 -0.2841761504946184 0
0.4294262582779846 -0.4162341850260271 0
0.412324146525773 -0.4256954598094338 0
0.1812511586699969 -0.232941543759519 0
0.1804077093096512 -0.23542395693818 0
0.3076030206429047 -0.3566797292898352 0
0.2989357277490561 -0.3488269622837253 0
0.08742002853794176 -0.06262762323725526 0
0.08276988688741942 -0.06356040594437534 0
0.3132310035647281 -0.366649429992808 0
0.1702684446405044 -0.1735011551777567 0
0.1133621951614039 -0.1008560423518935 0
0.1087503066984641 -0.1033822633422709 0
0.2620043541941042 0.01667928735757386 0
0.2388818090943324 0.03069744720076829 0
0.3063681557010784 -0.4206016666820491 0
0.3068922676043068 -0.415026902518076 0
0.3063777584450249 0.01534072463937444 0
0.3237473754109227 0.04010236880780607 0
0.2859543011865148 -0.001849391488106361 0
0.1232777558356725 -0.04688934097761605 0
0.302517666248719 -0.4213674174739073 0
0.3012676563626536 -0.4229568991255017 0
0.3342409864374228 -0.4362720890548337 0
0.3264446092378542 -0.4478667238842138 0
0.3303427978376385 -0.4420694064695239 0
-0.1082831449649981 0.3122598204569333 0
0.1130668944568106 -0.1343375730087272 0
0.1105051855455574 -0.132528661632659 0
0.1777149178420641 -0.2254279536187388 0
0.1748109976113131 -0.2190876212583244 0
0.1762629577266886 -0.2222577874385316 0
0.1196395837258157 -0.09736713500822096 0
0.2471998431327052 -0.3317473012181978 0
0.2515075414178361 -0.3288050995510879 0
0.1900383064097163 -0.2476468269082644 0
0.186777645262036 -0.2460293973015258 0
0.189054903452818 -0.2448608443310743 0
0.09042617729360997 -0.05840739103449792 0
-0.01103201827849393 0.01364355708351498 0
-0.01692107278147849 0.008359394071340051 0
-0.01711593541893291 0.01399564368332011 0
0.06973373814807768 -0.06926651282578863 0
0.1756685578423277 -0.2304361344195729 0
0.1794830382560305 -0.2291847486891289 0
0.1745092960565999 -0.2150003628466012 0
0.2135323231676951 -0.2722571785081888 0
0.1256342511610837 -0.1465495915897109 0
0.1242817186311208 -0.1421782185194205 0
0.4699313943171279 -0.4744179757283635 0
0.4594948639608567 -0.3793162092977503 0
0.4647131291389923 -0.426867092513024 0
0.4581267571092076 -0.4809489198434664 0
0.3489081071917489 -0.4936663989881863 0
0.3498219615231505 -0.4968331994940932 0
0.4346478975555966 -0.3400496459622016 0
-0.02040359382317501 0.003535329267923634 0
-0.02221616118450463 0.002311621329032048 0
-0.01858589556550111 0.005310985677759679 0
-0.01780982942183804 0.002655492838879839 0
-0.01518023288941814 0.006094568517495361 0
0.3288021333874008 -0.4294108313855736 0
0.1459631921038523 0.157240802422839 0
0.3444814144232967 -0.4845292620653459 0
0.3504740295275224 -0.4847336339755305 0
0.3472752924924057 -0.4819704640441665 0
0.05750612166668959 -0.05442113733592503 0
0.05947986983000131 -0.05718672586288472 0
0.06833189471798669 -0.06231534088932932 0
0.05495398718144651 -0.05405549014064814 0
0.2533808287743068 -0.3473680077016695 0
0.2571454878405284 -0.3531270065985299 0
0.2584605523920783 -0.3475958472278622 0
0.2603822202285543 -0.3587811168064742 0
0.2581759342487992 -0.3565954326594959 0
0.2580080897724595 -0.3591938302593153 0
0.2555965104417123 -0.3550796973531988 0
0.2507844683580774 -0.3442826050006949 0
0.2508797246977094 -0.3472161919244581 0
0.2478240917224333 -0.3377015917910613 0
0.2493042800402553 -0.3409920983958781 0
0.2642596772017395 -0.3614329128186303 0
0.2761505561001124 -0.368964997863597 0
0.2835232317574611 -0.3961191627307682 0
0.287341124521064 -0.4014815097533098 0
0.2931137396164513 -0.3993974712385099 0
0.2883184856869562 -0.397758316984639 0
0.2807476574518146 -0.3933304438337709 0
0.2814914167006062 -0.3960002563077104 0
0.2793474791037442 -0.3910111619608229 0
0.2784839472638064 -0.3922192053613411 0
0.2762650934061311 -0.3843003706721441 0
0.2778062862549376 -0.3876557663164835 0
0.274782319809123 -0.3816402831065329 0
0.2735521761284971 -0.3831065696332036 0
0.2889590077617007 -0.4046830586693959 0
0.2868448127180154 -0.4034591130354797 0
0.2921453571706113 -0.405737676187955 0
0.2905022202187904 -0.4066995656735186 0
0.2954485985033353 -0.4039309595374677 0
0.3083570740709343 -0.4237823520185969 0
0.3054373701598266 -0.422574884746252 0
0.3074618728784226 -0.4261303212849004 0
0.237654429626535 -0.3242613254651626 0
0.1125974495081266 -0.1383475628119868 0
0.1160805329007547 -0.1399543684956729 0
0.1145737136787826 -0.1371459707522001 0
0.1255203976743186 -0.1495441765691221 0
0.1281062491873451 -0.1580764719885582 0
0.1339814484998724 -0.1723838009315029 0
0.1469701545569533 -0.1827189344873928 0
0.148024111952475 -0.1855803769084183 0
0.1566134500932832 -0.2082307679494907 0
0.3453413047611574 -0.4882482294031858 0
0.3494087619049237 -0.4896808926974932 0
0.3471247059764531 -0.490957314195686 0
0.3433245643955704 -0.4864704896341676 0
0.3520678873343065 -0.4880565620924051 0
0.3345209817431915 -0.4720790177380858 0
0.2966347980049024 -0.4173045744769608 0
0.2380556159270522 -0.3364164270183156 0
0.245107907590317 -0.3346932785264123 0
0.1423535589600884 -0.1851357699640118 0
0.1420274054715288 -0.1870867780332429 0
0.1437154667729573 -0.1820026708526847 0
0.1130495133098713 -0.1414943042896609 0
0.114954733473303 -0.1423206360132218 0
0.2339923445787832 -0.3302823413393979 0
0.07770907084036707 -0.08584413046435918 0
0.07405795631940423 -0.08115534223601592 0
0.07588351357988565 -0.08349973635018755 0
0.071877823484405 -0.08068908202283737 0
0.07964264402836826 -0.09092526384115973 0
0.07867585743436767 -0.08838469715275946 0
0.273519528749251 -0.3783795685386921 0
0.02877456172132193 -0.004020142320813643 0
0.02633524492361302 -0.0009742074859572592 0
0.01877027062953344 0.006441602162856424 0
0.1117976548388454 -0.1400839215766767 0
0.1741771328296088 -0.2322567440185992 0
0.1833073505662227 -0.2449103185765488 0
0.1816646992756625 -0.2428778002945954 0
0.1847609013995508 -0.2471785054664661 0
0.1904248411146529 -0.2593032325323494 0
0.192678579795027 -0.2503698506707099 0
0.1985704359039109 -0.2673717829036127 0
0.1995633949240432 -0.2639780514706532 0
0.1995404085825484 -0.2701351408571115 0
0.1976438290008273 -0.26909795451071 0
0.3204205504762391 -0.4488478889323446 0
0.3232079649923339 -0.4506196772707852 0
0.3181212747335566 -0.4482186666189988 0
0.10151803253259 -0.1246737358126937 0
0.1002184689251811 -0.1223096371298135 0
0.08370953730459131 -0.09617881790540539 0
0.08303215681423605 -0.09804460390293802 0
0.08160384328819684 -0.09286902563139064 0
0.08406417761423352 -0.0934951762615412 0
0.1018102078264146 -0.1269528704256251 0
0.07991635415178415 -0.09286758396747474 0
0.004704036849300333 0.01240081472537915 0
0.008369595533581367 0.01128587011098421 0
-0.006164194035405032 0.01522162813744523 0
0.001187196795607636 0.0140438065246115 0
-0.002315770055588402 0.01809803139478588 0
0.002188657190341823 0.01172533084929283 0
0.2329150281234277 -0.3153195829505512 0
0.2139009184394957 -0.2864853562309974 0
0.2171155711911176 -0.2836269753300735 0
0.2149950966704147 -0.290016046452546 0
0.2124779839383501 -0.2882783280701648 0
0.2168723713385994 -0.2926806489963429 0
0.203571471455793 -0.2746515363556457 0
0.2015559400191707 -0.2723933386063786 0
0.203357479648557 -0.2769953586856937 0
0.2192805752533964 -0.3035952000302933 0
-0.007389015389145992 0.0121137019347021 0
0.02973629071441796 -0.007116522554693782 0
0.0268332581052252 -0.006600325765078513 0
0.03193417435722795 -0.01426664780458248 0
0.03083523253582296 -0.01069158517963813 0
0.3106003143111027 -0.4366324316878726 0
0.04051182570573934 -0.03325852048727861 0
0.03198972626426337 -0.01685304561591344 0
-0.03253386356575731 0.002009844828900976 0
-0.03505738405141284 0.002009844828900975 0
-0.02737499454933945 0.0007252755934269744 0
-0.0248514740636839 0.0007252755934269744 0
$EndNodes
$Elements
7 8113 1 8113
0 2 15 1
1 2 
1 1 1 8
2 1 11 
3 11 12 
4 12 13 
5 13 14 
6 14 15 
7 15 16 
8 16 17 
9 17 2 
1 2 1 20
10 10 18 
11 18 19 
12 19 20 
13 20 21 
14 21 22 
15 22 23 
16 23 24 
17 24 25 
18 25 26 
19 26 27 
20 27 28 
21 28 29 
22 29 30 
23 30 31 
24 31 32 
25 32 33 
26 33 34 
27 34 35 
28 35 36 
29 36 3 
1 9 1 12
30 8 120 
31 120 121 
32 121 122 
33 122 123 
34 123 124 
35 124 125 
36 125 126 
37 126 127 
38 127 128 
39 128 129 
40 129 130 
41 130 9 
1 12 1 24
42 2 441 
43 441 442 
44 442 443 
45 443 444 
46 444 445 
47 445 446 
48 446 447 
49 447 448 
50 448 449 
51 449 450 
52 450 451 
53 451 452 
54 452 453 
55 453 454 
56 454 455 
57 455 456 
58 456 457 
59 457 458 
60 458 459 
61 459 460 
62 460 461 
63 461 462 
64 462 463 
65 463 10 
2 1 3 3840
66 1322 1331 1335 1334 
67 1331 508 1332 1335 
68 1335 1332 495 1333 
69 1334 1335 1333 2 
70 1131 1336 1340 1339 
71 1336 776 1337 1340 
72 1340 1337 1127 1338 
73 1339 1340 1338 1129 
74 1194 1341 1345 1344 
75 1341 729 1342 1345 
76 1345 1342 708 1343 
77 1344 1345 1343 848 
78 780 1346 1350 1349 
79 1346 777 1347 1350 
80 1350 1347 779 1348 
81 1349 1350 1348 778 
82 781 1351 1354 1353 
83 1351 778 1348 1354 
84 1354 1348 779 1352 
85 1353 1354 1352 745 
86 673 1355 1359 1358 
87 1355 675 1356 1359 
88 1359 1356 721 1357 
89 1358 1359 1357 719 
90 147 146 1363 1362 
91 146 145 1360 1363 
92 1363 1360 558 1361 
93 1362 1363 1361 571 
94 1292 1364 1368 1367 
95 1364 969 1365 1368 
96 1368 1365 915 1366 
97 1367 1368 1366 738 
98 495 1332 1372 1371 
99 1332 508 1369 1372 
100 1372 1369 1325 1370 
101 1371 1372 1370 509 
102 761 1373 1377 1376 
103 1373 1321 1374 1377 
104 1377 1374 734 1375 
105 1376 1377 1375 760 
106 563 1378 1382 1381 
107 1378 565 1379 1382 
108 1382 1379 1317 1380 
109 1381 1382 1380 1208 
110 708 1342 1386 1385 
111 1342 729 1383 1386 
112 1386 1383 730 1384 
113 1385 1386 1384 693 
114 610 1387 1391 1390 
115 1387 1034 1388 1391 
116 1391 1388 947 1389 
117 1390 1391 1389 966 
118 512 1392 1396 1395 
119 1392 1307 1393 1396 
120 1396 1393 511 1394 
121 1395 1396 1394 509 
122 739 1397 1401 1400 
123 1397 1099 1398 1401 
124 1401 1398 784 1399 
125 1400 1401 1399 870 
126 542 1402 1406 1405 
127 1402 518 1403 1406 
128 1406 1403 515 1404 
129 1405 1406 1404 527 
130 519 1407 1410 1409 
131 1407 67 68 1410 
132 1410 68 69 1408 
133 1409 1410 1408 491 
134 528 1411 1415 1414 
135 1411 513 1412 1415 
136 1415 1412 1305 1413 
137 1414 1415 1413 529 
138 897 1416 1420 1419 
139 1416 730 1417 1420 
140 1420 1417 898 1418 
141 1419 1420 1418 895 
142 761 1421 1425 1424 
143 1421 732 1422 1425 
144 1425 1422 816 1423 
145 1424 1425 1423 1198 
146 1087 1426 1430 1429 
147 1426 1090 1427 1430 
148 1430 1427 652 1428 
149 1429 1430 1428 1231 
150 1048 1431 1435 1434 
151 1431 506 1432 1435 
152 1435 1432 1039 1433 
153 1434 1435 1433 538 
154 1246 1436 1440 1439 
155 1436 1297 1437 1440 
156 1440 1437 1244 1438 
157 1439 1440 1438 1254 
158 641 1441 1445 1444 
159 1441 639 1442 1445 
160 1445 1442 521 1443 
161 1444 1445 1443 640 
162 897 1419 1449 1448 
163 1419 895 1446 1449 
164 1449 1446 1032 1447 
165 1448 1449 1447 1123 
166 652 1450 1453 1428 
167 1450 649 1451 1453 
168 1453 1451 1086 1452 
169 1428 1453 1452 1231 
170 1222 1454 1458 1457 
171 1454 567 1455 1458 
172 1458 1455 540 1456 
173 1457 1458 1456 569 
174 529 1459 1462 1414 
175 1459 1312 1460 1462 
176 1462 1460 530 1461 
177 1414 1462 1461 528 
178 681 1463 1467 1466 
179 1463 737 1464 1467 
180 1467 1464 1269 1465 
181 1466 1467 1465 679 
182 1112 1468 1472 1471 
183 1468 1115 1469 1472 
184 1472 1469 626 1470 
185 1471 1472 1470 639 
186 145 144 1475 1360 
187 144 143 1473 1475 
188 1475 1473 492 1474 
189 1360 1475 1474 558 
190 929 1476 1480 1479 
191 1476 930 1477 1480 
192 1480 1477 769 1478 
193 1479 1480 1478 773 
194 1046 1481 1485 1484 
195 1481 641 1482 1485 
196 1485 1482 642 1483 
197 1484 1485 1483 645 
198 1034 1486 1489 1388 
199 1486 1077 1487 1489 
200 1489 1487 1033 1488 
201 1388 1489 1488 947 
202 1257 1490 1494 1493 
203 1490 1188 1491 1494 
204 1494 1491 641 1492 
205 1493 1494 1492 1187 
206 770 1495 1499 1498 
207 1495 815 1496 1499 
208 1499 1496 816 1497 
209 1498 1499 1497 1329 
210 743 1500 1504 1503 
211 1500 968 1501 1504 
212 1504 1501 880 1502 
213 1503 1504 1502 735 
214 551 1505 1508 1507 
215 1505 552 1506 1508 
216 1508 1506 558 1474 
217 1507 1508 1474 492 
218 1057 1509 1513 1512 
219 1509 734 1510 1513 
220 1513 1510 1056 1511 
221 1512 1513 1511 977 
222 633 1514 1518 1517 
223 1514 1062 1515 1518 
224 1518 1515 1061 1516 
225 1517 1518 1516 624 
226 870 1399 1522 1521 
227 1399 784 1519 1522 
228 1522 1519 1224 1520 
229 1521 1522 1520 677 
230 854 1523 1527 1526 
231 1523 850 1524 1527 
232 1527 1524 1229 1525 
233 1526 1527 1525 1221 
234 1033 1528 1532 1531 
235 1528 656 1529 1532 
236 1532 1529 994 1530 
237 1531 1532 1530 943 
238 1268 1533 1537 1536 
239 1533 675 1534 1537 
240 1537 1534 676 1535 
241 1536 1537 1535 679 
242 760 1538 1542 1541 
243 1538 723 1539 1542 
244 1542 1539 716 1540 
245 1541 1542 1540 724 
246 639 1441 1545 1544 
247 1441 641 1491 1545 
248 1545 1491 1188 1543 
249 1544 1545 1543 1005 
250 648 1546 1550 1549 
251 1546 1178 1547 1550 
252 1550 1547 1180 1548 
253 1549 1550 1548 1179 
254 1294 1551 1555 1554 
255 1551 690 1552 1555 
256 1555 1552 692 1553 
257 1554 1555 1553 693 
258 763 1556 1560 1559 
259 1556 696 1557 1560 
260 1560 1557 698 1558 
261 1559 1560 1558 699 
262 757 1561 1565 1564 
263 1561 759 1562 1565 
264 1565 1562 1299 1563 
265 1564 1565 1563 1300 
266 772 1566 1570 1569 
267 1566 768 1567 1570 
268 1570 1567 726 1568 
269 1569 1570 1568 769 
270 557 1571 1575 1574 
271 1571 572 1572 1575 
272 1575 1572 589 1573 
273 1574 1575 1573 484 
274 1027 1576 1580 1579 
275 1576 664 1577 1580 
276 1580 1577 1217 1578 
277 1579 1580 1578 1028 
278 968 1500 1584 1583 
279 1500 743 1581 1584 
280 1584 1581 923 1582 
281 1583 1584 1582 736 
282 1326 1585 1589 1588 
283 1585 688 1586 1589 
284 1589 1586 1104 1587 
285 1588 1589 1587 1044 
286 555 1590 1593 1592 
287 1590 573 1591 1593 
288 1593 1591 572 1571 
289 1592 1593 1571 557 
290 1106 1594 1597 1596 
291 1594 1073 1595 1597 
292 1597 1595 14 15 
293 1596 1597 15 16 
294 512 1395 1601 1600 
295 1395 509 1598 1601 
296 1601 1598 524 1599 
297 1600 1601 1599 1330 
298 628 1602 1604 1603 
299 1602 65 66 1604 
300 1604 66 67 1407 
301 1603 1604 1407 519 
302 1306 1605 1609 1608 
303 1605 667 1606 1609 
304 1609 1606 669 1607 
305 1608 1609 1607 673 
306 520 1610 1613 1612 
307 1610 541 1611 1613 
308 1613 1611 518 1402 
309 1612 1613 1402 542 
310 655 1614 1618 1617 
311 1614 653 1615 1618 
312 1618 1615 1283 1616 
313 1617 1618 1616 537 
314 1255 1619 1621 1620 
315 1619 1187 1492 1621 
316 1621 1492 641 1481 
317 1620 1621 1481 1046 
318 511 1622 1624 1394 
319 1622 510 1623 1624 
320 1624 1623 495 1371 
321 1394 1624 1371 509 
322 616 1625 1629 1628 
323 1625 483 1626 1629 
324 1629 1626 599 1627 
325 1628 1629 1627 1089 
326 762 1630 1634 1633 
327 1630 982 1631 1634 
328 1634 1631 983 1632 
329 1633 1634 1632 986 
330 1142 1635 1639 1638 
331 1635 1265 1636 1639 
332 1639 1636 1286 1637 
333 1638 1639 1637 1130 
334 1001 1640 1644 1643 
335 1640 1066 1641 1644 
336 1644 1641 1059 1642 
337 1643 1644 1642 985 
338 1240 1645 1649 1648 
339 1645 1239 1646 1649 
340 1649 1646 1243 1647 
341 1648 1649 1647 1238 
342 1319 1650 1654 1653 
343 1650 715 1651 1654 
344 1654 1651 714 1652 
345 1653 1654 1652 716 
346 710 1655 1659 1658 
347 1655 1315 1656 1659 
348 1659 1656 702 1657 
349 1658 1659 1657 703 
350 1186 1660 1664 1663 
351 1660 1236 1661 1664 
352 1664 1661 1118 1662 
353 1663 1664 1662 1257 
354 884 1665 1669 1668 
355 1665 995 1666 1669 
356 1669 1666 1121 1667 
357 1668 1669 1667 666 
358 1228 1670 1674 1673 
359 1670 505 1671 1674 
360 1674 1671 1107 1672 
361 1673 1674 1672 543 
362 1012 1675 1679 1678 
363 1675 660 1676 1679 
364 1679 1676 1205 1677 
365 1678 1679 1677 1030 
366 1269 1680 1684 1683 
367 1680 861 1681 1684 
368 1684 1681 1272 1682 
369 1683 1684 1682 1271 
370 1089 1685 1688 1628 
371 1685 1088 1686 1688 
372 1688 1686 600 1687 
373 1628 1688 1687 616 
374 993 1689 1693 1692 
375 1689 658 1690 1693 
376 1693 1690 1197 1691 
377 1692 1693 1691 945 
378 556 1694 1698 1697 
379 1694 549 1695 1698 
380 1698 1695 619 1696 
381 1697 1698 1696 625 
382 969 1699 1703 1702 
383 1699 780 1700 1703 
384 1703 1700 1099 1701 
385 1702 1703 1701 970 
386 525 1704 1707 1706 
387 1704 1330 1599 1707 
388 1707 1599 524 1705 
389 1706 1707 1705 1042 
390 1149 1708 1712 1711 
391 1708 1169 1709 1712 
392 1712 1709 1170 1710 
393 1711 1712 1710 1154 
394 1152 1713 1717 1716 
395 1713 1155 1714 1717 
396 1717 1714 1159 1715 
397 1716 1717 1715 488 
398 723 1718 1721 1720 
399 1718 762 1633 1721 
400 1721 1633 986 1719 
401 1720 1721 1719 1007 
402 1052 1722 1726 1725 
403 1722 1098 1723 1726 
404 1726 1723 1124 1724 
405 1725 1726 1724 507 
406 719 1727 1729 1358 
407 1727 743 1503 1729 
408 1729 1503 735 1728 
409 1358 1729 1728 673 
410 492 1730 1733 1507 
411 1730 576 1731 1733 
412 1733 1731 632 1732 
413 1507 1733 1732 551 
414 747 1734 1738 1737 
415 1734 504 1735 1738 
416 1738 1735 1126 1736 
417 1737 1738 1736 775 
418 487 1739 1742 1741 
419 1739 1160 1740 1742 
420 1742 1740 407 406 
421 1741 1742 406 405 
422 1011 1743 1747 1746 
423 1743 1030 1744 1747 
424 1747 1744 754 1745 
425 1746 1747 1745 1071 
426 1253 1748 1751 1750 
427 1748 1240 1648 1751 
428 1751 1648 1238 1749 
429 1750 1751 1749 1247 
430 539 1752 1755 1754 
431 1752 45 46 1755 
432 1755 46 47 1753 
433 1754 1755 1753 544 
434 1034 1387 1759 1758 
435 1387 610 1756 1759 
436 1759 1756 1036 1757 
437 1758 1759 1757 1035 
438 552 1760 1762 1506 
439 1760 554 1761 1762 
440 1762 1761 571 1361 
441 1506 1762 1361 558 
442 780 1349 1764 1700 
443 1349 778 1763 1764 
444 1764 1763 784 1398 
445 1700 1764 1398 1099 
446 1109 1765 1769 1768 
447 1765 785 1766 1769 
448 1769 1766 1261 1767 
449 1768 1769 1767 746 
450 783 1770 1773 1772 
451 1770 889 1771 1773 
452 1773 1771 677 1520 
453 1772 1773 1520 1224 
454 527 1404 1776 1775 
455 1404 515 1774 1776 
456 1776 1774 510 1622 
457 1775 1776 1622 511 
458 754 1777 1780 1779 
459 1777 1204 1778 1780 
460 1780 1778 664 1576 
461 1779 1780 1576 1027 
462 1101 1781 1785 1784 
463 1781 758 1782 1785 
464 1785 1782 972 1783 
465 1784 1785 1783 1100 
466 1160 1739 1789 1788 
467 1739 487 1786 1789 
468 1789 1786 1145 1787 
469 1788 1789 1787 1147 
470 1150 1790 1793 1792 
471 1790 1152 1716 1793 
472 1793 1716 488 1791 
473 1792 1793 1791 1166 
474 1242 1794 1797 1796 
475 1794 1243 1646 1797 
476 1797 1646 1239 1795 
477 1796 1797 1795 1241 
478 727 1798 1801 1800 
479 1798 1315 1655 1801 
480 1801 1655 710 1799 
481 1800 1801 1799 1102 
482 1271 1802 1804 1803 
483 1802 721 1356 1804 
484 1804 1356 675 1533 
485 1803 1804 1533 1268 
486 543 1805 1808 1807 
487 1805 78 79 1808 
488 1808 79 80 1806 
489 1807 1808 1806 506 
490 608 1809 1813 1812 
491 1809 466 1810 1813 
492 1813 1810 604 1811 
493 1812 1813 1811 1080 
494 1156 1814 1818 1817 
495 1814 1215 1815 1818 
496 1818 1815 1157 1816 
497 1817 1818 1816 1168 
498 1283 1819 1823 1822 
499 1819 647 1820 1823 
500 1823 1820 755 1821 
501 1822 1823 1821 536 
502 1239 1824 1827 1795 
503 1824 955 1825 1827 
504 1827 1825 953 1826 
505 1795 1827 1826 1241 
506 45 1752 1829 44 
507 1752 539 1828 1829 
508 1829 1828 139 138 
509 44 1829 138 5 
510 1079 1830 1834 1833 
511 1830 1081 1831 1834 
512 1834 1831 1094 1832 
513 1833 1834 1832 1095 
514 502 1835 1838 1837 
515 1835 570 1836 1838 
516 1838 1836 437 436 
517 1837 1838 436 435 
518 435 434 1841 1837 
519 434 433 1839 1841 
520 1841 1839 559 1840 
521 1837 1841 1840 502 
522 482 1842 1845 1844 
523 1842 1161 1843 1845 
524 1845 1843 401 400 
525 1844 1845 400 399 
526 883 1846 1850 1849 
527 1846 884 1847 1850 
528 1850 1847 878 1848 
529 1849 1850 1848 882 
530 1208 1851 1854 1381 
531 1851 568 1852 1854 
532 1854 1852 562 1853 
533 1381 1854 1853 563 
534 484 1855 1857 1574 
535 1855 571 1761 1857 
536 1857 1761 554 1856 
537 1574 1857 1856 557 
538 903 1858 1862 1861 
539 1858 997 1859 1862 
540 1862 1859 841 1860 
541 1861 1862 1860 1003 
542 532 1863 1867 1866 
543 1863 1014 1864 1867 
544 1867 1864 1009 1865 
545 1866 1867 1865 1013 
546 800 1868 1872 1871 
547 1868 799 1869 1872 
548 1872 1869 793 1870 
549 1871 1872 1870 794 
550 865 1873 1877 1876 
551 1873 864 1874 1877 
552 1877 1874 867 1875 
553 1876 1877 1875 866 
554 527 1775 1880 1879 
555 1775 511 1393 1880 
556 1880 1393 1307 1878 
557 1879 1880 1878 513 
558 494 1881 1883 1882 
559 1881 559 1839 1883 
560 1883 1839 433 432 
561 1882 1883 432 431 
562 1080 1884 1887 1812 
563 1884 1078 1885 1887 
564 1887 1885 605 1886 
565 1812 1887 1886 608 
566 467 1888 1891 1890 
567 1888 904 1889 1891 
568 1891 1889 211 210 
569 1890 1891 210 209 
570 1143 1892 1895 1894 
571 1892 1145 1786 1895 
572 1895 1786 487 1893 
573 1894 1895 1893 1163 
574 799 1868 1899 1898 
575 1868 800 1896 1899 
576 1899 1896 999 1897 
577 1898 1899 1897 998 
578 943 1530 1903 1902 
579 1530 994 1900 1903 
580 1903 1900 993 1901 
581 1902 1903 1901 942 
582 1168 1904 1907 1817 
583 1904 1155 1905 1907 
584 1907 1905 1153 1906 
585 1817 1907 1906 1156 
586 1285 1908 1912 1911 
587 1908 555 1909 1912 
588 1912 1909 553 1910 
589 1911 1912 1910 556 
590 557 1856 1914 1592 
591 1856 554 1913 1914 
592 1914 1913 553 1909 
593 1592 1914 1909 555 
594 1155 1713 1917 1905 
595 1713 1152 1915 1917 
596 1917 1915 1151 1916 
597 1905 1917 1916 1153 
598 554 1760 1920 1913 
599 1760 552 1918 1920 
600 1920 1918 550 1919 
601 1913 1920 1919 553 
602 1152 1790 1923 1915 
603 1790 1150 1921 1923 
604 1923 1921 1148 1922 
605 1915 1923 1922 1151 
606 882 1848 1927 1926 
607 1848 878 1924 1927 
608 1927 1924 877 1925 
609 1926 1927 1925 875 
610 1101 1928 1932 1931 
611 1928 797 1929 1932 
612 1932 1929 796 1930 
613 1931 1932 1930 798 
614 1214 1933 1937 1936 
615 1933 1213 1934 1937 
616 1937 1934 1210 1935 
617 1936 1937 1935 1158 
618 898 1938 1941 1418 
619 1938 893 1939 1941 
620 1941 1939 894 1940 
621 1418 1941 1940 895 
622 880 1942 1945 1944 
623 1942 876 1943 1945 
624 1945 1943 875 1925 
625 1944 1945 1925 877 
626 945 1946 1950 1949 
627 1946 750 1947 1950 
628 1950 1947 751 1948 
629 1949 1950 1948 944 
630 552 1505 1953 1918 
631 1505 551 1951 1953 
632 1953 1951 548 1952 
633 1918 1953 1952 550 
634 1150 1954 1957 1921 
635 1954 1147 1955 1957 
636 1957 1955 1146 1956 
637 1921 1957 1956 1148 
638 413 412 1960 1959 
639 412 411 1958 1960 
640 1960 1958 488 1715 
641 1959 1960 1715 1159 
642 602 1961 1965 1964 
643 1961 1088 1962 1965 
644 1965 1962 1087 1963 
645 1964 1965 1963 1084 
646 622 1966 1969 1968 
647 1966 619 1695 1969 
648 1969 1695 549 1967 
649 1968 1969 1967 547 
650 847 1970 1974 1973 
651 1970 853 1971 1974 
652 1974 1971 852 1972 
653 1973 1974 1972 851 
654 952 1975 1979 1978 
655 1975 950 1976 1979 
656 1979 1976 949 1977 
657 1978 1979 1977 951 
658 799 1980 1983 1869 
659 1980 796 1981 1983 
660 1983 1981 795 1982 
661 1869 1983 1982 793 
662 791 1984 1988 1987 
663 1984 789 1985 1988 
664 1988 1985 788 1986 
665 1987 1988 1986 787 
666 826 1989 1993 1992 
667 1989 827 1990 1993 
668 1993 1990 824 1991 
669 1992 1993 1991 823 
670 1245 1994 1998 1997 
671 1994 840 1995 1998 
672 1998 1995 839 1996 
673 1997 1998 1996 838 
674 846 1999 2003 2002 
675 1999 845 2000 2003 
676 2003 2000 843 2001 
677 2002 2003 2001 844 
678 818 2004 2008 2007 
679 2004 814 2005 2008 
680 2008 2005 812 2006 
681 2007 2008 2006 811 
682 752 2009 2013 2012 
683 2009 749 2010 2013 
684 2013 2010 615 2011 
685 2012 2013 2011 750 
686 875 2014 2017 1926 
687 2014 872 2015 2017 
688 2017 2015 873 2016 
689 1926 2017 2016 882 
690 876 2018 2020 1943 
691 2018 874 2019 2020 
692 2020 2019 872 2014 
693 1943 2020 2014 875 
694 894 1939 2024 2023 
695 1939 893 2021 2024 
696 2024 2021 891 2022 
697 2023 2024 2022 892 
698 862 2025 2029 2028 
699 2025 858 2026 2029 
700 2029 2026 857 2027 
701 2028 2029 2027 859 
702 569 2030 2033 2032 
703 2030 452 453 2033 
704 2033 453 454 2031 
705 2032 2033 2031 500 
706 565 1378 2037 2036 
707 1378 563 2034 2037 
708 2037 2034 561 2035 
709 2036 2037 2035 564 
710 568 2038 2041 1852 
711 2038 567 2039 2041 
712 2041 2039 566 2040 
713 1852 2041 2040 562 
714 502 1840 2045 2044 
715 1840 559 2042 2045 
716 2045 2042 560 2043 
717 2044 2045 2043 575 
718 1143 2046 2050 2049 
719 2046 1140 2047 2050 
720 2050 2047 1141 2048 
721 2049 2050 2048 1142 
722 941 2051 2054 2053 
723 2051 943 1902 2054 
724 2054 1902 942 2052 
725 2053 2054 2052 940 
726 550 1952 2057 2056 
727 1952 548 2055 2057 
728 2057 2055 547 1967 
729 2056 2057 1967 549 
730 10 440 2060 463 
731 440 439 2058 2060 
732 2060 2058 637 2059 
733 463 2060 2059 462 
734 1241 1826 2063 2062 
735 1826 953 2061 2063 
736 2063 2061 950 1975 
737 2062 2063 1975 952 
738 1147 1787 2066 1955 
739 1787 1145 2064 2066 
740 2066 2064 1144 2065 
741 1955 2066 2065 1146 
742 985 2067 2071 2070 
743 2067 983 2068 2071 
744 2071 2068 981 2069 
745 2070 2071 2069 984 
746 864 1873 2075 2074 
747 1873 865 2072 2075 
748 2075 2072 860 2073 
749 2074 2075 2073 863 
750 978 2076 2080 2079 
751 2076 977 2077 2080 
752 2080 2077 974 2078 
753 2079 2080 2078 976 
754 1142 2081 2082 2049 
755 2081 1144 2064 2082 
756 2082 2064 1145 1892 
757 2049 2082 1892 1143 
758 575 2043 2085 2084 
759 2043 560 2083 2085 
760 2085 2083 562 2040 
761 2084 2085 2040 566 
762 845 2086 2088 2000 
763 2086 847 1973 2088 
764 2088 1973 851 2087 
765 2000 2088 2087 843 
766 859 2027 2091 2090 
767 2027 857 2089 2091 
768 2091 2089 863 2073 
769 2090 2091 2073 860 
770 649 2092 2095 1451 
771 2092 1085 2093 2095 
772 2095 2093 1084 2094 
773 1451 2095 2094 1086 
774 525 2096 2098 1704 
775 2096 1060 2097 2098 
776 2098 2097 512 1600 
777 1704 2098 1600 1330 
778 464 2099 2103 2102 
779 2099 587 2100 2103 
780 2103 2100 588 2101 
781 2102 2103 2101 1116 
782 834 2104 2108 2107 
783 2104 709 2105 2108 
784 2108 2105 821 2106 
785 2107 2108 2106 954 
786 496 2109 2113 2112 
787 2109 591 2110 2113 
788 2113 2110 592 2111 
789 2112 2113 2111 1212 
790 837 2114 2118 2117 
791 2114 706 2115 2118 
792 2118 2115 807 2116 
793 2117 2118 2116 1248 
794 614 2119 2123 2122 
795 2119 612 2120 2123 
796 2123 2120 613 2121 
797 2122 2123 2121 939 
798 843 2087 2127 2126 
799 2087 851 2124 2127 
800 2127 2124 472 2125 
801 2126 2127 2125 842 
802 857 2128 2131 2089 
803 2128 856 2129 2131 
804 2131 2129 671 2130 
805 2089 2131 2130 863 
806 944 1948 2134 2133 
807 1948 751 2132 2134 
808 2134 2132 940 2052 
809 2133 2134 2052 942 
810 585 2135 2139 2138 
811 2135 490 2136 2139 
812 2139 2136 583 2137 
813 2138 2139 2137 1184 
814 615 2010 2142 2141 
815 2010 749 2140 2142 
816 2142 2140 904 1888 
817 2141 2142 1888 467 
818 1070 2143 2147 2146 
819 2143 804 2144 2147 
820 2147 2144 901 2145 
821 2146 2147 2145 902 
822 900 2148 2152 2151 
823 2148 887 2149 2152 
824 2152 2149 886 2150 
825 2151 2152 2150 899 
826 950 2061 2156 2155 
827 2061 953 2153 2156 
828 2156 2153 910 2154 
829 2155 2156 2154 954 
830 576 1730 2158 2157 
831 1730 492 1473 2158 
832 2158 1473 143 142 
833 2157 2158 142 141 
834 571 1855 2160 1362 
835 1855 484 2159 2160 
836 2160 2159 149 148 
837 1362 2160 148 147 
838 1011 2161 2165 2164 
839 2161 1009 2162 2165 
840 2165 2162 1008 2163 
841 2164 2165 2163 1010 
842 1103 2166 2170 2169 
843 2166 1045 2167 2170 
844 2170 2167 815 2168 
845 2169 2170 2168 817 
846 803 2171 2174 2173 
847 2171 802 2172 2174 
848 2174 2172 901 2144 
849 2173 2174 2144 804 
850 1147 1954 2176 1788 
851 1954 1150 1792 2176 
852 2176 1792 1166 2175 
853 1788 2176 2175 1160 
854 754 1779 2180 2179 
855 1779 1027 2177 2180 
856 2180 2177 1025 2178 
857 2179 2180 2178 1026 
858 1113 2181 2185 2184 
859 2181 1276 2182 2185 
860 2185 2182 1114 2183 
861 2184 2185 2183 1117 
862 456 2186 2188 455 
863 2186 577 2187 2188 
864 2188 2187 500 2031 
865 455 2188 2031 454 
866 593 2189 2193 2192 
867 2189 584 2190 2193 
868 2193 2190 586 2191 
869 2192 2193 2191 1181 
870 1186 2194 2197 2196 
871 2194 1185 2195 2197 
872 2197 2195 1184 2137 
873 2196 2197 2137 583 
874 1212 2198 2201 2112 
875 2198 579 2199 2201 
876 2201 2199 578 2200 
877 2112 2201 2200 496 
878 790 2202 2206 2205 
879 2202 787 2203 2206 
880 2206 2203 774 2204 
881 2205 2206 2204 786 
882 825 2207 2211 2210 
883 2207 823 2208 2211 
884 2211 2208 822 2209 
885 2210 2211 2209 771 
886 794 1870 2215 2214 
887 1870 793 2212 2215 
888 2215 2212 704 2213 
889 2214 2215 2213 792 
890 1157 2216 2219 2218 
891 2216 592 2110 2219 
892 2219 2110 591 2217 
893 2218 2219 2217 489 
894 954 2154 2222 2107 
895 2154 910 2220 2222 
896 2222 2220 909 2221 
897 2107 2222 2221 834 
898 813 2223 2227 2226 
899 2223 811 2224 2227 
900 2227 2224 733 2225 
901 2226 2227 2225 810 
902 805 2228 2232 2231 
903 2228 802 2229 2232 
904 2232 2229 712 2230 
905 2231 2232 2230 801 
906 1248 2233 2236 2117 
907 2233 838 2234 2236 
908 2236 2234 707 2235 
909 2117 2236 2235 837 
910 844 2001 2239 2238 
911 2001 843 2126 2239 
912 2239 2126 842 2237 
913 2238 2239 2237 686 
914 1184 2240 2242 2138 
915 2240 586 2190 2242 
916 2242 2190 584 2241 
917 2138 2242 2241 585 
918 1181 2243 2246 2192 
919 2243 594 2244 2246 
920 2246 2244 465 2245 
921 2192 2246 2245 593 
922 1116 2247 2250 2102 
923 2247 581 2248 2250 
924 2250 2248 580 2249 
925 2102 2250 2249 464 
926 858 2251 2253 2026 
927 2251 670 2252 2253 
928 2253 2252 856 2128 
929 2026 2253 2128 857 
930 892 2022 2257 2256 
931 2022 891 2254 2257 
932 2257 2254 890 2255 
933 2256 2257 2255 687 
934 914 2258 2262 2261 
935 2258 470 2259 2262 
936 2262 2259 912 2260 
937 2261 2262 2260 913 
938 874 2263 2266 2019 
939 2263 663 2264 2266 
940 2266 2264 871 2265 
941 2019 2266 2265 872 
942 1078 2267 2270 1885 
943 2267 607 2268 2270 
944 2270 2268 606 2269 
945 1885 2270 2269 605 
946 1088 1961 2273 1686 
947 1961 602 2271 2273 
948 2273 2271 601 2272 
949 1686 2273 2272 600 
950 939 2274 2276 2122 
951 2274 615 2141 2276 
952 2276 2141 467 2275 
953 2122 2276 2275 614 
954 887 2277 2280 2149 
955 2277 720 2278 2280 
956 2280 2278 885 2279 
957 2149 2280 2279 886 
958 595 2281 2285 2284 
959 2281 596 2282 2285 
960 2285 2282 1177 2283 
961 2284 2285 2283 597 
962 594 2286 2288 2244 
963 2286 1177 2282 2288 
964 2288 2282 596 2287 
965 2244 2288 2287 465 
966 748 2289 2292 2291 
967 2289 1197 2290 2292 
968 2292 2290 660 1675 
969 2291 2292 1675 1012 
970 1099 1397 2295 1701 
971 1397 739 2293 2295 
972 2295 2293 916 2294 
973 1701 2295 2294 970 
974 864 2296 2299 1874 
975 2296 922 2297 2299 
976 2299 2297 938 2298 
977 1874 2299 2298 867 
978 1079 2300 2302 1830 
979 2300 1080 1811 2302 
980 2302 1811 604 2301 
981 1830 2302 2301 1081 
982 824 2303 2307 2306 
983 2303 928 2304 2307 
984 2307 2304 479 2305 
985 2306 2307 2305 829 
986 795 2308 2312 2311 
987 2308 931 2309 2312 
988 2312 2309 705 2310 
989 2311 2312 2310 836 
990 873 2313 2317 2316 
991 2313 917 2314 2317 
992 2317 2314 468 2315 
993 2316 2317 2315 935 
994 892 2318 2321 2023 
995 2318 925 2319 2321 
996 2321 2319 896 2320 
997 2023 2321 2320 894 
998 874 2018 2325 2324 
999 2018 876 2322 2325 
1000 2325 2322 881 2323 
1001 2324 2325 2323 926 
1002 827 2326 2328 1990 
1003 2326 828 2327 2328 
1004 2328 2327 928 2303 
1005 1990 2328 2303 824 
1006 796 1929 2330 1981 
1007 1929 797 2329 2330 
1008 2330 2329 931 2308 
1009 1981 2330 2308 795 
1010 882 2016 2332 1849 
1011 2016 873 2316 2332 
1012 2332 2316 935 2331 
1013 1849 2332 2331 883 
1014 1133 2333 2337 2336 
1015 2333 989 2334 2337 
1016 2337 2334 1164 2335 
1017 2336 2337 2335 1134 
1018 920 2338 2342 2341 
1019 2338 471 2339 2342 
1020 2342 2339 960 2340 
1021 2341 2342 2340 925 
1022 544 1753 2345 2344 
1023 1753 47 48 2345 
1024 2345 48 49 2343 
1025 2344 2345 2343 499 
1026 981 2346 2350 2349 
1027 2346 980 2347 2350 
1028 2350 2347 979 2348 
1029 2349 2350 2348 486 
1030 804 2351 2354 2173 
1031 2351 1068 2352 2354 
1032 2354 2352 809 2353 
1033 2173 2354 2353 803 
1034 563 1853 2356 2034 
1035 1853 562 2083 2356 
1036 2356 2083 560 2355 
1037 2034 2356 2355 561 
1038 860 2357 2360 2090 
1039 2357 861 2358 2360 
1040 2360 2358 1270 2359 
1041 2090 2360 2359 859 
1042 1211 2361 2365 2364 
1043 2361 631 2362 2365 
1044 2365 2362 630 2363 
1045 2364 2365 2363 579 
1046 840 2366 2368 1995 
1047 2366 841 1859 2368 
1048 2368 1859 997 2367 
1049 1995 2368 2367 839 
1050 429 428 2372 2371 
1051 428 427 2369 2372 
1052 2372 2369 590 2370 
1053 2371 2372 2370 574 
1054 1250 2373 2376 2375 
1055 2373 1249 2374 2376 
1056 2376 2374 1248 2116 
1057 2375 2376 2116 807 
1058 751 2377 2379 2132 
1059 2377 939 2121 2379 
1060 2379 2121 613 2378 
1061 2132 2379 2378 940 
1062 217 216 2383 2382 
1063 216 215 2380 2383 
1064 2383 2380 533 2381 
1065 2382 2383 2381 1014 
1066 219 218 2385 2384 
1067 218 217 2382 2385 
1068 2385 2382 1014 1863 
1069 2384 2385 1863 532 
1070 1158 1935 2388 2387 
1071 1935 1210 2386 2388 
1072 2388 2386 1212 2111 
1073 2387 2388 2111 592 
1074 1249 2389 2390 2374 
1075 2389 1245 1997 2390 
1076 2390 1997 838 2233 
1077 2374 2390 2233 1248 
1078 750 2011 2391 1947 
1079 2011 615 2274 2391 
1080 2391 2274 939 2377 
1081 1947 2391 2377 751 
1082 361 360 2395 2394 
1083 360 359 2392 2395 
1084 2395 2392 975 2393 
1085 2394 2395 2393 477 
1086 395 394 2399 2398 
1087 394 393 2396 2399 
1088 2399 2396 1135 2397 
1089 2398 2399 2397 497 
1090 393 392 2402 2396 
1091 392 391 2400 2402 
1092 2402 2400 480 2401 
1093 2396 2402 2401 1135 
1094 387 386 2405 2404 
1095 386 385 2403 2405 
1096 2405 2403 786 2204 
1097 2404 2405 2204 774 
1098 423 422 2408 2407 
1099 422 421 2406 2408 
1100 2408 2406 496 2200 
1101 2407 2408 2200 578 
1102 329 328 2411 2410 
1103 328 327 2409 2411 
1104 2411 2409 792 2213 
1105 2410 2411 2213 704 
1106 391 390 2414 2400 
1107 390 389 2412 2414 
1108 2414 2412 835 2413 
1109 2400 2414 2413 480 
1110 377 376 2417 2416 
1111 376 375 2415 2417 
1112 2417 2415 771 2209 
1113 2416 2417 2209 822 
1114 371 370 2421 2420 
1115 370 369 2418 2421 
1116 2421 2418 831 2419 
1117 2420 2421 2419 478 
1118 315 314 2425 2424 
1119 314 313 2422 2425 
1120 2425 2422 806 2423 
1121 2424 2425 2423 706 
1122 301 300 2429 2428 
1123 300 299 2426 2429 
1124 2429 2426 742 2427 
1125 2428 2429 2427 820 
1126 419 418 2432 2431 
1127 418 417 2430 2432 
1128 2432 2430 489 2217 
1129 2431 2432 2217 591 
1130 363 362 2435 2434 
1131 362 361 2394 2435 
1132 2435 2394 477 2433 
1133 2434 2435 2433 819 
1134 313 312 2438 2422 
1135 312 311 2436 2438 
1136 2438 2436 832 2437 
1137 2422 2438 2437 806 
1138 323 322 2442 2441 
1139 322 321 2439 2442 
1140 2442 2439 905 2440 
1141 2441 2442 2440 474 
1142 339 338 2446 2445 
1143 338 337 2443 2446 
1144 2446 2443 475 2444 
1145 2445 2446 2444 908 
1146 321 320 2449 2439 
1147 320 319 2447 2449 
1148 2449 2447 707 2448 
1149 2439 2449 2448 905 
1150 341 340 2452 2451 
1151 340 339 2445 2452 
1152 2452 2445 908 2450 
1153 2451 2452 2450 801 
1154 317 316 2454 2453 
1155 316 315 2424 2454 
1156 2454 2424 706 2114 
1157 2453 2454 2114 837 
1158 375 374 2457 2415 
1159 374 373 2455 2457 
1160 2457 2455 911 2456 
1161 2415 2457 2456 771 
1162 303 302 2460 2459 
1163 302 301 2428 2460 
1164 2460 2428 820 2458 
1165 2459 2460 2458 709 
1166 307 306 2463 2462 
1167 306 305 2461 2463 
1168 2463 2461 834 2221 
1169 2462 2463 2221 909 
1170 381 380 2466 2465 
1171 380 379 2464 2466 
1172 2466 2464 829 2305 
1173 2465 2466 2305 479 
1174 373 372 2468 2455 
1175 372 371 2420 2468 
1176 2468 2420 478 2467 
1177 2455 2468 2467 911 
1178 311 310 2471 2436 
1179 310 309 2469 2471 
1180 2471 2469 473 2470 
1181 2436 2471 2470 832 
1182 325 324 2474 2473 
1183 324 323 2441 2474 
1184 2474 2441 474 2472 
1185 2473 2474 2472 855 
1186 335 334 2478 2477 
1187 334 333 2475 2478 
1188 2478 2475 705 2476 
1189 2477 2478 2476 906 
1190 365 364 2481 2480 
1191 364 363 2434 2481 
1192 2481 2434 819 2479 
1193 2480 2481 2479 810 
1194 337 336 2483 2443 
1195 336 335 2477 2483 
1196 2483 2477 906 2482 
1197 2443 2483 2482 475 
1198 343 342 2485 2484 
1199 342 341 2451 2485 
1200 2485 2451 801 2230 
1201 2484 2485 2230 712 
1202 309 308 2487 2469 
1203 308 307 2462 2487 
1204 2487 2462 909 2486 
1205 2469 2487 2486 473 
1206 331 330 2490 2489 
1207 330 329 2410 2490 
1208 2490 2410 704 2488 
1209 2489 2490 2488 836 
1210 305 304 2491 2461 
1211 304 303 2459 2491 
1212 2491 2459 709 2104 
1213 2461 2491 2104 834 
1214 367 366 2493 2492 
1215 366 365 2480 2493 
1216 2493 2480 810 2225 
1217 2492 2493 2225 733 
1218 295 294 2496 2495 
1219 294 293 2494 2496 
1220 2496 2494 842 2125 
1221 2495 2496 2125 472 
1222 345 344 2499 2498 
1223 344 343 2484 2499 
1224 2499 2484 712 2497 
1225 2498 2499 2497 808 
1226 333 332 2500 2475 
1227 332 331 2489 2500 
1228 2500 2489 836 2310 
1229 2475 2500 2310 705 
1230 383 382 2503 2502 
1231 382 381 2465 2503 
1232 2503 2465 479 2501 
1233 2502 2503 2501 830 
1234 385 384 2505 2403 
1235 384 383 2502 2505 
1236 2505 2502 830 2504 
1237 2403 2505 2504 786 
1238 327 326 2507 2409 
1239 326 325 2473 2507 
1240 2507 2473 855 2506 
1241 2409 2507 2506 792 
1242 421 420 2508 2406 
1243 420 419 2431 2508 
1244 2508 2431 591 2109 
1245 2406 2508 2109 496 
1246 369 368 2510 2418 
1247 368 367 2492 2510 
1248 2510 2492 733 2509 
1249 2418 2510 2509 831 
1250 379 378 2512 2464 
1251 378 377 2416 2512 
1252 2512 2416 822 2511 
1253 2464 2512 2511 829 
1254 319 318 2513 2447 
1255 318 317 2453 2513 
1256 2513 2453 837 2235 
1257 2447 2513 2235 707 
1258 425 424 2516 2515 
1259 424 423 2407 2516 
1260 2516 2407 578 2514 
1261 2515 2516 2514 493 
1262 389 388 2518 2412 
1263 388 387 2404 2518 
1264 2518 2404 774 2517 
1265 2412 2518 2517 835 
1266 293 292 2520 2494 
1267 292 291 2519 2520 
1268 2520 2519 686 2237 
1269 2494 2520 2237 842 
1270 291 290 2523 2519 
1271 290 289 2521 2523 
1272 2523 2521 868 2522 
1273 2519 2523 2522 686 
1274 165 164 2526 2525 
1275 164 163 2524 2526 
1276 2526 2524 490 2135 
1277 2525 2526 2135 585 
1278 167 166 2528 2527 
1279 166 165 2525 2528 
1280 2528 2525 585 2241 
1281 2527 2528 2241 584 
1282 171 170 2531 2530 
1283 170 169 2529 2531 
1284 2531 2529 593 2245 
1285 2530 2531 2245 465 
1286 169 168 2532 2529 
1287 168 167 2527 2532 
1288 2532 2527 584 2189 
1289 2529 2532 2189 593 
1290 163 162 2535 2524 
1291 162 161 2533 2535 
1292 2535 2533 582 2534 
1293 2524 2535 2534 490 
1294 173 172 2537 2536 
1295 172 171 2530 2537 
1296 2537 2530 465 2287 
1297 2536 2537 2287 596 
1298 161 160 2540 2533 
1299 160 159 2538 2540 
1300 2540 2538 580 2539 
1301 2533 2540 2539 582 
1302 159 158 2542 2538 
1303 158 157 2541 2542 
1304 2542 2541 464 2249 
1305 2538 2542 2249 580 
1306 175 174 2544 2543 
1307 174 173 2536 2544 
1308 2544 2536 596 2281 
1309 2543 2544 2281 595 
1310 157 156 2546 2541 
1311 156 155 2545 2546 
1312 2546 2545 587 2099 
1313 2541 2546 2099 464 
1314 155 154 2549 2545 
1315 154 153 2547 2549 
1316 2549 2547 498 2548 
1317 2545 2549 2548 587 
1318 151 150 2551 2550 
1319 150 149 2159 2551 
1320 2551 2159 484 1573 
1321 2550 2551 1573 589 
1322 153 152 2553 2547 
1323 152 151 2550 2553 
1324 2553 2550 589 2552 
1325 2547 2553 2552 498 
1326 177 176 2556 2555 
1327 176 175 2543 2556 
1328 2556 2543 595 2554 
1329 2555 2556 2554 598 
1330 179 178 2559 2558 
1331 178 177 2555 2559 
1332 2559 2555 598 2557 
1333 2558 2559 2557 483 
1334 289 288 2562 2521 
1335 288 287 2560 2562 
1336 2562 2560 685 2561 
1337 2521 2562 2561 868 
1338 253 252 2565 2564 
1339 252 251 2563 2565 
1340 2565 2563 671 2129 
1341 2564 2565 2129 856 
1342 265 264 2569 2568 
1343 264 263 2566 2569 
1344 2569 2566 470 2567 
1345 2568 2569 2567 916 
1346 255 254 2571 2570 
1347 254 253 2564 2571 
1348 2571 2564 856 2252 
1349 2570 2571 2252 670 
1350 231 230 2575 2574 
1351 230 229 2572 2575 
1352 2575 2572 917 2573 
1353 2574 2575 2573 871 
1354 271 270 2578 2577 
1355 270 269 2576 2578 
1356 2578 2576 870 1521 
1357 2577 2578 1521 677 
1358 199 198 2582 2581 
1359 198 197 2579 2582 
1360 2582 2579 609 2580 
1361 2581 2582 2580 481 
1362 281 280 2585 2584 
1363 280 279 2583 2585 
1364 2585 2583 471 2338 
1365 2584 2585 2338 920 
1366 193 192 2588 2587 
1367 192 191 2586 2588 
1368 2588 2586 608 1886 
1369 2587 2588 1886 605 
1370 233 232 2590 2589 
1371 232 231 2574 2590 
1372 2590 2574 871 2264 
1373 2589 2590 2264 663 
1374 261 260 2594 2593 
1375 260 259 2591 2594 
1376 2594 2591 672 2592 
1377 2593 2594 2592 912 
1378 197 196 2597 2579 
1379 196 195 2595 2597 
1380 2597 2595 606 2596 
1381 2579 2597 2596 609 
1382 195 194 2598 2595 
1383 194 193 2587 2598 
1384 2598 2587 605 2269 
1385 2595 2598 2269 606 
1386 191 190 2600 2586 
1387 190 189 2599 2600 
1388 2600 2599 466 1809 
1389 2586 2600 1809 608 
1390 203 202 2604 2603 
1391 202 201 2601 2604 
1392 2604 2601 617 2602 
1393 2603 2604 2602 611 
1394 279 278 2607 2583 
1395 278 277 2605 2607 
1396 2607 2605 919 2606 
1397 2583 2607 2606 471 
1398 187 186 2611 2610 
1399 186 185 2608 2611 
1400 2611 2608 601 2609 
1401 2610 2611 2609 603 
1402 283 282 2614 2613 
1403 282 281 2584 2614 
1404 2614 2584 920 2612 
1405 2613 2614 2612 687 
1406 245 244 2618 2617 
1407 244 243 2615 2618 
1408 2618 2615 918 2616 
1409 2617 2618 2616 469 
1410 239 238 2622 2621 
1411 238 237 2619 2622 
1412 2622 2619 662 2620 
1413 2621 2622 2620 885 
1414 267 266 2624 2623 
1415 266 265 2568 2624 
1416 2624 2568 916 2293 
1417 2623 2624 2293 739 
1418 183 182 2627 2626 
1419 182 181 2625 2627 
1420 2627 2625 616 1687 
1421 2626 2627 1687 600 
1422 189 188 2629 2599 
1423 188 187 2610 2629 
1424 2629 2610 603 2628 
1425 2599 2629 2628 466 
1426 229 228 2631 2572 
1427 228 227 2630 2631 
1428 2631 2630 468 2314 
1429 2572 2631 2314 917 
1430 243 242 2634 2615 
1431 242 241 2632 2634 
1432 2634 2632 720 2633 
1433 2615 2634 2633 918 
1434 181 180 2635 2625 
1435 180 179 2558 2635 
1436 2635 2558 483 1625 
1437 2625 2635 1625 616 
1438 205 204 2638 2637 
1439 204 203 2603 2638 
1440 2638 2603 611 2636 
1441 2637 2638 2636 612 
1442 275 274 2642 2641 
1443 274 273 2639 2642 
1444 2642 2639 889 2640 
1445 2641 2642 2640 678 
1446 201 200 2644 2601 
1447 200 199 2581 2644 
1448 2644 2581 481 2643 
1449 2601 2644 2643 617 
1450 185 184 2645 2608 
1451 184 183 2626 2645 
1452 2645 2626 600 2272 
1453 2608 2645 2272 601 
1454 285 284 2647 2646 
1455 284 283 2613 2647 
1456 2647 2613 687 2255 
1457 2646 2647 2255 890 
1458 209 208 2649 1890 
1459 208 207 2648 2649 
1460 2649 2648 614 2275 
1461 1890 2649 2275 467 
1462 277 276 2651 2605 
1463 276 275 2641 2651 
1464 2651 2641 678 2650 
1465 2605 2651 2650 919 
1466 207 206 2652 2648 
1467 206 205 2637 2652 
1468 2652 2637 612 2119 
1469 2648 2652 2119 614 
1470 237 236 2655 2619 
1471 236 235 2653 2655 
1472 2655 2653 888 2654 
1473 2619 2655 2654 662 
1474 235 234 2657 2653 
1475 234 233 2589 2657 
1476 2657 2589 663 2656 
1477 2653 2657 2656 888 
1478 269 268 2658 2576 
1479 268 267 2623 2658 
1480 2658 2623 739 1400 
1481 2576 2658 1400 870 
1482 259 258 2661 2591 
1483 258 257 2659 2661 
1484 2661 2659 869 2660 
1485 2591 2661 2660 672 
1486 263 262 2662 2566 
1487 262 261 2593 2662 
1488 2662 2593 912 2259 
1489 2566 2662 2259 470 
1490 257 256 2664 2659 
1491 256 255 2570 2664 
1492 2664 2570 670 2663 
1493 2659 2664 2663 869 
1494 241 240 2665 2632 
1495 240 239 2621 2665 
1496 2665 2621 885 2278 
1497 2632 2665 2278 720 
1498 273 272 2666 2639 
1499 272 271 2577 2666 
1500 2666 2577 677 1771 
1501 2639 2666 1771 889 
1502 287 286 2668 2560 
1503 286 285 2646 2668 
1504 2668 2646 890 2667 
1505 2560 2668 2667 685 
1506 983 1631 2670 2068 
1507 1631 982 2669 2670 
1508 2670 2669 980 2346 
1509 2068 2670 2346 981 
1510 397 396 2673 2672 
1511 396 395 2398 2673 
1512 2673 2398 497 2671 
1513 2672 2673 2671 1138 
1514 399 398 2675 1844 
1515 398 397 2672 2675 
1516 2675 2672 1138 2674 
1517 1844 2675 2674 482 
1518 949 1976 2677 2676 
1519 1976 950 2155 2677 
1520 2677 2155 954 2106 
1521 2676 2677 2106 821 
1522 903 2678 2680 2679 
1523 2678 794 2214 2680 
1524 2680 2214 792 2506 
1525 2679 2680 2506 855 
1526 823 1991 2681 2208 
1527 1991 824 2306 2681 
1528 2681 2306 829 2511 
1529 2208 2681 2511 822 
1530 811 2006 2683 2224 
1531 2006 812 2682 2683 
1532 2683 2682 831 2509 
1533 2224 2683 2509 733 
1534 838 1996 2685 2234 
1535 1996 839 2684 2685 
1536 2685 2684 905 2448 
1537 2234 2685 2448 707 
1538 793 1982 2686 2212 
1539 1982 795 2311 2686 
1540 2686 2311 836 2488 
1541 2212 2686 2488 704 
1542 802 2171 2688 2229 
1543 2171 803 2687 2688 
1544 2688 2687 808 2497 
1545 2229 2688 2497 712 
1546 787 1986 2690 2203 
1547 1986 788 2689 2690 
1548 2690 2689 835 2517 
1549 2203 2690 2517 774 
1550 933 2691 2693 2692 
1551 2691 844 2238 2693 
1552 2693 2238 686 2522 
1553 2692 2693 2522 868 
1554 925 2318 2694 2341 
1555 2318 892 2256 2694 
1556 2694 2256 687 2612 
1557 2341 2694 2612 920 
1558 934 2695 2697 2696 
1559 2695 869 2663 2697 
1560 2697 2663 670 2251 
1561 2696 2697 2251 858 
1562 872 2265 2698 2015 
1563 2265 871 2573 2698 
1564 2698 2573 917 2313 
1565 2015 2698 2313 873 
1566 970 2294 2700 2699 
1567 2294 916 2567 2700 
1568 2700 2567 470 2258 
1569 2699 2700 2258 914 
1570 927 2701 2703 2702 
1571 2701 918 2633 2703 
1572 2703 2633 720 2277 
1573 2702 2703 2277 887 
1574 926 2704 2705 2324 
1575 2704 888 2656 2705 
1576 2705 2656 663 2263 
1577 2324 2705 2263 874 
1578 427 426 2707 2369 
1579 426 425 2515 2707 
1580 2707 2515 493 2706 
1581 2369 2707 2706 590 
1582 940 2378 2710 2053 
1583 2378 613 2708 2710 
1584 2710 2708 946 2709 
1585 2053 2710 2709 941 
1586 635 2711 2714 2713 
1587 2711 1113 2712 2714 
1588 2714 2712 1116 2101 
1589 2713 2714 2101 588 
1590 752 2715 2719 2718 
1591 2715 1192 2716 2719 
1592 2719 2716 748 2717 
1593 2718 2719 2717 1120 
1594 953 1825 2722 2153 
1595 1825 955 2720 2722 
1596 2722 2720 957 2721 
1597 2153 2722 2721 910 
1598 490 2534 2725 2136 
1599 2534 582 2723 2725 
1600 2725 2723 1189 2724 
1601 2136 2725 2724 583 
1602 481 2580 2728 2727 
1603 2580 609 2726 2728 
1604 2728 2726 1036 1756 
1605 2727 2728 1756 610 
1606 458 2729 2731 457 
1607 2729 507 2730 2731 
1608 2731 2730 577 2186 
1609 457 2731 2186 456 
1610 141 140 2733 2157 
1611 140 139 1828 2733 
1612 2733 1828 539 2732 
1613 2157 2733 2732 576 
1614 612 2636 2735 2120 
1615 2636 611 2734 2735 
1616 2735 2734 946 2708 
1617 2120 2735 2708 613 
1618 706 2423 2738 2115 
1619 2423 806 2736 2738 
1620 2738 2736 1251 2737 
1621 2115 2738 2737 807 
1622 709 2458 2741 2105 
1623 2458 820 2739 2741 
1624 2741 2739 948 2740 
1625 2105 2741 2740 821 
1626 359 358 2744 2392 
1627 358 357 2742 2744 
1628 2744 2742 979 2743 
1629 2392 2744 2743 975 
1630 357 356 2746 2742 
1631 356 355 2745 2746 
1632 2746 2745 486 2348 
1633 2742 2746 2348 979 
1634 1025 2747 2750 2178 
1635 2747 1024 2748 2750 
1636 2750 2748 1015 2749 
1637 2178 2750 2749 1026 
1638 431 430 2752 1882 
1639 430 429 2371 2752 
1640 2752 2371 574 2751 
1641 1882 2752 2751 494 
1642 1200 2753 2757 2756 
1643 2753 718 2754 2757 
1644 2757 2754 1125 2755 
1645 2756 2757 2755 1104 
1646 832 2470 2761 2760 
1647 2470 473 2758 2761 
1648 2761 2758 957 2759 
1649 2760 2761 2759 833 
1650 1136 2762 2765 2764 
1651 2762 1137 2763 2765 
1652 2765 2763 1138 2671 
1653 2764 2765 2671 497 
1654 297 296 2768 2767 
1655 296 295 2495 2768 
1656 2768 2495 472 2766 
1657 2767 2768 2766 921 
1658 299 298 2770 2426 
1659 298 297 2767 2770 
1660 2770 2767 921 2769 
1661 2426 2770 2769 742 
1662 251 250 2773 2563 
1663 250 249 2771 2773 
1664 2773 2771 922 2772 
1665 2563 2773 2772 671 
1666 851 1972 2775 2124 
1667 1972 852 2774 2775 
1668 2775 2774 921 2766 
1669 2124 2775 2766 472 
1670 863 2130 2776 2074 
1671 2130 671 2772 2776 
1672 2776 2772 922 2296 
1673 2074 2776 2296 864 
1674 1161 1842 2780 2779 
1675 1842 482 2777 2780 
1676 2780 2777 1139 2778 
1677 2779 2780 2778 1140 
1678 976 2078 2783 2782 
1679 2078 974 2781 2783 
1680 2783 2781 477 2393 
1681 2782 2783 2393 975 
1682 1075 2784 2786 2785 
1683 2784 1078 1884 2786 
1684 2786 1884 1080 2300 
1685 2785 2786 2300 1079 
1686 347 346 2789 2788 
1687 346 345 2498 2789 
1688 2789 2498 808 2787 
1689 2788 2789 2787 924 
1690 349 348 2792 2791 
1691 348 347 2788 2792 
1692 2792 2788 924 2790 
1693 2791 2792 2790 476 
1694 980 2793 2794 2347 
1695 2793 976 2782 2794 
1696 2794 2782 975 2743 
1697 2347 2794 2743 979 
1698 225 224 2798 2797 
1699 224 223 2795 2798 
1700 2798 2795 534 2796 
1701 2797 2798 2796 937 
1702 227 226 2800 2630 
1703 226 225 2797 2800 
1704 2800 2797 937 2799 
1705 2630 2800 2799 468 
1706 708 1385 2803 2802 
1707 1385 693 1553 2803 
1708 2803 1553 692 2801 
1709 2802 2803 2801 694 
1710 629 2804 2807 2806 
1711 2804 564 2805 2807 
1712 2807 2805 574 2370 
1713 2806 2807 2370 590 
1714 213 212 2810 2809 
1715 212 211 1889 2810 
1716 2810 1889 904 2808 
1717 2809 2810 2808 959 
1718 355 354 2813 2745 
1719 354 353 2811 2813 
1720 2813 2811 987 2812 
1721 2745 2813 2812 486 
1722 415 414 2816 2815 
1723 414 413 1959 2816 
1724 2816 1959 1159 2814 
1725 2815 2816 2814 1162 
1726 223 222 2819 2795 
1727 222 221 2817 2819 
1728 2819 2817 1016 2818 
1729 2795 2819 2818 534 
1730 221 220 2821 2817 
1731 220 219 2384 2821 
1732 2821 2384 532 2820 
1733 2817 2821 2820 1016 
1734 417 416 2823 2430 
1735 416 415 2815 2823 
1736 2823 2815 1162 2822 
1737 2430 2823 2822 489 
1738 247 246 2826 2825 
1739 246 245 2617 2826 
1740 2826 2617 469 2824 
1741 2825 2826 2824 938 
1742 1140 2046 2828 2779 
1743 2046 1143 1894 2828 
1744 2828 1894 1163 2827 
1745 2779 2828 2827 1161 
1746 1009 2161 2830 1865 
1747 2161 1011 1746 2830 
1748 2830 1746 1071 2829 
1749 1865 2830 2829 1013 
1750 803 2353 2832 2687 
1751 2353 809 2831 2832 
1752 2832 2831 924 2787 
1753 2687 2832 2787 808 
1754 935 2315 2835 2834 
1755 2315 468 2799 2835 
1756 2835 2799 937 2833 
1757 2834 2835 2833 936 
1758 1304 2836 2839 2838 
1759 2836 699 1558 2839 
1760 2839 1558 698 2837 
1761 2838 2839 2837 700 
1762 579 2198 2841 2364 
1763 2198 1212 2386 2841 
1764 2841 2386 1210 2840 
1765 2364 2841 2840 1211 
1766 545 2842 2844 2843 
1767 2842 548 1951 2844 
1768 2844 1951 551 1732 
1769 2843 2844 1732 632 
1770 828 2845 2848 2327 
1771 2845 929 2846 2848 
1772 2848 2846 991 2847 
1773 2327 2848 2847 928 
1774 797 2849 2852 2329 
1775 2849 932 2850 2852 
1776 2852 2850 963 2851 
1777 2329 2852 2851 931 
1778 581 2853 2854 2248 
1779 2853 1189 2723 2854 
1780 2854 2723 582 2539 
1781 2248 2854 2539 580 
1782 984 2069 2856 2855 
1783 2069 981 2349 2856 
1784 2856 2349 486 2812 
1785 2855 2856 2812 987 
1786 932 2857 2860 2850 
1787 2857 971 2858 2860 
1788 2860 2858 907 2859 
1789 2850 2860 2859 963 
1790 1135 2401 2863 2862 
1791 2401 480 2861 2863 
1792 2863 2861 989 2333 
1793 2862 2863 2333 1133 
1794 607 2864 2865 2268 
1795 2864 1036 2726 2865 
1796 2865 2726 609 2596 
1797 2268 2865 2596 606 
1798 976 2793 2867 2079 
1799 2793 980 2669 2867 
1800 2867 2669 982 2866 
1801 2079 2867 2866 978 
1802 403 402 2869 2868 
1803 402 401 1843 2869 
1804 2869 1843 1161 2827 
1805 2868 2869 2827 1163 
1806 731 2870 2873 2872 
1807 2870 1022 2871 2873 
1808 2873 2871 893 1938 
1809 2872 2873 1938 898 
1810 811 2223 2876 2007 
1811 2223 813 2874 2876 
1812 2876 2874 1038 2875 
1813 2007 2876 2875 818 
1814 833 2877 2878 2760 
1815 2877 1251 2736 2878 
1816 2878 2736 806 2437 
1817 2760 2878 2437 832 
1818 249 248 2879 2771 
1819 248 247 2825 2879 
1820 2879 2825 938 2297 
1821 2771 2879 2297 922 
1822 941 2709 2882 2881 
1823 2709 946 2880 2882 
1824 2882 2880 966 1389 
1825 2881 2882 1389 947 
1826 564 2035 2884 2805 
1827 2035 561 2883 2884 
1828 2884 2883 494 2751 
1829 2805 2884 2751 574 
1830 590 2706 2887 2806 
1831 2706 493 2885 2887 
1832 2887 2885 630 2886 
1833 2806 2887 2886 629 
1834 499 2888 2890 2344 
1835 2888 545 2843 2890 
1836 2890 2843 632 2889 
1837 2344 2890 2889 544 
1838 971 2891 2895 2894 
1839 2891 972 2892 2895 
1840 2895 2892 1299 2893 
1841 2894 2895 2893 962 
1842 1177 2286 2898 2897 
1843 2286 594 2896 2898 
1844 2898 2896 1180 1547 
1845 2897 2898 1547 1178 
1846 548 2842 2901 2055 
1847 2842 545 2899 2901 
1848 2901 2899 546 2900 
1849 2055 2901 2900 547 
1850 215 214 2903 2380 
1851 214 213 2809 2903 
1852 2903 2809 959 2902 
1853 2380 2903 2902 533 
1854 475 2482 2906 2905 
1855 2482 906 2904 2906 
1856 2906 2904 963 2859 
1857 2905 2906 2859 907 
1858 579 2363 2907 2199 
1859 2363 630 2885 2907 
1860 2907 2885 493 2514 
1861 2199 2907 2514 578 
1862 910 2721 2908 2220 
1863 2721 957 2758 2908 
1864 2908 2758 473 2486 
1865 2220 2908 2486 909 
1866 532 2909 2911 2820 
1867 2909 1015 2748 2911 
1868 2911 2748 1024 2910 
1869 2820 2911 2910 1016 
1870 794 2678 2913 1871 
1871 2678 903 1861 2913 
1872 2913 1861 1003 2912 
1873 1871 2913 2912 800 
1874 476 2914 2916 2791 
1875 2914 988 2915 2916 
1876 2916 2915 351 350 
1877 2791 2916 350 349 
1878 868 2561 2919 2692 
1879 2561 685 2917 2919 
1880 2919 2917 964 2918 
1881 2692 2919 2918 933 
1882 869 2695 2922 2660 
1883 2695 934 2920 2922 
1884 2922 2920 965 2921 
1885 2660 2922 2921 672 
1886 1081 2301 2926 2925 
1887 2301 604 2923 2926 
1888 2926 2923 1082 2924 
1889 2925 2926 2924 1083 
1890 801 2450 2929 2231 
1891 2450 908 2927 2929 
1892 2929 2927 961 2928 
1893 2231 2929 2928 805 
1894 907 2930 2931 2905 
1895 2930 961 2927 2931 
1896 2931 2927 908 2444 
1897 2905 2931 2444 475 
1898 992 2932 2935 2934 
1899 2932 990 2933 2935 
1900 2935 2933 926 2323 
1901 2934 2935 2323 881 
1902 1091 2936 2939 2938 
1903 2936 1090 2937 2939 
1904 2939 2937 1089 1627 
1905 2938 2939 1627 599 
1906 931 2851 2940 2309 
1907 2851 963 2904 2940 
1908 2940 2904 906 2476 
1909 2309 2940 2476 705 
1910 913 2260 2942 2941 
1911 2260 912 2592 2942 
1912 2942 2592 672 2921 
1913 2941 2942 2921 965 
1914 891 2943 2944 2254 
1915 2943 964 2917 2944 
1916 2944 2917 685 2667 
1917 2254 2944 2667 890 
1918 990 2932 2947 2946 
1919 2932 992 2945 2947 
1920 2947 2945 899 2150 
1921 2946 2947 2150 886 
1922 466 2628 2949 1810 
1923 2628 603 2948 2949 
1924 2949 2948 1082 2923 
1925 1810 2949 2923 604 
1926 409 408 2951 2950 
1927 408 407 1740 2951 
1928 2951 1740 1160 2175 
1929 2950 2951 2175 1166 
1930 989 2952 2954 2334 
1931 2952 788 1985 2954 
1932 2954 1985 789 2953 
1933 2334 2954 2953 1164 
1934 876 1942 2956 2322 
1935 1942 880 1501 2956 
1936 2956 1501 968 2955 
1937 2322 2956 2955 881 
1938 652 1427 2959 2958 
1939 1427 1090 2936 2959 
1940 2959 2936 1091 2957 
1941 2958 2959 2957 1092 
1942 970 2699 2961 1702 
1943 2699 914 2960 2961 
1944 2961 2960 915 1365 
1945 1702 2961 1365 969 
1946 787 2202 2964 1987 
1947 2202 790 2962 2964 
1948 2964 2962 1037 2963 
1949 1987 2964 2963 791 
1950 353 352 2966 2811 
1951 352 351 2915 2966 
1952 2966 2915 988 2965 
1953 2811 2966 2965 987 
1954 611 2602 2968 2734 
1955 2602 617 2967 2968 
1956 2968 2967 966 2880 
1957 2734 2968 2880 946 
1958 749 2969 2971 2140 
1959 2969 753 2970 2971 
1960 2971 2970 959 2808 
1961 2140 2971 2808 904 
1962 405 404 2972 1741 
1963 404 403 2868 2972 
1964 2972 2868 1163 1893 
1965 1741 2972 1893 487 
1966 888 2704 2974 2654 
1967 2704 926 2933 2974 
1968 2974 2933 990 2973 
1969 2654 2974 2973 662 
1970 742 2769 2977 2976 
1971 2769 921 2774 2977 
1972 2977 2774 852 2975 
1973 2976 2977 2975 967 
1974 1253 2978 2981 1748 
1975 2978 1252 2979 2981 
1976 2981 2979 1029 2980 
1977 1748 2981 2980 1240 
1978 559 1881 2982 2042 
1979 1881 494 2883 2982 
1980 2982 2883 561 2355 
1981 2042 2982 2355 560 
1982 987 2965 2985 2855 
1983 2965 988 2983 2985 
1984 2985 2983 1000 2984 
1985 2855 2985 2984 984 
1986 923 2986 2988 1582 
1987 2986 899 2945 2988 
1988 2988 2945 992 2987 
1989 1582 2988 2987 736 
1990 570 2989 2990 1836 
1991 2989 637 2058 2990 
1992 2990 2058 439 438 
1993 1836 2990 438 437 
1994 572 2991 2993 1572 
1995 2991 634 2992 2993 
1996 2993 2992 498 2552 
1997 1572 2993 2552 589 
1998 497 2397 2995 2764 
1999 2397 1135 2862 2995 
2000 2995 2862 1133 2994 
2001 2764 2995 2994 1136 
2002 866 1875 2999 2998 
2003 1875 867 2996 2999 
2004 2999 2996 1006 2997 
2005 2998 2999 2997 956 
2006 1047 3000 3004 3003 
2007 3000 1182 3001 3004 
2008 3004 3001 1183 3002 
2009 3003 3004 3002 1256 
2010 804 2143 3007 2351 
2011 2143 1070 3005 3007 
2012 3007 3005 1273 3006 
2013 2351 3007 3006 1068 
2014 592 2216 3009 2387 
2015 2216 1157 1815 3009 
2016 3009 1815 1215 3008 
2017 2387 3009 3008 1158 
2018 961 2930 3011 3010 
2019 2930 907 2858 3011 
2020 3011 2858 971 2894 
2021 3010 3011 2894 962 
2022 662 2973 3012 2620 
2023 2973 990 2946 3012 
2024 3012 2946 886 2279 
2025 2620 3012 2279 885 
2026 587 2548 3014 2100 
2027 2548 498 2992 3014 
2028 3014 2992 634 3013 
2029 2100 3014 3013 588 
2030 482 2674 3016 2777 
2031 2674 1138 2763 3016 
2032 3016 2763 1137 3015 
2033 2777 3016 3015 1139 
2034 1014 2381 3018 1864 
2035 2381 533 3017 3018 
2036 3018 3017 1008 2162 
2037 1864 3018 2162 1009 
2038 555 1908 3021 1590 
2039 1908 1285 3019 3021 
2040 3021 3019 1284 3020 
2041 1590 3021 3020 573 
2042 1209 3022 3026 3025 
2043 3022 1280 3023 3026 
2044 3026 3023 1279 3024 
2045 3025 3026 3024 1216 
2046 1185 3027 3029 2195 
2047 3027 1183 3028 3029 
2048 3029 3028 586 2240 
2049 2195 3029 2240 1184 
2050 1001 1643 3031 3030 
2051 1643 985 2070 3031 
2052 3031 2070 984 2984 
2053 3030 3031 2984 1000 
2054 610 1390 3032 2727 
2055 1390 966 2967 3032 
2056 3032 2967 617 2643 
2057 2727 3032 2643 481 
2058 855 2472 3034 2679 
2059 2472 474 3033 3034 
2060 3034 3033 997 1858 
2061 2679 3034 1858 903 
2062 1090 1426 3035 2937 
2063 1426 1087 1962 3035 
2064 3035 1962 1088 1685 
2065 2937 3035 1685 1089 
2066 820 2427 3037 2739 
2067 2427 742 2976 3037 
2068 3037 2976 967 3036 
2069 2739 3037 3036 948 
2070 576 2732 3038 1731 
2071 2732 539 1754 3038 
2072 3038 1754 544 2889 
2073 1731 3038 2889 632 
2074 722 3039 3043 3042 
2075 3039 1017 3040 3043 
2076 3043 3040 900 3041 
2077 3042 3043 3041 996 
2078 746 3044 3047 3046 
2079 3044 1234 3045 3047 
2080 3047 3045 1123 1447 
2081 3046 3047 1447 1032 
2082 810 2479 3050 2226 
2083 2479 819 3048 3050 
2084 3050 3048 973 3049 
2085 2226 3050 3049 813 
2086 974 3051 3052 2781 
2087 3051 973 3048 3052 
2088 3052 3048 819 2433 
2089 2781 3052 2433 477 
2090 788 2952 3053 2689 
2091 2952 989 2861 3053 
2092 3053 2861 480 2413 
2093 2689 3053 2413 835 
2094 928 2847 3055 2304 
2095 2847 991 3054 3055 
2096 3055 3054 830 2501 
2097 2304 3055 2501 479 
2098 899 2986 3057 2151 
2099 2986 923 3056 3057 
2100 3057 3056 996 3041 
2101 2151 3057 3041 900 
2102 653 3058 3062 3061 
2103 3058 764 3059 3062 
2104 3062 3059 1295 3060 
2105 3061 3062 3060 651 
2106 786 2504 3064 2205 
2107 2504 830 3054 3064 
2108 3064 3054 991 3063 
2109 2205 3064 3063 790 
2110 1275 3065 3068 3067 
2111 3065 779 1347 3068 
2112 3068 1347 777 3066 
2113 3067 3068 3066 683 
2114 1178 3069 3071 2897 
2115 3069 1176 3070 3071 
2116 3071 3070 597 2283 
2117 2897 3071 2283 1177 
2118 474 2440 3072 3033 
2119 2440 905 2684 3072 
2120 3072 2684 839 2367 
2121 3033 3072 2367 997 
2122 814 3073 3075 2005 
2123 3073 815 2167 3075 
2124 3075 2167 1045 3074 
2125 2005 3075 3074 812 
2126 1283 1822 3078 1616 
2127 1822 536 3076 3078 
2128 3078 3076 1324 3077 
2129 1616 3078 3077 537 
2130 1240 2980 3080 1645 
2131 2980 1029 3079 3080 
2132 3080 3079 955 1824 
2133 1645 3080 1824 1239 
2134 1191 3081 3084 3083 
2135 3081 1125 2754 3084 
2136 3084 2754 718 3082 
2137 3083 3084 3082 1199 
2138 1140 2778 3087 2047 
2139 2778 1139 3085 3087 
2140 3087 3085 1167 3086 
2141 2047 3087 3086 1141 
2142 602 3088 3089 2271 
2143 3088 1082 2948 3089 
2144 3089 2948 603 2609 
2145 2271 3089 2609 601 
2146 683 3090 3094 3093 
2147 3090 684 3091 3094 
2148 3094 3091 690 3092 
2149 3093 3094 3092 689 
2150 469 3095 3096 2824 
2151 3095 1006 2996 3096 
2152 3096 2996 867 2298 
2153 2824 3096 2298 938 
2154 736 2987 3097 1583 
2155 2987 992 2934 3097 
2156 3097 2934 881 2955 
2157 1583 3097 2955 968 
2158 524 3098 3101 1705 
2159 3098 1043 3099 3101 
2160 3101 3099 1259 3100 
2161 1705 3101 3100 1042 
2162 823 2207 3104 1992 
2163 2207 825 3102 3104 
2164 3104 3102 1019 3103 
2165 1992 3104 3103 826 
2166 738 3105 3108 1367 
2167 3105 1290 3106 3108 
2168 3108 3106 777 3107 
2169 1367 3108 3107 1292 
2170 1262 3109 3112 3111 
2171 3109 682 3110 3112 
2172 3112 3110 684 3090 
2173 3111 3112 3090 683 
2174 809 3113 3115 2831 
2175 3113 1018 3114 3115 
2176 3115 3114 476 2790 
2177 2831 3115 2790 924 
2178 964 2943 3117 3116 
2179 2943 891 2021 3117 
2180 3117 2021 893 2871 
2181 3116 3117 2871 1022 
2182 1262 3118 3121 3109 
2183 3118 681 3119 3121 
2184 3121 3119 680 3120 
2185 3109 3121 3120 682 
2186 956 2997 3125 3124 
2187 2997 1006 3122 3125 
2188 3125 3122 927 3123 
2189 3124 3125 3123 1017 
2190 411 410 3126 1958 
2191 410 409 2950 3126 
2192 3126 2950 1166 1791 
2193 1958 3126 1791 488 
2194 755 3127 3130 1821 
2195 3127 643 3128 3130 
2196 3130 3128 1021 3129 
2197 1821 3130 3129 536 
2198 675 1355 3133 3132 
2199 1355 673 1607 3133 
2200 3133 1607 669 3131 
2201 3132 3133 3131 674 
2202 918 2701 3134 2616 
2203 2701 927 3122 3134 
2204 3134 3122 1006 3095 
2205 2616 3134 3095 469 
2206 681 1466 3136 3119 
2207 1466 679 1535 3136 
2208 3136 1535 676 3135 
2209 3119 3136 3135 680 
2210 887 2148 3137 2702 
2211 2148 900 3040 3137 
2212 3137 3040 1017 3123 
2213 2702 3137 3123 927 
2214 802 2228 3140 2172 
2215 2228 805 3138 3140 
2216 3140 3138 1108 3139 
2217 2172 3140 3139 901 
2218 1016 2910 3143 2818 
2219 2910 1024 3141 3143 
2220 3143 3141 1023 3142 
2221 2818 3143 3142 534 
2222 1055 3144 3148 3147 
2223 3144 1028 3145 3148 
2224 3148 3145 995 3146 
2225 3147 3148 3146 1051 
2226 884 1846 3150 1665 
2227 1846 883 3149 3150 
2228 3150 3149 1051 3146 
2229 1665 3150 3146 995 
2230 1027 1579 3152 2177 
2231 1579 1028 3144 3152 
2232 3152 3144 1055 3151 
2233 2177 3152 3151 1025 
2234 753 3153 3154 2970 
2235 3153 1008 3017 3154 
2236 3154 3017 533 2902 
2237 2970 3154 2902 959 
2238 1094 3155 3157 1832 
2239 3155 651 3060 3157 
2240 3157 3060 1295 3156 
2241 1832 3157 3156 1095 
2242 1119 3158 3162 3161 
2243 3158 1110 3159 3162 
2244 3162 3159 573 3160 
2245 3161 3162 3160 1111 
2246 1131 3163 3167 3166 
2247 3163 1258 3164 3167 
2248 3167 3164 1171 3165 
2249 3166 3167 3165 1134 
2250 483 2557 3170 1626 
2251 2557 598 3168 3170 
2252 3170 3168 1096 3169 
2253 1626 3170 3169 599 
2254 800 2912 3173 1896 
2255 2912 1003 3171 3173 
2256 3173 3171 1004 3172 
2257 1896 3173 3172 999 
2258 1010 3174 3175 2164 
2259 3174 1012 1678 3175 
2260 3175 1678 1030 1743 
2261 2164 3175 1743 1011 
2262 1178 1546 3178 3069 
2263 1546 648 3176 3178 
2264 3178 3176 1227 3177 
2265 3069 3178 3177 1176 
2266 631 3179 3181 2362 
2267 3179 1302 3180 3181 
2268 3181 3180 629 2886 
2269 2362 3181 2886 630 
2270 947 1488 3182 2881 
2271 1488 1033 1531 3182 
2272 3182 1531 943 2051 
2273 2881 3182 2051 941 
2274 656 3183 3187 3186 
2275 3183 657 3184 3187 
2276 3187 3184 659 3185 
2277 3186 3187 3185 658 
2278 534 3142 3189 2796 
2279 3142 1023 3188 3189 
2280 3189 3188 936 2833 
2281 2796 3189 2833 937 
2282 902 2145 3192 3191 
2283 2145 901 3139 3192 
2284 3192 3139 1108 3190 
2285 3191 3192 3190 759 
2286 1113 2184 3194 2712 
2287 2184 1117 3193 3194 
2288 3194 3193 581 2247 
2289 2712 3194 2247 1116 
2290 988 2914 3196 2983 
2291 2914 476 3114 3196 
2292 3196 3114 1018 3195 
2293 2983 3196 3195 1000 
2294 894 2320 3198 1940 
2295 2320 896 3197 3198 
2296 3198 3197 1032 1446 
2297 1940 3198 1446 895 
2298 807 2737 3201 2375 
2299 2737 1251 3199 3201 
2300 3201 3199 1252 3200 
2301 2375 3201 3200 1250 
2302 1284 3019 3204 3203 
2303 3019 1285 3202 3204 
2304 3204 3202 626 1469 
2305 3203 3204 1469 1115 
2306 749 2009 3206 2969 
2307 2009 752 2718 3206 
2308 3206 2718 1120 3205 
2309 2969 3206 3205 753 
2310 833 2759 3208 3207 
2311 2759 957 2720 3208 
2312 3208 2720 955 3079 
2313 3207 3208 3079 1029 
2314 956 3209 3212 2998 
2315 3209 1031 3210 3212 
2316 3212 3210 1053 3211 
2317 2998 3212 3211 866 
2318 844 2691 3215 2002 
2319 2691 933 3213 3215 
2320 3215 3213 1058 3214 
2321 2002 3215 3214 846 
2322 772 3216 3219 3218 
2323 3216 827 1989 3219 
2324 3219 1989 826 3217 
2325 3218 3219 3217 1190 
2326 515 1403 3223 3222 
2327 1403 518 3220 3223 
2328 3223 3220 526 3221 
2329 3222 3223 3221 517 
2330 489 2822 3225 2218 
2331 2822 1162 3224 3225 
2332 3225 3224 1168 1816 
2333 2218 3225 1816 1157 
2334 506 1431 3227 1807 
2335 1431 1048 3226 3227 
2336 3227 3226 1228 1673 
2337 1807 3227 1673 543 
2338 12 3228 3230 11 
2339 3228 1226 3229 3230 
2340 3230 3229 80 81 
2341 11 3230 81 1 
2342 1097 3231 3234 3233 
2343 3231 650 3232 3234 
2344 3234 3232 653 3061 
2345 3233 3234 3061 651 
2346 1015 3235 3236 2749 
2347 3235 1071 1745 3236 
2348 3236 1745 754 2179 
2349 2749 3236 2179 1026 
2350 1017 3039 3238 3124 
2351 3039 722 3237 3238 
2352 3238 3237 1031 3209 
2353 3124 3238 3209 956 
2354 1012 3174 3240 2291 
2355 3174 1010 3239 3240 
2356 3240 3239 1120 2717 
2357 2291 3240 2717 748 
2358 1171 3241 3244 3243 
2359 3241 1173 3242 3244 
2360 3244 3242 1137 2762 
2361 3243 3244 2762 1136 
2362 666 3245 3249 3248 
2363 3245 664 3246 3249 
2364 3249 3246 661 3247 
2365 3248 3249 3247 665 
2366 1195 3250 3253 3252 
2367 3250 1058 3251 3253 
2368 3253 3251 1022 2870 
2369 3252 3253 2870 731 
2370 664 3254 3257 3246 
2371 3254 660 3255 3257 
2372 3257 3255 659 3256 
2373 3246 3257 3256 661 
2374 2 1333 3259 17 
2375 1333 495 3258 3259 
2376 3259 3258 1106 1596 
2377 17 3259 1596 16 
2378 61 3260 3263 60 
2379 3260 1062 3261 3263 
2380 3263 3261 620 3262 
2381 60 3263 3262 59 
2382 55 3264 3267 54 
2383 3264 618 3265 3267 
2384 3267 3265 485 3266 
2385 54 3267 3266 53 
2386 1029 2979 3268 3207 
2387 2979 1252 3199 3268 
2388 3268 3199 1251 2877 
2389 3207 3268 2877 833 
2390 1155 1904 3269 1714 
2391 1904 1168 3224 3269 
2392 3269 3224 1162 2814 
2393 1714 3269 2814 1159 
2394 1098 1722 3272 3271 
2395 1722 1052 3270 3272 
2396 3272 3270 637 2989 
2397 3271 3272 2989 570 
2398 547 2900 3275 1968 
2399 2900 546 3273 3275 
2400 3275 3273 1054 3274 
2401 1968 3275 3274 622 
2402 51 3276 3278 50 
2403 3276 636 3277 3278 
2404 3278 3277 499 2343 
2405 50 3278 2343 49 
2406 929 3279 3280 2846 
2407 3279 1037 2962 3280 
2408 3280 2962 790 3063 
2409 2846 3280 3063 991 
2410 594 2243 3283 2896 
2411 2243 1181 3281 3283 
2412 3283 3281 1182 3282 
2413 2896 3283 3282 1180 
2414 530 3284 3287 1461 
2415 3284 535 3285 3287 
2416 3287 3285 542 3286 
2417 1461 3287 3286 528 
2418 847 3288 3291 1970 
2419 3288 1281 3289 3291 
2420 3291 3289 741 3290 
2421 1970 3291 3290 853 
2422 53 3266 3293 52 
2423 3266 485 3292 3293 
2424 3293 3292 636 3276 
2425 52 3293 3276 51 
2426 1142 2048 3296 1635 
2427 2048 1141 3294 3296 
2428 3296 3294 1266 3295 
2429 1635 3296 3295 1265 
2430 1246 3297 3299 1436 
2431 3297 1245 2389 3299 
2432 3299 2389 1249 3298 
2433 1436 3299 3298 1297 
2434 1225 3300 3303 3302 
2435 3300 520 3301 3303 
2436 3303 3301 1021 3128 
2437 3302 3303 3128 643 
2438 1179 1548 3305 3304 
2439 1548 1180 3282 3305 
2440 3305 3282 1182 3000 
2441 3304 3305 3000 1047 
2442 815 3073 3307 1496 
2443 3073 814 3306 3307 
2444 3307 3306 1198 1423 
2445 1496 3307 1423 816 
2446 1045 2166 3310 3309 
2447 2166 1103 3308 3310 
2448 3310 3308 911 2467 
2449 3309 3310 2467 478 
2450 772 3311 3313 3216 
2451 3311 1219 3312 3313 
2452 3313 3312 828 2326 
2453 3216 3313 2326 827 
2454 817 3314 3316 2169 
2455 3314 1019 3102 3316 
2456 3316 3102 825 3315 
2457 2169 3316 3315 1103 
2458 1066 1640 3320 3319 
2459 1640 1001 3317 3320 
2460 3320 3317 1063 3318 
2461 3319 3320 3318 1064 
2462 78 1805 3322 77 
2463 1805 543 1672 3322 
2464 3322 1672 1107 3321 
2465 77 3322 3321 76 
2466 982 1630 3325 2866 
2467 1630 762 3323 3325 
2468 3325 3323 1311 3324 
2469 2866 3325 3324 978 
2470 501 3326 3330 3329 
2471 3326 765 3327 3330 
2472 3330 3327 1040 3328 
2473 3329 3330 3328 767 
2474 1078 2784 3333 2267 
2475 2784 1075 3331 3333 
2476 3333 3331 1074 3332 
2477 2267 3333 3332 607 
2478 545 2888 3335 2899 
2479 2888 499 3277 3335 
2480 3335 3277 636 3334 
2481 2899 3335 3334 546 
2482 1141 3086 3338 3294 
2483 3086 1167 3336 3338 
2484 3338 3336 1174 3337 
2485 3294 3338 3337 1266 
2486 507 2729 3340 1725 
2487 2729 458 459 3340 
2488 3340 459 460 3339 
2489 1725 3340 3339 1052 
2490 1252 2978 3343 3200 
2491 2978 1253 3341 3343 
2492 3343 3341 1296 3342 
2493 3200 3343 3342 1250 
2494 740 3344 3347 3346 
2495 3344 965 2920 3347 
2496 3347 2920 934 3345 
2497 3346 3347 3345 1122 
2498 741 3348 3350 3290 
2499 3348 854 1526 3350 
2500 3350 1526 1221 3349 
2501 3290 3350 3349 853 
2502 797 1928 3352 2849 
2503 1928 1101 1784 3352 
2504 3352 1784 1100 3351 
2505 2849 3352 3351 932 
2506 1066 3319 3356 3355 
2507 3319 1064 3353 3356 
2508 3356 3353 1069 3354 
2509 3355 3356 3354 1067 
2510 478 2419 3357 3309 
2511 2419 831 2682 3357 
2512 3357 2682 812 3074 
2513 3309 3357 3074 1045 
2514 564 2804 3359 2036 
2515 2804 629 3180 3359 
2516 3359 3180 1302 3358 
2517 2036 3359 3358 565 
2518 73 74 3361 3360 
2519 74 6 75 3361 
2520 3361 75 76 3321 
2521 3360 3361 3321 1107 
2522 746 3046 3363 1768 
2523 3046 1032 3197 3363 
2524 3363 3197 896 3362 
2525 1768 3363 3362 1109 
2526 1280 3364 3368 3367 
2527 3364 1206 3365 3368 
2528 3368 3365 503 3366 
2529 3367 3368 3366 1207 
2530 521 1442 3371 3370 
2531 1442 639 1470 3371 
2532 3371 1470 626 3369 
2533 3370 3371 3369 638 
2534 740 3372 3374 3344 
2535 3372 1287 3373 3374 
2536 3374 3373 913 2941 
2537 3344 3374 2941 965 
2538 936 3375 3376 2834 
2539 3375 1051 3149 3376 
2540 3376 3149 883 2331 
2541 2834 3376 2331 935 
2542 1136 2994 3377 3243 
2543 2994 1133 2336 3377 
2544 3377 2336 1134 3165 
2545 3243 3377 3165 1171 
2546 1024 2747 3379 3141 
2547 2747 1025 3151 3379 
2548 3379 3151 1055 3378 
2549 3141 3379 3378 1023 
2550 821 2740 3382 2676 
2551 2740 948 3380 3382 
2552 3382 3380 1229 3381 
2553 2676 3382 3381 949 
2554 471 2606 3385 2339 
2555 2606 919 3383 3385 
2556 3385 3383 1049 3384 
2557 2339 3385 3384 960 
2558 986 1632 3387 3386 
2559 1632 983 2067 3387 
2560 3387 2067 985 1642 
2561 3386 3387 1642 1059 
2562 977 1511 3389 2077 
2563 1511 1056 3388 3389 
2564 3389 3388 973 3051 
2565 2077 3389 3051 974 
2566 618 3390 3393 3265 
2567 3390 621 3391 3393 
2568 3393 3391 1054 3392 
2569 3265 3393 3392 485 
2570 653 1614 3397 3396 
2571 1614 655 3394 3397 
2572 3397 3394 1235 3395 
2573 3396 3397 3395 654 
2574 1323 3398 3402 3401 
2575 3398 1274 3399 3402 
2576 3402 3399 1275 3400 
2577 3401 3402 3400 1233 
2578 1084 3403 3404 1964 
2579 3403 1083 2924 3404 
2580 3404 2924 1082 3088 
2581 1964 3404 3088 602 
2582 532 1866 3405 2909 
2583 1866 1013 2829 3405 
2584 3405 2829 1071 3235 
2585 2909 3405 3235 1015 
2586 768 3406 3409 1567 
2587 3406 724 3407 3409 
2588 3409 3407 725 3408 
2589 1567 3409 3408 726 
2590 1242 3410 3414 3413 
2591 3410 951 3411 3414 
2592 3414 3411 849 3412 
2593 3413 3414 3412 1313 
2594 1114 3415 3417 2183 
2595 3415 1118 1661 3417 
2596 3417 1661 1236 3416 
2597 2183 3417 3416 1117 
2598 597 3418 3419 2284 
2599 3418 1096 3168 3419 
2600 3419 3168 598 2554 
2601 2284 3419 2554 595 
2602 813 3049 3421 2874 
2603 3049 973 3388 3421 
2604 3421 3388 1056 3420 
2605 2874 3421 3420 1038 
2606 513 1411 3422 1879 
2607 1411 528 3286 3422 
2608 3422 3286 542 1405 
2609 1879 3422 1405 527 
2610 462 2059 3423 461 
2611 2059 637 3270 3423 
2612 3423 3270 1052 3339 
2613 461 3423 3339 460 
2614 1097 3424 3427 3231 
2615 3424 649 3425 3427 
2616 3427 3425 647 3426 
2617 3231 3427 3426 650 
2618 683 3093 3429 3067 
2619 3093 689 3428 3429 
2620 3429 3428 1233 3400 
2621 3067 3429 3400 1275 
2622 625 3430 3433 3432 
2623 3430 627 3431 3433 
2624 3433 3431 638 3369 
2625 3432 3433 3369 626 
2626 1057 1512 3435 3434 
2627 1512 977 2076 3435 
2628 3435 2076 978 3324 
2629 3434 3435 3324 1311 
2630 657 3183 3438 3437 
2631 3183 656 3436 3438 
2632 3438 3436 1235 3394 
2633 3437 3438 3394 655 
2634 1042 3439 3442 1706 
2635 3439 1041 3440 3442 
2636 3442 3440 1044 3441 
2637 1706 3442 3441 525 
2638 485 3392 3443 3292 
2639 3392 1054 3273 3443 
2640 3443 3273 546 3334 
2641 3292 3443 3334 636 
2642 1022 3251 3444 3116 
2643 3251 1058 3213 3444 
2644 3444 3213 933 2918 
2645 3116 3444 2918 964 
2646 1285 1911 3445 3202 
2647 1911 556 1697 3445 
2648 3445 1697 625 3432 
2649 3202 3445 3432 626 
2650 710 3446 3450 3449 
2651 3446 711 3447 3450 
2652 3450 3447 1278 3448 
2653 3449 3450 3448 757 
2654 583 2724 3452 2196 
2655 2724 1189 3451 3452 
2656 3452 3451 1236 1660 
2657 2196 3452 1660 1186 
2658 785 1765 3455 3454 
2659 1765 1109 3453 3455 
2660 3455 3453 960 3384 
2661 3454 3455 3384 1049 
2662 512 2097 3458 1392 
2663 2097 1060 3456 3458 
2664 3458 3456 514 3457 
2665 1392 3458 3457 1307 
2666 607 3332 3460 2864 
2667 3332 1074 3459 3460 
2668 3460 3459 1035 1757 
2669 2864 3460 1757 1036 
2670 570 1835 3462 3271 
2671 1835 502 2044 3462 
2672 3462 2044 575 3461 
2673 3271 3462 3461 1098 
2674 1051 3375 3463 3147 
2675 3375 936 3188 3463 
2676 3463 3188 1023 3378 
2677 3147 3463 3378 1055 
2678 1075 2785 3466 3465 
2679 2785 1079 1833 3466 
2680 3466 1833 1095 3464 
2681 3465 3466 3464 1105 
2682 1068 3467 3469 2352 
2683 3467 1063 3468 3469 
2684 3469 3468 1018 3113 
2685 2352 3469 3113 809 
2686 1035 3470 3472 1758 
2687 3470 1308 3471 3472 
2688 3472 3471 1077 1486 
2689 1758 3472 1486 1034 
2690 491 3473 3477 3476 
2691 3473 523 3474 3477 
2692 3477 3474 1277 3475 
2693 3476 3477 3475 541 
2694 763 3478 3481 1556 
2695 3478 1303 3479 3481 
2696 3481 3479 694 3480 
2697 1556 3481 3480 696 
2698 1176 3177 3485 3484 
2699 3177 1227 3482 3485 
2700 3485 3482 1093 3483 
2701 3484 3485 3483 1175 
2702 1000 3195 3486 3030 
2703 3195 1018 3468 3486 
2704 3486 3468 1063 3317 
2705 3030 3486 3317 1001 
2706 771 2456 3487 2210 
2707 2456 911 3308 3487 
2708 3487 3308 1103 3315 
2709 2210 3487 3315 825 
2710 1211 2840 3490 3489 
2711 2840 1210 1934 3490 
2712 3490 1934 1213 3488 
2713 3489 3490 3488 1216 
2714 1062 1514 3493 3261 
2715 1514 633 3491 3493 
2716 3493 3491 1230 3492 
2717 3261 3493 3492 620 
2718 778 1351 3495 1763 
2719 1351 781 3494 3495 
2720 3495 3494 1224 1519 
2721 1763 3495 1519 784 
2722 1096 3418 3497 3496 
2723 3418 597 3070 3497 
2724 3497 3070 1176 3484 
2725 3496 3497 3484 1175 
2726 1286 3498 3501 1637 
2727 3498 1263 3499 3501 
2728 3501 3499 1267 3500 
2729 1637 3501 3500 1130 
2730 866 3211 3504 1876 
2731 3211 1053 3502 3504 
2732 3504 3502 1272 3503 
2733 1876 3504 3503 865 
2734 71 72 3506 3505 
2735 72 73 3360 3506 
2736 3506 3360 1107 1671 
2737 3505 3506 1671 505 
2738 972 2891 3507 1783 
2739 2891 971 2857 3507 
2740 3507 2857 932 3351 
2741 1783 3507 3351 1100 
2742 1199 3508 3511 3083 
2743 3508 728 3509 3511 
2744 3511 3509 1314 3510 
2745 3083 3511 3510 1191 
2746 1104 2755 3514 3513 
2747 2755 1125 3512 3514 
2748 3514 3512 514 3456 
2749 3513 3514 3456 1060 
2750 59 3262 3516 58 
2751 3262 620 3492 3516 
2752 3516 3492 1230 3515 
2753 58 3516 3515 57 
2754 448 3517 3520 3519 
2755 3517 503 3365 3520 
2756 3520 3365 1206 3518 
2757 3519 3520 3518 1172 
2758 1041 3521 3523 3440 
2759 3521 1072 3522 3523 
2760 3523 3522 1326 1588 
2761 3440 3523 1588 1044 
2762 588 3013 3526 2713 
2763 3013 634 3524 3526 
2764 3526 3524 1110 3525 
2765 2713 3526 3525 635 
2766 1183 3001 3527 3028 
2767 3001 1182 3281 3527 
2768 3527 3281 1181 2191 
2769 3028 3527 2191 586 
2770 884 1668 3531 3530 
2771 1668 666 3528 3531 
2772 3531 3528 1306 3529 
2773 3530 3531 3529 879 
2774 962 3532 3533 3010 
2775 3532 1108 3138 3533 
2776 3533 3138 805 2928 
2777 3010 3533 2928 961 
2778 925 2340 3534 2319 
2779 2340 960 3453 3534 
2780 3534 3453 1109 3362 
2781 2319 3534 3362 896 
2782 1128 3535 3538 3537 
2783 3535 522 3536 3538 
2784 3538 3536 1170 1709 
2785 3537 3538 1709 1169 
2786 1128 3537 3542 3541 
2787 3537 1169 3539 3542 
2788 3542 3539 1263 3540 
2789 3541 3542 3540 1127 
2790 569 2032 3544 1457 
2791 2032 500 2187 3544 
2792 3544 2187 577 3543 
2793 1457 3544 3543 1222 
2794 71 3545 3546 70 
2795 3545 523 3473 3546 
2796 3546 3473 491 1408 
2797 70 3546 1408 69 
2798 653 3396 3549 3058 
2799 3396 654 3547 3549 
2800 3549 3547 1309 3548 
2801 3058 3549 3548 764 
2802 1225 3550 3551 3300 
2803 3550 491 3476 3551 
2804 3551 3476 541 1610 
2805 3300 3551 1610 520 
2806 573 3159 3552 1591 
2807 3159 1110 3524 3552 
2808 3552 3524 634 2991 
2809 1591 3552 2991 572 
2810 783 3553 3555 1770 
2811 3553 1260 3554 3555 
2812 3555 3554 678 2640 
2813 1770 3555 2640 889 
2814 1077 3556 3557 1487 
2815 3556 1235 3436 3557 
2816 3557 3436 656 1528 
2817 1487 3557 1528 1033 
2818 1278 3447 3561 3560 
2819 3447 711 3558 3561 
2820 3561 3558 713 3559 
2821 3560 3561 3559 714 
2822 1098 3461 3563 1723 
2823 3461 575 2084 3563 
2824 3563 2084 566 3562 
2825 1723 3563 3562 1124 
2826 776 3564 3567 3566 
2827 3564 769 1568 3567 
2828 3567 1568 726 3565 
2829 3566 3567 3565 775 
2830 1204 1777 3569 3568 
2831 1777 754 1744 3569 
2832 3569 1744 1030 1677 
2833 3568 3569 1677 1205 
2834 1127 1337 3571 3570 
2835 1337 776 3566 3571 
2836 3571 3566 775 1736 
2837 3570 3571 1736 1126 
2838 1149 3572 3575 3574 
2839 3572 1282 3573 3575 
2840 3575 3573 1130 3500 
2841 3574 3575 3500 1267 
2842 1040 3576 3579 3328 
2843 3576 1043 3577 3579 
2844 3579 3577 1293 3578 
2845 3328 3579 3578 767 
2846 665 3580 3581 3248 
2847 3580 667 1605 3581 
2848 3581 1605 1306 3528 
2849 3248 3581 3528 666 
2850 858 2025 3583 2696 
2851 2025 862 3582 3583 
2852 3583 3582 1122 3345 
2853 2696 3583 3345 934 
2854 1142 1638 3585 2081 
2855 1638 1130 3573 3585 
2856 3585 3573 1282 3584 
2857 2081 3585 3584 1144 
2858 815 1495 3588 2168 
2859 1495 770 3586 3588 
2860 3588 3586 1328 3587 
2861 2168 3588 3587 817 
2862 1207 3366 3592 3591 
2863 3366 503 3589 3592 
2864 3592 3589 540 3590 
2865 3591 3592 3590 1208 
2866 1010 2163 3593 3239 
2867 2163 1008 3153 3593 
2868 3593 3153 753 3205 
2869 3239 3593 3205 1120 
2870 1067 3354 3597 3596 
2871 3354 1069 3594 3597 
2872 3597 3594 1298 3595 
2873 3596 3597 3595 1065 
2874 1104 3513 3598 1587 
2875 3513 1060 2096 3598 
2876 3598 2096 525 3441 
2877 1587 3598 3441 1044 
2878 517 3599 3601 3222 
2879 3599 516 3600 3601 
2880 3601 3600 510 1774 
2881 3222 3601 1774 515 
2882 1324 3076 3604 3603 
2883 3076 536 3129 3604 
2884 3604 3129 1021 3602 
2885 3603 3604 3602 535 
2886 1092 2957 3607 3606 
2887 2957 1091 3605 3607 
2888 3607 3605 1175 3483 
2889 3606 3607 3483 1093 
2890 531 3608 3611 3610 
2891 3608 1312 1459 3611 
2892 3611 1459 529 3609 
2893 3610 3611 3609 1314 
2894 750 1946 3613 2012 
2895 1946 945 3612 3613 
2896 3613 3612 1192 2715 
2897 2012 3613 2715 752 
2898 1076 3614 3617 3616 
2899 3614 1105 3615 3617 
2900 3617 3615 764 3548 
2901 3616 3617 3548 1309 
2902 732 3618 3621 3620 
2903 3618 724 3406 3621 
2904 3621 3406 768 3619 
2905 3620 3621 3619 1050 
2906 1019 3622 3624 3103 
2907 3622 1020 3623 3624 
2908 3624 3623 1190 3217 
2909 3103 3624 3217 826 
2910 623 3625 3628 3627 
2911 3625 624 3626 3628 
2912 3628 3626 627 3430 
2913 3627 3628 3430 625 
2914 1081 2925 3631 1831 
2915 2925 1083 3629 3631 
2916 3631 3629 1316 3630 
2917 1831 3631 3630 1094 
2918 1085 3632 3635 3634 
2919 3632 756 3633 3635 
2920 3635 3633 1094 3630 
2921 3634 3635 3630 1316 
2922 848 3636 3638 1344 
2923 3636 845 1999 3638 
2924 3638 1999 846 3637 
2925 1344 3638 3637 1194 
2926 599 3169 3639 2938 
2927 3169 1096 3496 3639 
2928 3639 3496 1175 3605 
2929 2938 3639 3605 1091 
2930 849 3640 3642 3412 
2931 3640 1303 3478 3642 
2932 3642 3478 763 3641 
2933 3412 3642 3641 1313 
2934 859 2359 3645 2028 
2935 2359 1270 3643 3645 
2936 3645 3643 1327 3644 
2937 2028 3645 3644 862 
2938 744 3646 3649 3648 
2939 3646 1067 3596 3649 
2940 3649 3596 1065 3647 
2941 3648 3649 3647 715 
2942 1139 3015 3651 3085 
2943 3015 1137 3242 3651 
2944 3651 3242 1173 3650 
2945 3085 3651 3650 1167 
2946 755 3652 3654 3127 
2947 3652 640 1443 3654 
2948 3654 1443 521 3653 
2949 3127 3654 3653 643 
2950 1310 3655 3659 3658 
2951 3655 717 3656 3659 
2952 3659 3656 1237 3657 
2953 3658 3659 3657 1304 
2954 761 1424 3661 3660 
2955 1424 1198 3306 3661 
2956 3661 3306 814 2004 
2957 3660 3661 2004 818 
2958 538 1433 3664 3663 
2959 1433 1039 3662 3664 
2960 3664 3662 14 1595 
2961 3663 3664 1595 1073 
2962 1039 1432 3666 3665 
2963 1432 506 1806 3666 
2964 3666 1806 80 3229 
2965 3665 3666 3229 1226 
2966 1187 1619 3669 3668 
2967 1619 1255 3667 3669 
2968 3669 3667 1183 3027 
2969 3668 3669 3027 1185 
2970 782 3670 3672 3671 
2971 3670 783 1772 3672 
2972 3672 1772 1224 3494 
2973 3671 3672 3494 781 
2974 929 2845 3674 1476 
2975 2845 828 3312 3674 
2976 3674 3312 1219 3673 
2977 1476 3674 3673 930 
2978 781 1353 3677 3671 
2979 1353 745 3675 3677 
2980 3677 3675 1274 3676 
2981 3671 3677 3676 782 
2982 919 2650 3679 3383 
2983 2650 678 3554 3679 
2984 3679 3554 1260 3678 
2985 3383 3679 3678 1049 
2986 516 3599 3682 3681 
2987 3599 517 3680 3682 
2988 3682 3680 1048 1434 
2989 3681 3682 1434 538 
2990 541 3475 3684 1611 
2991 3475 1277 3683 3684 
2992 3684 3683 526 3220 
2993 1611 3684 3220 518 
2994 995 3145 3686 1666 
2995 3145 1028 1578 3686 
2996 3686 1578 1217 3685 
2997 1666 3686 3685 1121 
2998 641 1444 3688 1482 
2999 1444 640 3652 3688 
3000 3688 3652 755 3687 
3001 1482 3688 3687 642 
3002 1058 3250 3690 3214 
3003 3250 1195 3689 3690 
3004 3690 3689 1194 3637 
3005 3214 3690 3637 846 
3006 1084 1963 3691 2094 
3007 1963 1087 1429 3691 
3008 3691 1429 1231 1452 
3009 2094 3691 1452 1086 
3010 1075 3465 3693 3331 
3011 3465 1105 3614 3693 
3012 3693 3614 1076 3692 
3013 3331 3693 3692 1074 
3014 849 3694 3695 3640 
3015 3694 708 2802 3695 
3016 3695 2802 694 3479 
3017 3640 3695 3479 1303 
3018 861 2357 3696 1681 
3019 2357 860 2072 3696 
3020 3696 2072 865 3503 
3021 1681 3696 3503 1272 
3022 1084 2093 3697 3403 
3023 2093 1085 3634 3697 
3024 3697 3634 1316 3629 
3025 3403 3697 3629 1083 
3026 853 3349 3699 1971 
3027 3349 1221 3698 3699 
3028 3699 3698 967 2975 
3029 1971 3699 2975 852 
3030 1007 3700 3702 3701 
3031 3700 744 3648 3702 
3032 3702 3648 715 1650 
3033 3701 3702 1650 1319 
3034 1185 2194 3703 3668 
3035 2194 1186 1663 3703 
3036 3703 1663 1257 1493 
3037 3668 3703 1493 1187 
3038 783 3670 3706 3705 
3039 3670 782 3704 3706 
3040 3706 3704 1261 1766 
3041 3705 3706 1766 785 
3042 1257 1662 3708 1490 
3043 1662 1118 3707 3708 
3044 3708 3707 1005 1543 
3045 1490 3708 1543 1188 
3046 1070 3709 3711 3005 
3047 3709 1069 3353 3711 
3048 3711 3353 1064 3710 
3049 3005 3711 3710 1273 
3050 675 3132 3714 1534 
3051 3132 674 3712 3714 
3052 3714 3712 718 3713 
3053 1534 3714 3713 676 
3054 618 3264 3716 3715 
3055 3264 55 56 3716 
3056 3716 56 57 3515 
3057 3715 3716 3515 1230 
3058 1117 3416 3717 3193 
3059 3416 1236 3451 3717 
3060 3717 3451 1189 2853 
3061 3193 3717 2853 581 
3062 1122 3718 3721 3346 
3063 3718 1291 3719 3721 
3064 3721 3719 1288 3720 
3065 3346 3721 3720 740 
3066 948 3036 3722 3380 
3067 3036 967 3698 3722 
3068 3722 3698 1221 1525 
3069 3380 3722 1525 1229 
3070 845 3636 3724 2086 
3071 3636 848 3723 3724 
3072 3724 3723 1281 3288 
3073 2086 3724 3288 847 
3074 1149 3725 3726 3572 
3075 3725 1146 2065 3726 
3076 3726 2065 1144 3584 
3077 3572 3726 3584 1282 
3078 643 3653 3729 3302 
3079 3653 521 3727 3729 
3080 3729 3727 644 3728 
3081 3302 3729 3728 1225 
3082 783 3705 3730 3553 
3083 3705 785 3454 3730 
3084 3730 3454 1049 3678 
3085 3553 3730 3678 1260 
3086 692 1552 3733 3732 
3087 1552 690 3091 3733 
3088 3733 3091 684 3731 
3089 3732 3733 3731 691 
3090 914 2261 3735 2960 
3091 2261 913 3373 3735 
3092 3735 3373 1287 3734 
3093 2960 3735 3734 915 
3094 507 1724 3737 2730 
3095 1724 1124 3736 3737 
3096 3737 3736 1222 3543 
3097 2730 3737 3543 577 
3098 1095 3156 3738 3464 
3099 3156 1295 3059 3738 
3100 3738 3059 764 3615 
3101 3464 3738 3615 1105 
3102 669 1606 3741 3740 
3103 1606 667 3580 3741 
3104 3741 3580 665 3739 
3105 3740 3741 3739 668 
3106 1132 3742 3744 3743 
3107 3742 1174 3336 3744 
3108 3744 3336 1167 3650 
3109 3743 3744 3650 1173 
3110 1216 3024 3746 3489 
3111 3024 1279 3745 3746 
3112 3746 3745 631 2361 
3113 3489 3746 2361 1211 
3114 538 3663 3748 3681 
3115 3663 1073 1594 3748 
3116 3748 1594 1106 3747 
3117 3681 3748 3747 516 
3118 522 3749 3752 3536 
3119 3749 1172 3750 3752 
3120 3752 3750 1209 3751 
3121 3536 3752 3751 1170 
3122 1064 3318 3753 3710 
3123 3318 1063 3467 3753 
3124 3753 3467 1068 3006 
3125 3710 3753 3006 1273 
3126 1318 3754 3756 3755 
3127 3754 1005 3707 3756 
3128 3756 3707 1118 3415 
3129 3755 3756 3415 1114 
3130 495 1623 3757 3258 
3131 1623 510 3600 3757 
3132 3757 3600 516 3747 
3133 3258 3757 3747 1106 
3134 1323 3758 3759 3398 
3135 3758 1261 3704 3759 
3136 3759 3704 782 3676 
3137 3398 3759 3676 1274 
3138 501 3760 3763 3326 
3139 3760 766 3761 3763 
3140 3763 3761 1196 3762 
3141 3326 3763 3762 765 
3142 535 3284 3766 3603 
3143 3284 530 3764 3766 
3144 3766 3764 1203 3765 
3145 3603 3766 3765 1324 
3146 694 3767 3770 3480 
3147 3767 695 3768 3770 
3148 3770 3768 697 3769 
3149 3480 3770 3769 696 
3150 777 1346 3771 3107 
3151 1346 780 1699 3771 
3152 3771 1699 969 1364 
3153 3107 3771 1364 1292 
3154 14 3662 3772 13 
3155 3662 1039 3665 3772 
3156 3772 3665 1226 3228 
3157 13 3772 3228 12 
3158 710 1658 3774 3446 
3159 1658 703 3773 3774 
3160 3774 3773 713 3558 
3161 3446 3774 3558 711 
3162 531 3775 3776 3608 
3163 3775 1203 3764 3776 
3164 3776 3764 530 1460 
3165 3608 3776 1460 1312 
3166 1127 3570 3778 3541 
3167 3570 1126 1735 3778 
3168 3778 1735 504 3777 
3169 3541 3778 3777 1128 
3170 697 3768 3781 3780 
3171 3768 695 3779 3781 
3172 3781 3779 1072 3521 
3173 3780 3781 3521 1041 
3174 1074 3692 3783 3459 
3175 3692 1076 3782 3783 
3176 3783 3782 1308 3470 
3177 3459 3783 3470 1035 
3178 633 1517 3786 3785 
3179 1517 624 3625 3786 
3180 3786 3625 623 3784 
3181 3785 3786 3784 621 
3182 1237 3656 3789 3788 
3183 3656 717 3787 3789 
3184 3789 3787 1247 1749 
3185 3788 3789 1749 1238 
3186 775 3565 3791 1737 
3187 3565 726 3408 3791 
3188 3791 3408 725 3790 
3189 1737 3791 3790 747 
3190 1040 3327 3794 3793 
3191 3327 765 3792 3794 
3192 3794 3792 714 3559 
3193 3793 3794 3559 713 
3194 646 3795 3797 3796 
3195 3795 642 3687 3797 
3196 3797 3687 755 1820 
3197 3796 3797 1820 647 
3198 1020 3622 3799 3798 
3199 3622 1019 3314 3799 
3200 3799 3314 817 3587 
3201 3798 3799 3587 1328 
3202 531 3800 3803 3775 
3203 3800 1002 3801 3803 
3204 3803 3801 1220 3802 
3205 3775 3803 3802 1203 
3206 1038 3420 3805 3804 
3207 3420 1056 1510 3805 
3208 3805 1510 734 1374 
3209 3804 3805 1374 1321 
3210 1173 3241 3807 3743 
3211 3241 1171 3164 3807 
3212 3807 3164 1258 3806 
3213 3743 3807 3806 1132 
3214 71 3808 3810 3545 
3215 3808 1232 3809 3810 
3216 3810 3809 1277 3474 
3217 3545 3810 3474 523 
3218 517 3221 3812 3680 
3219 3221 526 3811 3812 
3220 3812 3811 1228 3226 
3221 3680 3812 3226 1048 
3222 491 3550 3814 1409 
3223 3550 1225 3728 3814 
3224 3814 3728 644 3813 
3225 1409 3814 3813 519 
3226 1266 3815 3817 3295 
3227 3815 1264 3816 3817 
3228 3817 3816 1286 1636 
3229 3295 3817 1636 1265 
3230 1293 3818 3821 3820 
3231 3818 508 1331 3821 
3232 3821 1331 1322 3819 
3233 3820 3821 3819 1193 
3234 728 3822 3826 3825 
3235 3822 668 3823 3826 
3236 3826 3823 1202 3824 
3237 3825 3826 3824 1218 
3238 694 2801 3828 3767 
3239 2801 692 3827 3828 
3240 3828 3827 1072 3779 
3241 3767 3828 3779 695 
3242 818 2875 3829 3660 
3243 2875 1038 3804 3829 
3244 3829 3804 1321 1373 
3245 3660 3829 1373 761 
3246 567 1454 3830 2039 
3247 1454 1222 3736 3830 
3248 3830 3736 1124 3562 
3249 2039 3830 3562 566 
3250 1324 3765 3832 3077 
3251 3765 1203 3802 3832 
3252 3832 3802 1220 3831 
3253 3077 3832 3831 537 
3254 1253 1750 3835 3834 
3255 1750 1247 3787 3835 
3256 3835 3787 717 3833 
3257 3834 3835 3833 1244 
3258 1279 3023 3838 3837 
3259 3023 1280 3367 3838 
3260 3838 3367 1207 3836 
3261 3837 3838 3836 1301 
3262 668 3822 3840 3740 
3263 3822 728 3508 3840 
3264 3840 3508 1199 3839 
3265 3740 3840 3839 669 
3266 1301 3841 3843 3842 
3267 3841 1317 1379 3843 
3268 3843 1379 565 3358 
3269 3842 3843 3358 1302 
3270 504 1734 3847 3846 
3271 1734 747 3844 3847 
3272 3847 3844 766 3845 
3273 3846 3847 3845 958 
3274 573 3020 3849 3160 
3275 3020 1284 3203 3849 
3276 3849 3203 1115 3848 
3277 3160 3849 3848 1111 
3278 537 3831 3851 1617 
3279 3831 1220 3850 3851 
3280 3851 3850 657 3437 
3281 1617 3851 3437 655 
3282 673 1728 3853 1608 
3283 1728 735 3852 3853 
3284 3853 3852 879 3529 
3285 1608 3853 3529 1306 
3286 1110 3158 3856 3525 
3287 3158 1119 3854 3856 
3288 3856 3854 1320 3855 
3289 3525 3856 3855 635 
3290 1076 3616 3858 3782 
3291 3616 1309 3547 3858 
3292 3858 3547 654 3857 
3293 3782 3858 3857 1308 
3294 1308 3857 3859 3471 
3295 3857 654 3395 3859 
3296 3859 3395 1235 3556 
3297 3471 3859 3556 1077 
3298 1183 3667 3861 3002 
3299 3667 1255 1620 3861 
3300 3861 1620 1046 3860 
3301 3002 3861 3860 1256 
3302 1238 3862 3864 3788 
3303 3862 1313 3641 3864 
3304 3864 3641 763 3863 
3305 3788 3864 3863 1237 
3306 765 3762 3866 3792 
3307 3762 1196 3865 3866 
3308 3866 3865 716 1652 
3309 3792 3866 1652 714 
3310 1302 3179 3867 3842 
3311 3179 631 3745 3867 
3312 3867 3745 1279 3837 
3313 3842 3867 3837 1301 
3314 1061 3868 3870 1516 
3315 3868 628 3869 3870 
3316 3870 3869 627 3626 
3317 1516 3870 3626 624 
3318 501 3329 3872 3871 
3319 3329 767 3578 3872 
3320 3872 3578 1293 3820 
3321 3871 3872 3820 1193 
3322 702 3873 3876 1657 
3323 3873 700 3874 3876 
3324 3876 3874 1223 3875 
3325 1657 3876 3875 703 
3326 680 3135 3878 3877 
3327 3135 676 3713 3878 
3328 3878 3713 718 2753 
3329 3877 3878 2753 1200 
3330 1291 3718 3880 3879 
3331 3718 1122 3582 3880 
3332 3880 3582 862 3644 
3333 3879 3880 3644 1327 
3334 1288 3881 3883 3720 
3335 3881 1289 3882 3883 
3336 3883 3882 1287 3372 
3337 3720 3883 3372 740 
3338 962 2893 3884 3532 
3339 2893 1299 1562 3884 
3340 3884 1562 759 3190 
3341 3532 3884 3190 1108 
3342 542 3285 3885 1612 
3343 3285 535 3602 3885 
3344 3885 3602 1021 3301 
3345 1612 3885 3301 520 
3346 669 3839 3886 3131 
3347 3839 1199 3082 3886 
3348 3886 3082 718 3712 
3349 3131 3886 3712 674 
3350 680 3887 3890 3120 
3351 3887 688 3888 3890 
3352 3890 3888 1201 3889 
3353 3120 3890 3889 682 
3354 1271 1803 3891 1683 
3355 1803 1268 1536 3891 
3356 3891 1536 679 1465 
3357 1683 3891 1465 1269 
3358 519 3813 3893 1603 
3359 3813 644 3892 3893 
3360 3893 3892 627 3869 
3361 1603 3893 3869 628 
3362 1104 1586 3894 2756 
3363 1586 688 3887 3894 
3364 3894 3887 680 3877 
3365 2756 3894 3877 1200 
3366 509 1370 3896 1598 
3367 1370 1325 3895 3896 
3368 3896 3895 1043 3098 
3369 1598 3896 3098 524 
3370 696 3769 3899 1557 
3371 3769 697 3897 3899 
3372 3899 3897 1259 3898 
3373 1557 3899 3898 698 
3374 1043 3576 3903 3902 
3375 3576 1040 3900 3903 
3376 3903 3900 1223 3901 
3377 3902 3903 3901 701 
3378 1277 3809 3905 3683 
3379 3809 1232 3904 3905 
3380 3905 3904 1228 3811 
3381 3683 3905 3811 526 
3382 661 3906 3907 3247 
3383 3906 1202 3823 3907 
3384 3907 3823 668 3739 
3385 3247 3907 3739 665 
3386 682 3889 3909 3110 
3387 3889 1201 3908 3909 
3388 3909 3908 691 3731 
3389 3110 3909 3731 684 
3390 738 3910 3913 3105 
3391 3910 1289 3911 3913 
3392 3913 3911 1262 3912 
3393 3105 3913 3912 1290 
3394 531 3914 3917 3800 
3395 3914 1218 3915 3917 
3396 3917 3915 659 3916 
3397 3800 3917 3916 1002 
3398 1043 3902 3919 3099 
3399 3902 701 3918 3919 
3400 3919 3918 698 3898 
3401 3099 3919 3898 1259 
3402 1119 3920 3923 3854 
3403 3920 1112 3921 3923 
3404 3923 3921 1276 3922 
3405 3854 3923 3922 1320 
3406 521 3370 3924 3727 
3407 3370 638 3431 3924 
3408 3924 3431 627 3892 
3409 3727 3924 3892 644 
3410 763 1559 3925 3863 
3411 1559 699 2836 3925 
3412 3925 2836 1304 3657 
3413 3863 3925 3657 1237 
3414 698 3918 3926 2837 
3415 3918 701 3901 3926 
3416 3926 3901 1223 3874 
3417 2837 3926 3874 700 
3418 1125 3081 3929 3512 
3419 3081 1191 3927 3929 
3420 3929 3927 1305 3928 
3421 3512 3929 3928 514 
3422 659 3184 3930 3916 
3423 3184 657 3850 3930 
3424 3930 3850 1220 3801 
3425 3916 3930 3801 1002 
3426 747 3790 3932 3844 
3427 3790 725 3931 3932 
3428 3932 3931 1196 3761 
3429 3844 3932 3761 766 
3430 700 3873 3934 2838 
3431 3873 702 3933 3934 
3432 3934 3933 1310 3658 
3433 2838 3934 3658 1304 
3434 1234 3044 3936 3935 
3435 3044 746 1767 3936 
3436 3936 1767 1261 3758 
3437 3935 3936 3758 1323 
3438 1290 3912 3937 3106 
3439 3912 1262 3111 3937 
3440 3937 3111 683 3066 
3441 3106 3937 3066 777 
3442 1250 3342 3939 2373 
3443 3342 1296 3938 3939 
3444 3939 3938 1297 3298 
3445 2373 3939 3298 1249 
3446 1253 3834 3940 3341 
3447 3834 1244 1437 3940 
3448 3940 1437 1297 3938 
3449 3341 3940 3938 1296 
3450 1305 3927 3941 1413 
3451 3927 1191 3510 3941 
3452 3941 3510 1314 3609 
3453 1413 3941 3609 529 
3454 724 1540 3942 3407 
3455 1540 716 3865 3942 
3456 3942 3865 1196 3931 
3457 3407 3942 3931 725 
3458 71 3505 3943 3808 
3459 3505 505 1670 3943 
3460 3943 1670 1228 3904 
3461 3808 3943 3904 1232 
3462 1041 3439 3944 3780 
3463 3439 1042 3100 3944 
3464 3944 3100 1259 3897 
3465 3780 3944 3897 697 
3466 659 3915 3945 3256 
3467 3915 1218 3824 3945 
3468 3945 3824 1202 3906 
3469 3256 3945 3906 661 
3470 692 3732 3947 3827 
3471 3732 691 3946 3947 
3472 3947 3946 1326 3522 
3473 3827 3947 3522 1072 
3474 1040 3793 3948 3900 
3475 3793 713 3773 3948 
3476 3948 3773 703 3875 
3477 3900 3948 3875 1223 
3478 531 3610 3949 3914 
3479 3610 1314 3509 3949 
3480 3949 3509 728 3825 
3481 3914 3949 3825 1218 
3482 647 1819 3950 3426 
3483 1819 1283 1615 3950 
3484 3950 1615 653 3232 
3485 3426 3950 3232 650 
3486 738 1366 3951 3910 
3487 1366 915 3734 3951 
3488 3951 3734 1287 3882 
3489 3910 3951 3882 1289 
3490 1270 3952 3954 3643 
3491 3952 737 3953 3954 
3492 3954 3953 1291 3879 
3493 3643 3954 3879 1327 
3494 714 1651 3956 3560 
3495 1651 715 3647 3956 
3496 3956 3647 1065 3955 
3497 3560 3956 3955 1278 
3498 690 1551 3959 3958 
3499 1551 1294 3957 3959 
3500 3959 3957 897 1448 
3501 3958 3959 1448 1123 
3502 693 1384 3960 1554 
3503 1384 730 1416 3960 
3504 3960 1416 897 3957 
3505 1554 3960 3957 1294 
3506 635 3855 3961 2711 
3507 3855 1320 3922 3961 
3508 3961 3922 1276 2181 
3509 2711 3961 2181 1113 
3510 688 1585 3962 3888 
3511 1585 1326 3946 3962 
3512 3962 3946 691 3908 
3513 3888 3962 3908 1201 
3514 1112 3963 3964 3921 
3515 3963 1318 3755 3964 
3516 3964 3755 1114 2182 
3517 3921 3964 2182 1276 
3518 1310 3965 3966 3655 
3519 3965 1254 1438 3966 
3520 3966 1438 1244 3833 
3521 3655 3966 3833 717 
3522 1298 3967 3968 3595 
3523 3967 757 3448 3968 
3524 3968 3448 1278 3955 
3525 3595 3968 3955 1065 
3526 1323 3401 3970 3935 
3527 3401 1233 3428 3970 
3528 3970 3428 689 3969 
3529 3935 3970 3969 1234 
3530 2 441 3972 1334 
3531 441 442 3971 3972 
3532 3972 3971 1193 3819 
3533 1334 3972 3819 1322 
3534 513 1878 3973 1412 
3535 1878 1307 3457 3973 
3536 3973 3457 514 3928 
3537 1412 3973 3928 1305 
3538 716 1539 3974 1653 
3539 1539 723 1720 3974 
3540 3974 1720 1007 3701 
3541 1653 3974 3701 1319 
3542 1288 3975 3976 3881 
3543 3975 681 3118 3976 
3544 3976 3118 1262 3911 
3545 3881 3976 3911 1289 
3546 727 3977 3978 1798 
3547 3977 1310 3933 3978 
3548 3978 3933 702 1656 
3549 1798 3978 1656 1315 
3550 1043 3895 3979 3577 
3551 3895 1325 1369 3979 
3552 3979 1369 508 3818 
3553 3577 3979 3818 1293 
3554 625 1696 3981 3627 
3555 1696 619 1966 3981 
3556 3981 1966 622 3980 
3557 3627 3981 3980 623 
3558 690 3958 3982 3092 
3559 3958 1123 3045 3982 
3560 3982 3045 1234 3969 
3561 3092 3982 3969 689 
3562 61 62 3984 3260 
3563 62 63 3983 3984 
3564 3984 3983 1061 1515 
3565 3260 3984 1515 1062 
3566 63 64 3985 3983 
3567 64 65 1602 3985 
3568 3985 1602 628 3868 
3569 3983 3985 3868 1061 
3570 1193 3971 3987 3871 
3571 3971 442 443 3987 
3572 3987 443 444 3986 
3573 3871 3987 3986 501 
3574 958 3988 3990 3846 
3575 3988 444 445 3990 
3576 3990 445 446 3989 
3577 3846 3990 3989 504 
3578 766 3760 3991 3845 
3579 3760 501 3986 3991 
3580 3991 3986 444 3988 
3581 3845 3991 3988 958 
3582 522 3535 3993 3992 
3583 3535 1128 3777 3993 
3584 3993 3777 504 3989 
3585 3992 3993 3989 446 
3586 446 447 3994 3992 
3587 447 448 3519 3994 
3588 3994 3519 1172 3749 
3589 3992 3994 3749 522 
3590 448 449 3996 3517 
3591 449 450 3995 3996 
3592 3996 3995 540 3589 
3593 3517 3996 3589 503 
3594 452 2030 3997 451 
3595 2030 569 1456 3997 
3596 3997 1456 540 3995 
3597 451 3997 3995 450 
3598 567 2038 3998 1455 
3599 2038 568 1851 3998 
3600 3998 1851 1208 3590 
3601 1455 3998 3590 540 
3602 549 1694 3999 2056 
3603 1694 556 1910 3999 
3604 3999 1910 553 1919 
3605 2056 3999 1919 550 
3606 1230 3491 4000 3715 
3607 3491 633 3785 4000 
3608 4000 3785 621 3390 
3609 3715 4000 3390 618 
3610 623 3980 4001 3784 
3611 3980 622 3274 4001 
3612 4001 3274 1054 3391 
3613 3784 4001 3391 621 
3614 642 3795 4004 1483 
3615 3795 646 4002 4004 
3616 4004 4002 648 4003 
3617 1483 4004 4003 645 
3618 1047 4005 4006 3304 
3619 4005 645 4003 4006 
3620 4006 4003 648 1549 
3621 3304 4006 1549 1179 
3622 1046 1484 4007 3860 
3623 1484 645 4005 4007 
3624 4007 4005 1047 3003 
3625 3860 4007 3003 1256 
3626 1093 3482 4009 4008 
3627 3482 1227 3176 4009 
3628 4009 3176 648 4002 
3629 4008 4009 4002 646 
3630 647 3425 4011 3796 
3631 3425 649 1450 4011 
3632 4011 1450 652 4010 
3633 3796 4011 4010 646 
3634 1093 4008 4012 3606 
3635 4008 646 4010 4012 
3636 4012 4010 652 2958 
3637 3606 4012 2958 1092 
3638 658 1689 4013 3186 
3639 1689 993 1900 4013 
3640 4013 1900 994 1529 
3641 3186 4013 1529 656 
3642 659 3255 4014 3185 
3643 3255 660 2290 4014 
3644 4014 2290 1197 1690 
3645 3185 4014 1690 658 
3646 664 1778 4015 3254 
3647 1778 1204 3568 4015 
3648 4015 3568 1205 1676 
3649 3254 4015 1676 660 
3650 666 1667 4016 3245 
3651 1667 1121 3685 4016 
3652 4016 3685 1217 1577 
3653 3245 4016 1577 664 
3654 721 4017 4019 1357 
3655 4017 722 3042 4019 
3656 4019 3042 996 4018 
3657 1357 4019 4018 719 
3658 996 3056 4020 4018 
3659 3056 923 1581 4020 
3660 4020 1581 743 1727 
3661 4018 4020 1727 719 
3662 1053 3210 4022 4021 
3663 3210 1031 3237 4022 
3664 4022 3237 722 4017 
3665 4021 4022 4017 721 
3666 1272 3502 4023 1682 
3667 3502 1053 4021 4023 
3668 4023 4021 721 1802 
3669 1682 4023 1802 1271 
3670 999 4024 4026 1897 
3671 4024 727 1800 4026 
3672 4026 1800 1102 4025 
3673 1897 4026 4025 998 
3674 1310 3977 4028 4027 
3675 3977 727 4024 4028 
3676 4028 4024 999 3172 
3677 4027 4028 3172 1004 
3678 1194 3689 4030 1341 
3679 3689 1195 3252 4030 
3680 4030 3252 731 4029 
3681 1341 4030 4029 729 
3682 729 4029 4031 1383 
3683 4029 731 2872 4031 
3684 4031 2872 898 1417 
3685 1383 4031 1417 730 
3686 724 3618 4032 1541 
3687 3618 732 1421 4032 
3688 4032 1421 761 1376 
3689 1541 4032 1376 760 
3690 1329 1497 4034 4033 
3691 1497 816 1422 4034 
3692 4034 1422 732 3620 
3693 4033 4034 3620 1050 
3694 723 1538 4036 4035 
3695 1538 760 1375 4036 
3696 4036 1375 734 1509 
3697 4035 4036 1509 1057 
3698 861 1680 4037 2358 
3699 1680 1269 1464 4037 
3700 4037 1464 737 3952 
3701 2358 4037 3952 1270 
3702 681 3975 4038 1463 
3703 3975 1288 3719 4038 
3704 4038 3719 1291 3953 
3705 1463 4038 3953 737 
3706 708 4039 4040 1343 
3707 4039 741 3289 4040 
3708 4040 3289 1281 3723 
3709 1343 4040 3723 848 
3710 708 3694 4042 4039 
3711 3694 849 4041 4042 
3712 4042 4041 854 3348 
3713 4039 4042 3348 741 
3714 1059 4043 4044 3386 
3715 4043 744 3700 4044 
3716 4044 3700 1007 1719 
3717 3386 4044 1719 986 
3718 1059 1641 4045 4043 
3719 1641 1066 3355 4045 
3720 4045 3355 1067 3646 
3721 4043 4045 3646 744 
3722 1274 3675 4046 3399 
3723 3675 745 1352 4046 
3724 4046 1352 779 3065 
3725 3399 4046 3065 1275 
3726 649 3424 4048 2092 
3727 3424 1097 4047 4048 
3728 4048 4047 756 3632 
3729 2092 4048 3632 1085 
3730 651 3155 4049 3233 
3731 3155 1094 3633 4049 
3732 4049 3633 756 4047 
3733 3233 4049 4047 1097 
3734 710 3449 4052 4051 
3735 3449 757 1564 4052 
3736 4052 1564 1300 4050 
3737 4051 4052 4050 758 
3738 1299 2892 4053 1563 
3739 2892 972 1782 4053 
3740 4053 1782 758 4050 
3741 1563 4053 4050 1300 
3742 710 4051 4055 1799 
3743 4051 758 1781 4055 
3744 4055 1781 1101 4054 
3745 1799 4055 4054 1102 
3746 757 3967 4057 1561 
3747 3967 1298 4056 4057 
3748 4057 4056 902 3191 
3749 1561 4057 3191 759 
3750 723 4035 4058 1718 
3751 4035 1057 3434 4058 
3752 4058 3434 1311 3323 
3753 1718 4058 3323 762 
3754 776 4059 4061 3564 
3755 4059 1165 4060 4061 
3756 4061 4060 773 1478 
3757 3564 4061 1478 769 
3758 768 4062 4064 4063 
3759 4062 1020 3798 4064 
3760 4064 3798 1328 3586 
3761 4063 4064 3586 770 
3762 768 4063 4065 3619 
3763 4063 770 1498 4065 
3764 4065 1498 1329 4033 
3765 3619 4065 4033 1050 
3766 769 1477 4066 1569 
3767 1477 930 3673 4066 
3768 4066 3673 1219 3311 
3769 1569 4066 3311 772 
3770 768 1566 4067 4062 
3771 1566 772 3218 4067 
3772 4067 3218 1190 3623 
3773 4062 4067 3623 1020 
3774 929 1479 4069 3279 
3775 1479 773 4068 4069 
3776 4069 4068 791 2963 
3777 3279 4069 2963 1037 
3778 773 4060 4071 4068 
3779 4060 1165 4070 4071 
3780 4071 4070 789 1984 
3781 4068 4071 1984 791 
3782 796 1980 4073 1930 
3783 1980 799 1898 4073 
3784 4073 1898 998 4072 
3785 1930 4073 4072 798 
3786 1101 1931 4074 4054 
3787 1931 798 4072 4074 
3788 4074 4072 998 4025 
3789 4054 4074 4025 1102 
3790 1003 1860 4076 3171 
3791 1860 841 2366 4076 
3792 4076 2366 840 4075 
3793 3171 4076 4075 1004 
3794 1245 3297 4078 1994 
3795 3297 1246 4077 4078 
3796 4078 4077 1004 4075 
3797 1994 4078 4075 840 
3798 854 4041 4080 1523 
3799 4041 849 3411 4080 
3800 4080 3411 951 4079 
3801 1523 4080 4079 850 
3802 1229 1524 4081 3381 
3803 1524 850 4079 4081 
3804 4081 4079 951 1977 
3805 3381 4081 1977 949 
3806 735 1502 4083 3852 
3807 1502 880 1944 4083 
3808 4083 1944 877 4082 
3809 3852 4083 4082 879 
3810 877 1924 4084 4082 
3811 1924 878 1847 4084 
3812 4084 1847 884 3530 
3813 4082 4084 3530 879 
3814 942 1901 4085 2133 
3815 1901 993 1692 4085 
3816 4085 1692 945 1949 
3817 2133 4085 1949 944 
3818 748 2716 4086 2289 
3819 2716 1192 3612 4086 
3820 4086 3612 945 1691 
3821 2289 4086 1691 1197 
3822 1241 2062 4087 1796 
3823 2062 952 1978 4087 
3824 4087 1978 951 3410 
3825 1796 4087 3410 1242 
3826 1310 4027 4088 3965 
3827 4027 1004 4077 4088 
3828 4088 4077 1246 1439 
3829 3965 4088 1439 1254 
3830 639 1544 4089 1471 
3831 1544 1005 3754 4089 
3832 4089 3754 1318 3963 
3833 1471 4089 3963 1112 
3834 902 4056 4090 2146 
3835 4056 1298 3594 4090 
3836 4090 3594 1069 3709 
3837 2146 4090 3709 1070 
3838 1111 3848 4091 3161 
3839 3848 1115 1468 4091 
3840 4091 1468 1112 3920 
3841 3161 4091 3920 1119 
3842 1266 3337 4094 4093 
3843 3337 1174 3742 4094 
3844 4094 3742 1132 4092 
3845 4093 4094 4092 1129 
3846 1127 4095 4096 1338 
3847 4095 1264 3815 4096 
3848 4096 3815 1266 4093 
3849 1338 4096 4093 1129 
3850 1129 4092 4097 1339 
3851 4092 1132 3806 4097 
3852 4097 3806 1258 3163 
3853 1339 4097 3163 1131 
3854 776 1336 4099 4059 
3855 1336 1131 3166 4099 
3856 4099 3166 1134 4098 
3857 4059 4099 4098 1165 
3858 789 4070 4100 2953 
3859 4070 1165 4098 4100 
3860 4100 4098 1134 2335 
3861 2953 4100 2335 1164 
3862 1146 3725 4102 1956 
3863 3725 1149 1711 4102 
3864 4102 1711 1154 4101 
3865 1956 4102 4101 1148 
3866 1153 1916 4104 4103 
3867 1916 1151 1922 4104 
3868 4104 1922 1148 4101 
3869 4103 4104 4101 1154 
3870 1169 1708 4105 3539 
3871 1708 1149 3574 4105 
3872 4105 3574 1267 3499 
3873 3539 4105 3499 1263 
3874 1214 4106 4108 4107 
3875 4106 1156 1906 4108 
3876 4108 1906 1153 4103 
3877 4107 4108 4103 1154 
3878 1209 4109 4110 3751 
3879 4109 1214 4107 4110 
3880 4110 4107 1154 1710 
3881 3751 4110 1710 1170 
3882 1158 3008 4111 1936 
3883 3008 1215 1814 4111 
3884 4111 1814 1156 4106 
3885 1936 4111 4106 1214 
3886 1172 3518 4112 3750 
3887 3518 1206 3364 4112 
3888 4112 3364 1280 3022 
3889 3750 4112 3022 1209 
3890 1301 3836 4113 3841 
3891 3836 1207 3591 4113 
3892 4113 3591 1208 1380 
3893 3841 4113 1380 1317 
3894 1216 3488 4114 3025 
3895 3488 1213 1933 4114 
3896 4114 1933 1214 4109 
3897 3025 4114 4109 1209 
3898 1313 3862 4115 3413 
3899 3862 1238 1647 4115 
3900 4115 1647 1243 1794 
3901 3413 4115 1794 1242 
3902 1127 3540 4116 4095 
3903 3540 1263 3498 4116 
3904 4116 3498 1286 3816 
3905 4095 4116 3816 1264 
2 2 3 4208
3906 4429 5077 5081 5080 
3907 5077 4970 5078 5081 
3908 5081 5078 4607 5079 
3909 5080 5081 5079 4643 
3910 4710 5082 5086 5085 
3911 5082 5068 5083 5086 
3912 5086 5083 4753 5084 
3913 5085 5086 5084 5067 
3914 5035 5087 5091 5090 
3915 5087 4268 5088 5091 
3916 5091 5088 4261 5089 
3917 5090 5091 5089 4228 
3918 4585 5092 5096 5095 
3919 5092 4924 5093 5096 
3920 5096 5093 4870 5094 
3921 5095 5096 5094 4876 
3922 4238 5097 5101 5100 
3923 5097 4269 5098 5101 
3924 5101 5098 4320 5099 
3925 5100 5101 5099 4232 
3926 4358 5102 5106 5105 
3927 5102 4359 5103 5106 
3928 5106 5103 4906 5104 
3929 5105 5106 5104 4364 
3930 4863 5107 5111 5110 
3931 5107 4924 5108 5111 
3932 5111 5108 4878 5109 
3933 5110 5111 5109 4879 
3934 4843 5112 5116 5115 
3935 5112 4275 5113 5116 
3936 5116 5113 4825 5114 
3937 5115 5116 5114 4202 
3938 4215 5117 5121 5120 
3939 5117 4261 5118 5121 
3940 5121 5118 4737 5119 
3941 5120 5121 5119 4212 
3942 4313 5122 5126 5125 
3943 5122 4327 5123 5126 
3944 5126 5123 4520 5124 
3945 5125 5126 5124 4328 
3946 4269 5127 5131 5130 
3947 5127 4248 5128 5131 
3948 5131 5128 5011 5129 
3949 5130 5131 5129 4270 
3950 4239 5132 5136 5135 
3951 5132 4244 5133 5136 
3952 5136 5133 5060 5134 
3953 5135 5136 5134 4238 
3954 4797 5137 5141 5140 
3955 5137 4900 5138 5141 
3956 5141 5138 4899 5139 
3957 5140 5141 5139 4795 
3958 4347 5142 5146 5145 
3959 5142 4152 5143 5146 
3960 5146 5143 4981 5144 
3961 5145 5146 5144 4735 
3962 4650 5147 5151 5150 
3963 5147 4117 5148 5151 
3964 5151 5148 4794 5149 
3965 5150 5151 5149 4799 
3966 4305 5152 5156 5155 
3967 5152 4802 5153 5156 
3968 5156 5153 4701 5154 
3969 5155 5156 5154 5033 
3970 4558 5157 5161 5160 
3971 5157 4336 5158 5161 
3972 5161 5158 4335 5159 
3973 5160 5161 5159 4331 
3974 4307 5162 5166 5165 
3975 5162 4146 5163 5166 
3976 5166 5163 4 5164 
3977 5165 5166 5164 4288 
3978 4303 5167 5171 5170 
3979 5167 4302 5168 5171 
3980 5171 5168 4268 5169 
3981 5170 5171 5169 5034 
3982 5011 5128 5175 5174 
3983 5128 4248 5172 5175 
3984 5175 5172 4726 5173 
3985 5174 5175 5173 4468 
3986 4369 5176 5180 5179 
3987 5176 4741 5177 5180 
3988 5180 5177 4785 5178 
3989 5179 5180 5178 4368 
3990 4188 5181 5185 5184 
3991 5181 4193 5182 5185 
3992 5185 5182 4894 5183 
3993 5184 5185 5183 4321 
3994 4255 5186 5189 5188 
3995 5186 4726 5172 5189 
3996 5189 5172 4248 5187 
3997 5188 5189 5187 5060 
3998 5066 5190 5194 5193 
3999 5190 4206 5191 5194 
4000 5194 5191 4210 5192 
4001 5193 5194 5192 4234 
4002 4716 5195 5199 5198 
4003 5195 4715 5196 5199 
4004 5199 5196 4923 5197 
4005 5198 5199 5197 4681 
4006 4566 5200 5204 5203 
4007 5200 4130 5201 5204 
4008 5204 5201 4565 5202 
4009 5203 5204 5202 4818 
4010 4323 5205 5209 5208 
4011 5205 4253 5206 5209 
4012 5209 5206 4246 5207 
4013 5208 5209 5207 4788 
4014 4972 5210 5213 5212 
4015 5210 4147 5211 5213 
4016 5213 5211 123 124 
4017 5212 5213 124 125 
4018 4313 5214 5217 5122 
4019 5214 4326 5215 5217 
4020 5217 5215 4701 5216 
4021 5122 5217 5216 4327 
4022 4980 5218 5220 5219 
4023 5218 42 43 5220 
4024 5220 43 4 5163 
4025 5219 5220 5163 4146 
4026 4223 5221 5223 5222 
4027 5221 4228 5089 5223 
4028 5223 5089 4261 5117 
4029 5222 5223 5117 4215 
4030 4265 5224 5228 5227 
4031 5224 5057 5225 5228 
4032 5228 5225 4153 5226 
4033 5227 5228 5226 4156 
4034 4864 5229 5233 5232 
4035 5229 4877 5230 5233 
4036 5233 5230 4873 5231 
4037 5232 5233 5231 4872 
4038 4985 5234 5238 5237 
4039 5234 5018 5235 5238 
4040 5238 5235 5020 5236 
4041 5237 5238 5236 4646 
4042 4318 5239 5243 5242 
4043 5239 4199 5240 5243 
4044 5243 5240 4203 5241 
4045 5242 5243 5241 4205 
4046 4985 5244 5248 5247 
4047 5244 4983 5245 5248 
4048 5248 5245 4800 5246 
4049 5247 5248 5246 5015 
4050 4381 5249 5253 5252 
4051 5249 4902 5250 5253 
4052 5253 5250 4376 5251 
4053 5252 5253 5251 5039 
4054 4356 5254 5258 5257 
4055 5254 4358 5255 5258 
4056 5258 5255 4363 5256 
4057 5257 5258 5256 4135 
4058 5067 5259 5262 5085 
4059 5259 4836 5260 5262 
4060 5262 5260 4711 5261 
4061 5085 5262 5261 4710 
4062 5060 5187 5263 5134 
4063 5187 4248 5127 5263 
4064 5263 5127 4269 5097 
4065 5134 5263 5097 4238 
4066 4891 5264 5268 5267 
4067 5264 4890 5265 5268 
4068 5268 5265 4930 5266 
4069 5267 5268 5266 4321 
4070 4177 5269 5273 5272 
4071 5269 4282 5270 5273 
4072 5273 5270 4286 5271 
4073 5272 5273 5271 4176 
4074 4309 5274 5278 5277 
4075 5274 4278 5275 5278 
4076 5278 5275 5038 5276 
4077 5277 5278 5276 4308 
4078 4967 5279 5283 5282 
4079 5279 4708 5280 5283 
4080 5283 5280 4960 5281 
4081 5282 5283 5281 4950 
4082 31 5284 5287 30 
4083 5284 4136 5285 5287 
4084 5287 5285 4153 5286 
4085 30 5287 5286 29 
4086 4654 5288 5292 5291 
4087 5288 5027 5289 5292 
4088 5292 5289 5031 5290 
4089 5291 5292 5290 4280 
4090 4831 5293 5297 5296 
4091 5293 4834 5294 5297 
4092 5297 5294 4526 5295 
4093 5296 5297 5295 4846 
4094 4272 5298 5301 5300 
4095 5298 4271 5299 5301 
4096 5301 5299 4269 5130 
4097 5300 5301 5130 4270 
4098 4886 5302 5306 5305 
4099 5302 4419 5303 5306 
4100 5306 5303 4887 5304 
4101 5305 5306 5304 4885 
4102 4223 5307 5311 5310 
4103 5307 4289 5308 5311 
4104 5311 5308 4788 5309 
4105 5310 5311 5309 4233 
4106 4892 5312 5315 5314 
4107 5312 4894 5182 5315 
4108 5315 5182 4193 5313 
4109 5314 5315 5313 4252 
4110 431 432 5318 5317 
4111 432 433 5316 5318 
4112 5318 5316 4135 5256 
4113 5317 5318 5256 4363 
4114 4310 5319 5322 5321 
4115 5319 4138 5320 5322 
4116 5322 5320 114 115 
4117 5321 5322 115 116 
4118 4181 5323 5327 5326 
4119 5323 4187 5324 5327 
4120 5327 5324 4855 5325 
4121 5326 5327 5325 4324 
4122 4792 5328 5332 5331 
4123 5328 4451 5329 5332 
4124 5332 5329 4801 5330 
4125 5331 5332 5330 4791 
4126 4892 5314 5336 5335 
4127 5314 4252 5333 5336 
4128 5336 5333 4896 5334 
4129 5335 5336 5334 4893 
4130 4819 5337 5341 5340 
4131 5337 4821 5338 5341 
4132 5341 5338 4822 5339 
4133 5340 5341 5339 4594 
4134 5052 5342 5345 5344 
4135 5342 4223 5310 5345 
4136 5345 5310 4233 5343 
4137 5344 5345 5343 4232 
4138 4731 5346 5350 5349 
4139 5346 4281 5347 5350 
4140 5350 5347 4854 5348 
4141 5349 5350 5348 4149 
4142 4901 5351 5355 5354 
4143 5351 4165 5352 5355 
4144 5355 5352 4166 5353 
4145 5354 5355 5353 4167 
4146 4167 5356 5360 5359 
4147 5356 4170 5357 5360 
4148 5360 5357 4292 5358 
4149 5359 5360 5358 4291 
4150 4662 5361 5365 5364 
4151 5361 4915 5362 5365 
4152 5365 5362 4242 5363 
4153 5364 5365 5363 5012 
4154 4117 5366 5369 5148 
4155 5366 4798 5367 5369 
4156 5369 5367 4792 5368 
4157 5148 5369 5368 4794 
4158 4234 5370 5373 5372 
4159 5370 4302 5167 5373 
4160 5373 5167 4303 5371 
4161 5372 5373 5371 4326 
4162 4716 5198 5377 5376 
4163 5198 4681 5374 5377 
4164 5377 5374 4339 5375 
4165 5376 5377 5375 4340 
4166 4931 5378 5380 5379 
4167 5378 40 41 5380 
4168 5380 41 42 5218 
4169 5379 5380 5218 4980 
4170 4232 5343 5382 5100 
4171 5343 4233 5381 5382 
4172 5382 5381 4239 5135 
4173 5100 5382 5135 4238 
4174 4961 5383 5387 5386 
4175 5383 4853 5384 5387 
4176 5387 5384 4965 5385 
4177 5386 5387 5385 4941 
4178 4933 5388 5392 5391 
4179 5388 4934 5389 5392 
4180 5392 5389 4935 5390 
4181 5391 5392 5390 4913 
4182 4898 5393 5397 5396 
4183 5393 4897 5394 5397 
4184 5397 5394 4857 5395 
4185 5396 5397 5395 4856 
4186 4340 5375 5401 5400 
4187 5375 4339 5398 5401 
4188 5401 5398 4314 5399 
4189 5400 5401 5399 4338 
4190 4250 5402 5405 5404 
4191 5402 4244 5132 5405 
4192 5405 5132 4239 5403 
4193 5404 5405 5403 4245 
4194 4257 5406 5410 5409 
4195 5406 4789 5407 5410 
4196 5410 5407 5008 5408 
4197 5409 5410 5408 4301 
4198 4966 5411 5415 5414 
4199 5411 4315 5412 5415 
4200 5415 5412 4146 5413 
4201 5414 5415 5413 4721 
4202 4972 5212 5418 5417 
4203 5212 125 126 5418 
4204 5418 126 127 5416 
4205 5417 5418 5416 4298 
4206 5016 5419 5423 5422 
4207 5419 5017 5420 5423 
4208 5423 5420 5021 5421 
4209 5422 5423 5421 5022 
4210 4573 5424 5427 5426 
4211 5424 4822 5338 5427 
4212 5427 5338 4821 5425 
4213 5426 5427 5425 4840 
4214 4885 5428 5431 5430 
4215 5428 4857 5394 5431 
4216 5431 5394 4897 5429 
4217 5430 5431 5429 4884 
4218 4231 5432 5436 5435 
4219 5432 4569 5433 5436 
4220 5436 5433 4570 5434 
4221 5435 5436 5434 4815 
4222 4791 5437 5439 5331 
4223 5437 4793 5438 5439 
4224 5439 5438 4794 5368 
4225 5331 5439 5368 4792 
4226 4816 5440 5444 5443 
4227 5440 4532 5441 5444 
4228 5444 5441 4813 5442 
4229 5443 5444 5442 4808 
4230 4739 5445 5449 5448 
4231 5445 4914 5446 5449 
4232 5449 5446 4317 5447 
4233 5448 5449 5447 4276 
4234 4318 5450 5453 5239 
4235 5450 5046 5451 5453 
4236 5453 5451 4198 5452 
4237 5239 5453 5452 4199 
4238 4326 5214 5455 5372 
4239 5214 4313 5454 5455 
4240 5455 5454 5066 5193 
4241 5372 5455 5193 4234 
4242 4801 5456 5459 5458 
4243 5456 5032 5457 5459 
4244 5459 5457 4785 5177 
4245 5458 5459 5177 4741 
4246 4298 5416 5462 5461 
4247 5416 127 128 5462 
4248 5462 128 129 5460 
4249 5461 5462 5460 4151 
4250 4735 5463 5466 5145 
4251 5463 4151 5464 5466 
4252 5466 5464 4978 5465 
4253 5145 5466 5465 4347 
4254 5030 5467 5471 5470 
4255 5467 4870 5468 5471 
4256 5471 5468 4888 5469 
4257 5470 5471 5469 4869 
4258 4758 5472 5476 5475 
4259 5472 5062 5473 5476 
4260 5476 5473 4765 5474 
4261 5475 5476 5474 5061 
4262 4135 5477 5480 5257 
4263 5477 4449 5478 5480 
4264 5480 5478 4350 5479 
4265 5257 5480 5479 4356 
4266 4739 5448 5484 5483 
4267 5448 4276 5481 5484 
4268 5484 5481 4148 5482 
4269 5483 5484 5482 87 
4270 4147 5485 5487 5211 
4271 5485 4267 5486 5487 
4272 5487 5486 121 122 
4273 5211 5487 122 123 
4274 4766 5488 5492 5491 
4275 5488 4763 5489 5492 
4276 5492 5489 4777 5490 
4277 5491 5492 5490 4125 
4278 4801 5458 5495 5330 
4279 5458 4741 5493 5495 
4280 5495 5493 4837 5494 
4281 5330 5495 5494 4791 
4282 4765 5496 5500 5499 
4283 5496 4770 5497 5500 
4284 5500 5497 4891 5498 
4285 5499 5500 5498 4892 
4286 4827 5501 5504 5503 
4287 5501 4831 5296 5504 
4288 5504 5296 4846 5502 
4289 5503 5504 5502 5054 
4290 5038 5275 5507 5506 
4291 5275 4278 5505 5507 
4292 5507 5505 4276 5447 
4293 5506 5507 5447 4317 
4294 4466 5508 5511 5510 
4295 5508 4274 5509 5511 
4296 5511 5509 4270 5129 
4297 5510 5511 5129 5011 
4298 4817 5512 5516 5515 
4299 5512 4808 5513 5516 
4300 5516 5513 4812 5514 
4301 5515 5516 5514 4807 
4302 4813 5517 5519 5442 
4303 5517 4805 5518 5519 
4304 5519 5518 4812 5513 
4305 5442 5519 5513 4808 
4306 4892 5498 5520 5312 
4307 5498 4891 5267 5520 
4308 5520 5267 4321 5183 
4309 5312 5520 5183 4894 
4310 4781 5521 5524 5523 
4311 5521 4341 5522 5524 
4312 5524 5522 4923 5196 
4313 5523 5524 5196 4715 
4314 4872 5525 5528 5232 
4315 5525 4865 5526 5528 
4316 5528 5526 4880 5527 
4317 5232 5528 5527 4864 
4318 4125 5529 5532 5491 
4319 5529 4774 5530 5532 
4320 5532 5530 4768 5531 
4321 5491 5532 5531 4766 
4322 4298 5461 5535 5534 
4323 5461 4151 5463 5535 
4324 5535 5463 4735 5533 
4325 5534 5535 5533 4370 
4326 4 113 5538 5164 
4327 113 114 5536 5538 
4328 5538 5536 5013 5537 
4329 5164 5538 5537 4288 
4330 4558 5160 5542 5541 
4331 5160 4331 5539 5542 
4332 5542 5539 4977 5540 
4333 5541 5542 5540 4334 
4334 4215 5543 5545 5222 
4335 5543 4216 5544 5545 
4336 5545 5544 4289 5307 
4337 5222 5545 5307 4223 
4338 4564 5546 5549 5548 
4339 5546 4531 5547 5549 
4340 5549 5547 4532 5440 
4341 5548 5549 5440 4816 
4342 4328 5550 5553 5552 
4343 5550 4331 5159 5553 
4344 5553 5159 4335 5551 
4345 5552 5553 5551 4330 
4346 4456 5554 5558 5557 
4347 5554 5006 5555 5558 
4348 5558 5555 4455 5556 
4349 5557 5558 5556 4453 
4350 5056 5559 5562 5561 
4351 5559 4205 5241 5562 
4352 5562 5241 4203 5560 
4353 5561 5562 5560 4206 
4354 4279 5563 5566 5565 
4355 5563 4731 5349 5566 
4356 5566 5349 4149 5564 
4357 5565 5566 5564 5063 
4358 4779 5567 5571 5570 
4359 5567 4691 5568 5571 
4360 5571 5568 4994 5569 
4361 5570 5571 5569 4754 
4362 299 300 5575 5574 
4363 300 301 5572 5575 
4364 5575 5572 4190 5573 
4365 5574 5575 5573 4774 
4366 4774 5573 5578 5530 
4367 5573 4190 5576 5578 
4368 5578 5576 4778 5577 
4369 5530 5578 5577 4768 
4370 5014 5579 5583 5582 
4371 5579 4790 5580 5583 
4372 5583 5580 4262 5581 
4373 5582 5583 5581 4797 
4374 4354 5584 5588 5587 
4375 5584 4360 5585 5588 
4376 5588 5585 4357 5586 
4377 5587 5588 5586 4353 
4378 4302 5370 5591 5590 
4379 5370 4234 5192 5591 
4380 5591 5192 4210 5589 
4381 5590 5591 5589 4737 
4382 4961 5386 5594 5593 
4383 5386 4941 5592 5594 
4384 5594 5592 4960 5280 
4385 5593 5594 5280 4708 
4386 4331 5550 5597 5596 
4387 5550 4328 5124 5597 
4388 5597 5124 4520 5595 
4389 5596 5597 5595 4332 
4390 4198 5598 5602 5601 
4391 5598 4193 5599 5602 
4392 5602 5599 4192 5600 
4393 5601 5602 5600 4194 
4394 4703 5603 5607 5606 
4395 5603 4247 5604 5607 
4396 5607 5604 4254 5605 
4397 5606 5607 5605 4266 
4398 4863 5608 5612 5611 
4399 5608 4860 5609 5612 
4400 5612 5609 4889 5610 
4401 5611 5612 5610 4888 
4402 4807 5613 5617 5616 
4403 5613 4809 5614 5617 
4404 5617 5614 4810 5615 
4405 5616 5617 5615 4826 
4406 4319 5618 5621 5620 
4407 5618 5046 5450 5621 
4408 5621 5450 4318 5619 
4409 5620 5621 5619 4688 
4410 4212 5622 5624 5120 
4411 5622 4214 5623 5624 
4412 5624 5623 4216 5543 
4413 5120 5624 5543 4215 
4414 4335 5158 5628 5627 
4415 5158 4336 5625 5628 
4416 5628 5625 5025 5626 
4417 5627 5628 5626 4338 
4418 4950 5629 5633 5632 
4419 5629 4944 5630 5633 
4420 5633 5630 4474 5631 
4421 5632 5633 5631 4945 
4422 4818 5202 5637 5636 
4423 5202 4565 5634 5637 
4424 5637 5634 4817 5635 
4425 5636 5637 5635 4811 
4426 4350 5638 5642 5641 
4427 5638 4349 5639 5642 
4428 5642 5639 4351 5640 
4429 5641 5642 5640 4353 
4430 4688 5619 5646 5645 
4431 5619 4318 5643 5646 
4432 5646 5643 4680 5644 
4433 5645 5646 5644 4343 
4434 4267 5647 5650 5486 
4435 5647 5059 5648 5650 
4436 5650 5648 4973 5649 
4437 5486 5650 5649 121 
4438 4346 5651 5655 5654 
4439 5651 4344 5652 5655 
4440 5655 5652 4850 5653 
4441 5654 5655 5653 4686 
4442 4360 5656 5659 5585 
4443 5656 4361 5657 5659 
4444 5659 5657 4359 5658 
4445 5585 5659 5658 4357 
4446 4467 5660 5662 5661 
4447 5660 4466 5510 5662 
4448 5662 5510 5011 5174 
4449 5661 5662 5174 4468 
4450 4656 5663 5667 5666 
4451 5663 4271 5664 5667 
4452 5667 5664 5026 5665 
4453 5666 5667 5665 4273 
4454 4645 5668 5672 5671 
4455 5668 4648 5669 5672 
4456 5672 5669 4796 5670 
4457 5671 5672 5670 4984 
4458 4655 5673 5676 5675 
4459 5673 5027 5288 5676 
4460 5676 5288 4654 5674 
4461 5675 5676 5674 4665 
4462 4981 5143 5680 5679 
4463 5143 4152 5677 5680 
4464 5680 5677 4746 5678 
4465 5679 5680 5678 4306 
4466 4358 5105 5683 5255 
4467 5105 4364 5681 5683 
4468 5683 5681 4142 5682 
4469 5255 5683 5682 4363 
4470 4763 5684 5687 5489 
4471 5684 4761 5685 5687 
4472 5687 5685 4773 5686 
4473 5489 5687 5686 4777 
4474 4328 5552 5689 5125 
4475 5552 4330 5688 5689 
4476 5689 5688 5066 5454 
4477 5125 5689 5454 4313 
4478 4686 5690 5693 5654 
4479 5690 4635 5691 5693 
4480 5693 5691 4698 5692 
4481 5654 5693 5692 4346 
4482 4969 5694 5698 5697 
4483 5694 4256 5695 5698 
4484 5698 5695 4301 5696 
4485 5697 5698 5696 4300 
4486 4480 5699 5702 5701 
4487 5699 4712 5700 5702 
4488 5702 5700 4346 5692 
4489 5701 5702 5692 4698 
4490 4350 5641 5704 5479 
4491 5641 4353 5586 5704 
4492 5704 5586 4357 5703 
4493 5479 5704 5703 4356 
4494 4884 5705 5709 5708 
4495 5705 4883 5706 5709 
4496 5709 5706 4882 5707 
4497 5708 5709 5707 4612 
4498 4274 5508 5713 5712 
4499 5508 4466 5710 5713 
4500 5713 5710 4463 5711 
4501 5712 5713 5711 4465 
4502 4607 5714 5718 5717 
4503 5714 4608 5715 5718 
4504 5718 5715 4421 5716 
4505 5717 5718 5716 4422 
4506 4517 5719 5723 5722 
4507 5719 4509 5720 5723 
4508 5723 5720 4508 5721 
4509 5722 5723 5721 4516 
4510 4379 5724 5728 5727 
4511 5724 4377 5725 5728 
4512 5728 5725 4372 5726 
4513 5727 5728 5726 4378 
4514 4654 5729 5732 5674 
4515 5729 4652 5730 5732 
4516 5732 5730 4664 5731 
4517 5674 5732 5731 4665 
4518 19 5733 5735 18 
4519 5733 4348 5734 5735 
4520 5735 5734 439 440 
4521 18 5735 440 10 
4522 4464 5736 5738 5737 
4523 5736 4463 5710 5738 
4524 5738 5710 4466 5660 
4525 5737 5738 5660 4467 
4526 4416 5739 5742 5741 
4527 5739 4421 5715 5742 
4528 5742 5715 4608 5740 
4529 5741 5742 5740 4423 
4530 4351 5743 5745 5640 
4531 5743 4352 5744 5745 
4532 5745 5744 4354 5587 
4533 5640 5745 5587 4353 
4534 4906 5746 5749 5104 
4535 5746 4366 5747 5749 
4536 5749 5747 4365 5748 
4537 5104 5749 5748 4364 
4538 4539 5750 5753 5752 
4539 5750 4666 5751 5753 
4540 5753 5751 4665 5731 
4541 5752 5753 5731 4664 
4542 4356 5703 5754 5254 
4543 5703 4357 5658 5754 
4544 5754 5658 4359 5102 
4545 5254 5754 5102 4358 
4546 4578 5755 5759 5758 
4547 5755 4882 5756 5759 
4548 5759 5756 4615 5757 
4549 5758 5759 5757 4614 
4550 4946 5760 5764 5763 
4551 5760 4947 5761 5764 
4552 5764 5761 4949 5762 
4553 5763 5764 5762 4945 
4554 4906 5765 5768 5746 
4555 5765 4368 5766 5768 
4556 5768 5766 4367 5767 
4557 5746 5768 5767 4366 
4558 4946 5769 5773 5772 
4559 5769 4953 5770 5773 
4560 5773 5770 4954 5771 
4561 5772 5773 5771 4948 
4562 4707 5774 5778 5777 
4563 5774 4952 5775 5778 
4564 5778 5775 4949 5776 
4565 5777 5778 5776 4951 
4566 4329 5779 5783 5782 
4567 5779 4518 5780 5783 
4568 5783 5780 4513 5781 
4569 5782 5783 5781 4519 
4570 4916 5784 5788 5787 
4571 5784 4770 5785 5788 
4572 5788 5785 4767 5786 
4573 5787 5788 5786 4769 
4574 4778 5789 5791 5577 
4575 5789 4769 5786 5791 
4576 5791 5786 4767 5790 
4577 5577 5791 5790 4768 
4578 4768 5790 5794 5531 
4579 5790 4767 5792 5794 
4580 5794 5792 4764 5793 
4581 5531 5794 5793 4766 
4582 4497 5795 5799 5798 
4583 5795 4496 5796 5799 
4584 5799 5796 4493 5797 
4585 5798 5799 5797 4494 
4586 4766 5793 5802 5488 
4587 5793 4764 5800 5802 
4588 5802 5800 4762 5801 
4589 5488 5802 5801 4763 
4590 4494 5797 5806 5805 
4591 5797 4493 5803 5806 
4592 5806 5803 4490 5804 
4593 5805 5806 5804 4492 
4594 4763 5801 5809 5684 
4595 5801 4762 5807 5809 
4596 5809 5807 4759 5808 
4597 5684 5809 5808 4761 
4598 4515 5810 5814 5813 
4599 5810 4514 5811 5814 
4600 5814 5811 4513 5812 
4601 5813 5814 5812 4512 
4602 4559 5815 5819 5818 
4603 5815 4556 5816 5819 
4604 5819 5816 4557 5817 
4605 5818 5819 5817 4558 
4606 4550 5820 5824 5823 
4607 5820 4549 5821 5824 
4608 5824 5821 4547 5822 
4609 5823 5824 5822 4545 
4610 4423 5825 5828 5741 
4611 5825 4420 5826 5828 
4612 5828 5826 4417 5827 
4613 5741 5828 5827 4416 
4614 4492 5804 5832 5831 
4615 5804 4490 5829 5832 
4616 5832 5829 4489 5830 
4617 5831 5832 5830 4491 
4618 4666 5750 5836 5835 
4619 5750 4539 5833 5836 
4620 5836 5833 4659 5834 
4621 5835 5836 5834 4661 
4622 4548 5837 5840 5839 
4623 5837 4546 5838 5840 
4624 5840 5838 4545 5822 
4625 5839 5840 5822 4547 
4626 4518 5841 5843 5780 
4627 5841 4511 5842 5843 
4628 5843 5842 4512 5812 
4629 5780 5843 5812 4513 
4630 4287 5844 5848 5847 
4631 5844 4398 5845 5848 
4632 5848 5845 4399 5846 
4633 5847 5848 5846 4400 
4634 4761 5808 5852 5851 
4635 5808 4759 5849 5852 
4636 5852 5849 4756 5850 
4637 5851 5852 5850 4760 
4638 4418 5853 5856 5855 
4639 5853 4414 5854 5856 
4640 5856 5854 4416 5827 
4641 5855 5856 5827 4417 
4642 4880 5857 5860 5859 
4643 5857 4881 5858 5860 
4644 5860 5858 4897 5393 
4645 5859 5860 5393 4898 
4646 4377 5861 5864 5725 
4647 5861 4374 5862 5864 
4648 5864 5862 4373 5863 
4649 5725 5864 5863 4372 
4650 4438 5865 5869 5868 
4651 5865 4437 5866 5869 
4652 5869 5866 4435 5867 
4653 5868 5869 5867 4436 
4654 4866 5870 5874 5873 
4655 5870 4772 5871 5874 
4656 5874 5871 4771 5872 
4657 5873 5874 5872 4590 
4658 4399 5845 5878 5877 
4659 5845 4398 5875 5878 
4660 5878 5875 4395 5876 
4661 5877 5878 5876 4396 
4662 4422 5716 5882 5881 
4663 5716 4421 5879 5882 
4664 5882 5879 4412 5880 
4665 5881 5882 5880 4415 
4666 4421 5739 5884 5879 
4667 5739 4416 5854 5884 
4668 5884 5854 4414 5883 
4669 5879 5884 5883 4412 
4670 4428 5885 5889 5888 
4671 5885 4427 5886 5889 
4672 5889 5886 4425 5887 
4673 5888 5889 5887 4426 
4674 4464 5890 5893 5736 
4675 5890 4461 5891 5893 
4676 5893 5891 4460 5892 
4677 5736 5893 5892 4463 
4678 4463 5892 5896 5711 
4679 5892 4460 5894 5896 
4680 5896 5894 4462 5895 
4681 5711 5896 5895 4465 
4682 4659 5833 5900 5899 
4683 5833 4539 5897 5900 
4684 5900 5897 4536 5898 
4685 5899 5900 5898 4538 
4686 4539 5752 5903 5897 
4687 5752 4664 5901 5903 
4688 5903 5901 4537 5902 
4689 5897 5903 5902 4536 
4690 4556 5904 5908 5907 
4691 5904 4554 5905 5908 
4692 5908 5905 4553 5906 
4693 5907 5908 5906 4555 
4694 4550 5823 5912 5911 
4695 5823 4545 5909 5912 
4696 5912 5909 4543 5910 
4697 5911 5912 5910 4542 
4698 4516 5721 5916 5915 
4699 5721 4508 5913 5916 
4700 5916 5913 4510 5914 
4701 5915 5916 5914 4511 
4702 4490 5917 5920 5829 
4703 5917 4487 5918 5920 
4704 5920 5918 4486 5919 
4705 5829 5920 5919 4489 
4706 4946 5772 5923 5760 
4707 5772 4948 5921 5923 
4708 5923 5921 4956 5922 
4709 5760 5923 5922 4947 
4710 4949 5761 5925 5776 
4711 5761 4947 5922 5925 
4712 5925 5922 4956 5924 
4713 5776 5925 5924 4951 
4714 4473 5926 5930 5929 
4715 5926 4482 5927 5930 
4716 5930 5927 4483 5928 
4717 5929 5930 5928 4957 
4718 4280 5931 5933 5291 
4719 5931 4653 5932 5933 
4720 5933 5932 4652 5729 
4721 5291 5933 5729 4654 
4722 4861 5934 5938 5937 
4723 5934 4866 5935 5938 
4724 5938 5935 4868 5936 
4725 5937 5938 5936 4867 
4726 4626 5939 5943 5942 
4727 5939 4625 5940 5943 
4728 5943 5940 4458 5941 
4729 5942 5943 5941 4988 
4730 4759 5944 5947 5849 
4731 5944 4758 5945 5947 
4732 5947 5945 4757 5946 
4733 5849 5947 5946 4756 
4734 4449 5948 5950 5478 
4735 5948 4143 5949 5950 
4736 5950 5949 4349 5638 
4737 5478 5950 5638 4350 
4738 4945 5762 5952 5632 
4739 5762 4949 5951 5952 
4740 5952 5951 4967 5282 
4741 5632 5952 5282 4950 
4742 4983 5244 5955 5954 
4743 5244 4985 5237 5955 
4744 5955 5237 4646 5953 
4745 5954 5955 5953 4984 
4746 4437 5956 5959 5866 
4747 5956 4440 5957 5959 
4748 5959 5957 4441 5958 
4749 5866 5959 5958 4435 
4750 4197 5960 5964 5963 
4751 5960 4575 5961 5964 
4752 5964 5961 4576 5962 
4753 5963 5964 5962 4749 
4754 4984 5953 5967 5671 
4755 5953 4646 5965 5967 
4756 5967 5965 4644 5966 
4757 5671 5967 5966 4645 
4758 4567 5968 5972 5971 
4759 5968 4833 5969 5972 
4760 5972 5969 4570 5970 
4761 5971 5972 5970 4229 
4762 4582 5973 5977 5976 
4763 5973 4182 5974 5977 
4764 5977 5974 4580 5975 
4765 5976 5977 5975 4871 
4766 4589 5978 5982 5981 
4767 5978 4586 5979 5982 
4768 5982 5979 4588 5980 
4769 5981 5982 5980 4874 
4770 4435 5958 5986 5985 
4771 5958 4441 5983 5986 
4772 5986 5983 4295 5984 
4773 5985 5986 5984 4434 
4774 4440 5987 5990 5957 
4775 5987 4442 5988 5990 
4776 5990 5988 4620 5989 
4777 5957 5990 5989 4441 
4778 4133 5991 5995 5994 
4779 5991 4596 5992 5995 
4780 5995 5992 4471 5993 
4781 5994 5995 5993 4958 
4782 4671 5996 6000 5999 
4783 5996 4886 5997 6000 
4784 6000 5997 4612 5998 
4785 5999 6000 5998 4611 
4786 4510 6001 6005 6004 
4787 6001 4534 6002 6005 
4788 6005 6002 4235 6003 
4789 6004 6005 6003 4598 
4790 4543 6006 6010 6009 
4791 6006 4600 6007 6010 
4792 6010 6007 4224 6008 
4793 6009 6010 6008 4560 
4794 4500 6011 6015 6014 
4795 6011 4208 6012 6015 
4796 6015 6012 4561 6013 
4797 6014 6015 6013 4597 
4798 4646 5236 6018 5965 
4799 5236 5020 6016 6018 
4800 6018 6016 4390 6017 
4801 5965 6018 6017 4644 
4802 4828 6019 6023 6022 
4803 6019 4829 6020 6023 
4804 6023 6020 4628 6021 
4805 6022 6023 6021 4830 
4806 4362 6024 6027 6026 
4807 6024 4361 5656 6027 
4808 6027 5656 4360 6025 
4809 6026 6027 6025 4265 
4810 4511 5914 6029 5842 
4811 5914 4510 6004 6029 
4812 6029 6004 4598 6028 
4813 5842 6029 6028 4512 
4814 4545 5838 6031 5909 
4815 5838 4546 6030 6031 
4816 6031 6030 4600 6006 
4817 5909 6031 6006 4543 
4818 4496 6032 6034 5796 
4819 6032 4500 6014 6034 
4820 6034 6014 4597 6033 
4821 5796 6034 6033 4493 
4822 4866 5934 6037 5870 
4823 5934 4861 6035 6037 
4824 6037 6035 4776 6036 
4825 5870 6037 6036 4772 
4826 4773 6038 6041 6040 
4827 6038 4196 6039 6041 
4828 6041 6039 291 292 
4829 6040 6041 292 293 
4830 4774 5529 6043 5574 
4831 5529 4125 6042 6043 
4832 6043 6042 297 298 
4833 5574 6043 298 299 
4834 4363 5682 6045 5317 
4835 5682 4142 6044 6045 
4836 6045 6044 429 430 
4837 5317 6045 430 431 
4838 4442 6046 6050 6049 
4839 6046 4296 6047 6050 
4840 6050 6047 4927 6048 
4841 6049 6050 6048 4787 
4842 4196 6038 6052 6051 
4843 6038 4773 5685 6052 
4844 6052 5685 4761 5851 
4845 6051 6052 5851 4760 
4846 4619 6053 6056 6055 
4847 6053 4379 5727 6056 
4848 6056 5727 4378 6054 
4849 6055 6056 6054 4624 
4850 4474 5630 6060 6059 
4851 5630 4944 6057 6060 
4852 6060 6057 4475 6058 
4853 6059 6060 6058 4251 
4854 4483 6061 6063 5928 
4855 6061 4953 5769 6063 
4856 6063 5769 4946 6062 
4857 5928 6063 6062 4957 
4858 4811 6064 6066 5636 
4859 6064 4819 5340 6066 
4860 6066 5340 4594 6065 
4861 5636 6066 6065 4818 
4862 4628 6067 6071 6070 
4863 6067 4627 6068 6071 
4864 6071 6068 4525 6069 
4865 6070 6071 6069 4834 
4866 4953 6061 6075 6074 
4867 6061 4483 6072 6075 
4868 6075 6072 4958 6073 
4869 6074 6075 6073 4955 
4870 4136 6076 6080 6079 
4871 6076 4299 6077 6080 
4872 6080 6077 4925 6078 
4873 6079 6080 6078 4154 
4874 4150 6081 6084 6083 
4875 6081 4349 5949 6084 
4876 6084 5949 4143 6082 
4877 6083 6084 6082 4348 
4878 4467 5661 6087 5737 
4879 5661 4468 6085 6087 
4880 6087 6085 4682 6086 
4881 5737 6087 6086 4464 
4882 4882 5755 6089 5707 
4883 5755 4578 6088 6089 
4884 6089 6088 4611 5998 
4885 5707 6089 5998 4612 
4886 4865 6090 6093 6092 
4887 6090 4580 6091 6093 
4888 6093 6091 4614 5757 
4889 6092 6093 5757 4615 
4890 4436 5867 6096 6095 
4891 5867 4435 5985 6096 
4892 6096 5985 4434 6094 
4893 6095 6096 6094 4119 
4894 4396 5876 6100 6099 
4895 5876 4395 6097 6100 
4896 6100 6097 4121 6098 
4897 6099 6100 6098 4394 
4898 4415 5880 6104 6103 
4899 5880 4412 6101 6104 
4900 6104 6101 4411 6102 
4901 6103 6104 6102 4179 
4902 4390 6105 6109 6108 
4903 6105 4389 6106 6109 
4904 6109 6106 4118 6107 
4905 6108 6109 6107 4388 
4906 4426 5887 6113 6112 
4907 5887 4425 6110 6113 
4908 6113 6110 4424 6111 
4909 6112 6113 6111 4122 
4910 4385 6114 6118 6117 
4911 6114 4383 6115 6118 
4912 6118 6115 4120 6116 
4913 6117 6118 6116 4382 
4914 4871 6119 6122 5976 
4915 6119 4583 6120 6122 
4916 6122 6120 4581 6121 
4917 5976 6122 6121 4582 
4918 4378 5726 6126 6125 
4919 5726 4372 6123 6126 
4920 6126 6123 4163 6124 
4921 6125 6126 6124 4371 
4922 4874 6127 6130 5981 
4923 6127 4590 6128 6130 
4924 6130 6128 4189 6129 
4925 5981 6130 6129 4589 
4926 4760 6131 6134 6051 
4927 6131 4592 6132 6134 
4928 6134 6132 4591 6133 
4929 6051 6134 6133 4196 
4930 4462 5894 6138 6137 
4931 5894 4460 6135 6138 
4932 6138 6135 4459 6136 
4933 6137 6138 6136 4225 
4934 4456 5557 6142 6141 
4935 5557 4453 6139 6142 
4936 6142 6139 4452 6140 
4937 6141 6142 6140 4240 
4938 4957 6143 6145 5929 
4939 6143 4474 6059 6145 
4940 6145 6059 4251 6144 
4941 5929 6145 6144 4473 
4942 4958 6072 6147 5994 
4943 6072 4483 5927 6147 
4944 6147 5927 4482 6146 
4945 5994 6147 6146 4133 
4946 4478 6148 6152 6151 
4947 6148 4477 6149 6152 
4948 6152 6149 4201 6150 
4949 6151 6152 6150 4476 
4950 4749 6153 6156 5963 
4951 6153 4504 6154 6156 
4952 6156 6154 4503 6155 
4953 5963 6156 6155 4197 
4954 4509 6157 6160 5720 
4955 6157 4507 6158 6160 
4956 6160 6158 4236 6159 
4957 5720 6160 6159 4508 
4958 4538 5898 6164 6163 
4959 5898 4536 6161 6164 
4960 6164 6161 4535 6162 
4961 6163 6164 6162 4218 
4962 4487 6165 6168 5918 
4963 6165 4485 6166 6168 
4964 6168 6166 4127 6167 
4965 5918 6168 6167 4486 
4966 4818 6065 6171 5203 
4967 6065 4594 6169 6171 
4968 6171 6169 4593 6170 
4969 5203 6171 6170 4566 
4970 4544 6172 6176 6175 
4971 6172 4542 6173 6176 
4972 6176 6173 4226 6174 
4973 6175 6176 6174 4541 
4974 4815 6177 6179 5435 
4975 6177 4532 5547 6179 
4976 6179 5547 4531 6178 
4977 5435 6179 6178 4231 
4978 4554 6180 6183 5905 
4979 6180 4337 6181 6183 
4980 6183 6181 4552 6182 
4981 5905 6183 6182 4553 
4982 4525 6184 6188 6187 
4983 6184 4523 6185 6188 
4984 6188 6185 4129 6186 
4985 6187 6188 6186 4524 
4986 4816 6189 6191 5548 
4987 6189 4565 5201 6191 
4988 6191 5201 4130 6190 
4989 5548 6191 6190 4564 
4990 4833 5968 6195 6194 
4991 5968 4567 6192 6195 
4992 6195 6192 4230 6193 
4993 6194 6195 6193 4568 
4994 4793 6196 6198 5438 
4995 6196 4795 6197 6198 
4996 6198 6197 4799 5149 
4997 5438 6198 5149 4794 
4998 4711 6199 6202 5261 
4999 6199 4481 6200 6202 
5000 6202 6200 4709 6201 
5001 5261 6202 6201 4710 
5002 4151 5460 6204 5464 
5003 5460 129 130 6204 
5004 6204 130 9 6203 
5005 5464 6204 6203 4978 
5006 4631 6205 6209 6208 
5007 6205 4780 6206 6209 
5008 6209 6206 4345 6207 
5009 6208 6209 6207 4781 
5010 4748 6210 6213 6212 
5011 6210 4749 5962 6213 
5012 6213 5962 4576 6211 
5013 6212 6213 6211 4750 
5014 4384 6214 6218 6217 
5015 6214 4602 6215 6218 
5016 6218 6215 4175 6216 
5017 6217 6218 6216 4402 
5018 4407 6219 6223 6222 
5019 6219 4604 6220 6223 
5020 6223 6220 4173 6221 
5021 6222 6223 6221 4446 
5022 4461 6224 6228 6227 
5023 6224 4609 6225 6228 
5024 6228 6225 4132 6226 
5025 6227 6228 6226 4469 
5026 4386 6229 6233 6232 
5027 6229 4784 6230 6233 
5028 6233 6230 4293 6231 
5029 6232 6233 6231 5043 
5030 4487 5917 6235 6234 
5031 5917 4490 5803 6235 
5032 6235 5803 4493 6033 
5033 6234 6235 6033 4597 
5034 4554 5904 6238 6237 
5035 5904 4556 5815 6238 
5036 6238 5815 4559 6236 
5037 6237 6238 6236 4599 
5038 4374 6239 6242 5862 
5039 6239 4375 6240 6242 
5040 6242 6240 4673 6241 
5041 5862 6242 6241 4373 
5042 4386 6243 6246 6245 
5043 6243 4387 6244 6246 
5044 6246 6244 4602 6214 
5045 6245 6246 6214 4384 
5046 4408 6247 6250 6249 
5047 6247 4409 6248 6250 
5048 6250 6248 4604 6219 
5049 6249 6250 6219 4407 
5050 4606 6251 6254 6253 
5051 6251 4422 5881 6254 
5052 6254 5881 4415 6252 
5053 6253 6254 6252 4605 
5054 4480 6255 6259 6258 
5055 6255 4478 6256 6259 
5056 6259 6256 4610 6257 
5057 6258 6259 6257 4481 
5058 4873 6260 6262 5231 
5059 6260 4583 6119 6262 
5060 6262 6119 4871 6261 
5061 5231 6262 6261 4872 
5062 4945 5631 6263 5763 
5063 5631 4474 6143 6263 
5064 6263 6143 4957 6062 
5065 5763 6263 6062 4946 
5066 4710 6201 6266 5082 
5067 6201 4709 6264 6266 
5068 6266 6264 4641 6265 
5069 5082 6266 6265 5068 
5070 4310 6267 6270 5319 
5071 6267 4311 6268 6270 
5072 6270 6268 5047 6269 
5073 5319 6270 6269 4138 
5074 4868 5935 6272 6271 
5075 5935 4866 5873 6272 
5076 6272 5873 4590 6127 
5077 6271 6272 6127 4874 
5078 409 410 6276 6275 
5079 410 411 6273 6276 
5080 6276 6273 4647 6274 
5081 6275 6276 6274 4137 
5082 411 412 6279 6273 
5083 412 413 6277 6279 
5084 6279 6277 4145 6278 
5085 6273 6279 6278 4647 
5086 419 420 6283 6282 
5087 420 421 6280 6283 
5088 6283 6280 4144 6281 
5089 6282 6283 6281 4798 
5090 301 302 6286 5572 
5091 302 303 6284 6286 
5092 6286 6284 4775 6285 
5093 5572 6286 6285 4190 
5094 417 418 6288 6287 
5095 418 419 6282 6288 
5096 6288 6282 4798 5366 
5097 6287 6288 5366 4117 
5098 303 304 6291 6284 
5099 304 305 6289 6291 
5100 6291 6289 4189 6290 
5101 6284 6291 6290 4775 
5102 399 400 6295 6294 
5103 400 401 6292 6295 
5104 6295 6292 4392 6293 
5105 6294 6295 6293 4371 
5106 377 378 6299 6298 
5107 378 379 6296 6299 
5108 6299 6296 4401 6297 
5109 6298 6299 6297 4382 
5110 405 406 6303 6302 
5111 406 407 6300 6303 
5112 6303 6300 4448 6301 
5113 6302 6303 6301 4388 
5114 327 328 6307 6306 
5115 328 329 6304 6307 
5116 6307 6304 4123 6305 
5117 6306 6307 6305 4577 
5118 335 336 6310 6309 
5119 336 337 6308 6310 
5120 6310 6308 4179 6102 
5121 6309 6310 6102 4411 
5122 383 384 6314 6313 
5123 384 385 6311 6314 
5124 6314 6311 4295 6312 
5125 6313 6314 6312 4403 
5126 401 402 6317 6292 
5127 402 403 6315 6317 
5128 6317 6315 4118 6316 
5129 6292 6317 6316 4392 
5130 321 322 6321 6320 
5131 322 323 6318 6321 
5132 6321 6318 4579 6319 
5133 6320 6321 6319 4182 
5134 393 394 6325 6324 
5135 394 395 6322 6325 
5136 6325 6322 4393 6323 
5137 6324 6325 6323 4164 
5138 387 388 6328 6327 
5139 388 389 6326 6328 
5140 6328 6326 4119 6094 
5141 6327 6328 6094 4434 
5142 307 308 6331 6330 
5143 308 309 6329 6331 
5144 6331 6329 4586 5978 
5145 6330 6331 5978 4589 
5146 361 362 6334 6333 
5147 362 363 6332 6334 
5148 6334 6332 4394 6098 
5149 6333 6334 6098 4121 
5150 367 368 6338 6337 
5151 368 369 6335 6338 
5152 6338 6335 4444 6336 
5153 6337 6338 6336 4174 
5154 343 344 6341 6340 
5155 344 345 6339 6341 
5156 6341 6339 4122 6111 
5157 6340 6341 6111 4424 
5158 373 374 6345 6344 
5159 374 375 6342 6345 
5160 6345 6342 4120 6343 
5161 6344 6345 6343 4402 
5162 355 356 6349 6348 
5163 356 357 6346 6349 
5164 6349 6346 4283 6347 
5165 6348 6349 6347 4405 
5166 325 326 6352 6351 
5167 326 327 6306 6352 
5168 6352 6306 4577 6350 
5169 6351 6352 6350 4183 
5170 319 320 6354 6353 
5171 320 321 6320 6354 
5172 6354 6320 4182 5973 
5173 6353 6354 5973 4582 
5174 313 314 6358 6357 
5175 314 315 6355 6358 
5176 6358 6355 4584 6356 
5177 6357 6358 6356 4124 
5178 317 318 6360 6359 
5179 318 319 6353 6360 
5180 6360 6353 4582 6121 
5181 6359 6360 6121 4581 
5182 311 312 6363 6362 
5183 312 313 6357 6363 
5184 6363 6357 4124 6361 
5185 6362 6363 6361 4587 
5186 365 366 6366 6365 
5187 366 367 6337 6366 
5188 6366 6337 4174 6364 
5189 6365 6366 6364 4410 
5190 347 348 6370 6369 
5191 348 349 6367 6370 
5192 6370 6367 4173 6368 
5193 6369 6370 6368 4431 
5194 389 390 6373 6326 
5195 390 391 6371 6373 
5196 6373 6371 4447 6372 
5197 6326 6373 6372 4119 
5198 349 350 6375 6367 
5199 350 351 6374 6375 
5200 6375 6374 4446 6221 
5201 6367 6375 6221 4173 
5202 315 316 6377 6355 
5203 316 317 6359 6377 
5204 6377 6359 4581 6376 
5205 6355 6377 6376 4584 
5206 403 404 6378 6315 
5207 404 405 6302 6378 
5208 6378 6302 4388 6107 
5209 6315 6378 6107 4118 
5210 337 338 6381 6308 
5211 338 339 6379 6381 
5212 6381 6379 4443 6380 
5213 6308 6381 6380 4179 
5214 363 364 6383 6332 
5215 364 365 6365 6383 
5216 6383 6365 4410 6382 
5217 6332 6383 6382 4394 
5218 339 340 6386 6379 
5219 340 341 6384 6386 
5220 6386 6384 4413 6385 
5221 6379 6386 6385 4443 
5222 391 392 6388 6371 
5223 392 393 6324 6388 
5224 6388 6324 4164 6387 
5225 6371 6388 6387 4447 
5226 305 306 6389 6289 
5227 306 307 6330 6389 
5228 6389 6330 4589 6129 
5229 6289 6389 6129 4189 
5230 309 310 6391 6329 
5231 310 311 6362 6391 
5232 6391 6362 4587 6390 
5233 6329 6391 6390 4586 
5234 323 324 6393 6318 
5235 324 325 6351 6393 
5236 6393 6351 4183 6392 
5237 6318 6393 6392 4579 
5238 353 354 6396 6395 
5239 354 355 6348 6396 
5240 6396 6348 4405 6394 
5241 6395 6396 6394 4172 
5242 433 434 6398 5316 
5243 434 435 6397 6398 
5244 6398 6397 4449 5477 
5245 5316 6398 5477 4135 
5246 423 424 6402 6401 
5247 424 425 6399 6402 
5248 6402 6399 4134 6400 
5249 6401 6402 6400 4450 
5250 341 342 6404 6384 
5251 342 343 6340 6404 
5252 6404 6340 4424 6403 
5253 6384 6404 6403 4413 
5254 359 360 6407 6406 
5255 360 361 6333 6407 
5256 6407 6333 4121 6405 
5257 6406 6407 6405 4433 
5258 397 398 6409 6408 
5259 398 399 6294 6409 
5260 6409 6294 4371 6124 
5261 6408 6409 6124 4163 
5262 371 372 6411 6410 
5263 372 373 6344 6411 
5264 6411 6344 4402 6216 
5265 6410 6411 6216 4175 
5266 375 376 6412 6342 
5267 376 377 6298 6412 
5268 6412 6298 4382 6116 
5269 6342 6412 6116 4120 
5270 379 380 6415 6296 
5271 380 381 6413 6415 
5272 6415 6413 4169 6414 
5273 6296 6415 6414 4401 
5274 381 382 6417 6413 
5275 382 383 6313 6417 
5276 6417 6313 4403 6416 
5277 6413 6417 6416 4169 
5278 333 334 6420 6419 
5279 334 335 6309 6420 
5280 6420 6309 4411 6418 
5281 6419 6420 6418 4432 
5282 345 346 6422 6339 
5283 346 347 6369 6422 
5284 6422 6369 4431 6421 
5285 6339 6422 6421 4122 
5286 421 422 6424 6280 
5287 422 423 6401 6424 
5288 6424 6401 4450 6423 
5289 6280 6424 6423 4144 
5290 407 408 6426 6300 
5291 408 409 6275 6426 
5292 6426 6275 4137 6425 
5293 6300 6426 6425 4448 
5294 395 396 6428 6322 
5295 396 397 6408 6428 
5296 6428 6408 4163 6427 
5297 6322 6428 6427 4393 
5298 357 358 6430 6346 
5299 358 359 6406 6430 
5300 6430 6406 4433 6429 
5301 6346 6430 6429 4283 
5302 369 370 6432 6335 
5303 370 371 6410 6432 
5304 6432 6410 4175 6431 
5305 6335 6432 6431 4444 
5306 351 352 6434 6374 
5307 352 353 6395 6434 
5308 6434 6395 4172 6433 
5309 6374 6434 6433 4446 
5310 435 436 6436 6397 
5311 436 437 6435 6436 
5312 6436 6435 4143 5948 
5313 6397 6436 5948 4449 
5314 289 290 6438 6437 
5315 290 291 6039 6438 
5316 6438 6039 4196 6133 
5317 6437 6438 6133 4591 
5318 287 288 6441 6440 
5319 288 289 6437 6441 
5320 6441 6437 4591 6439 
5321 6440 6441 6439 4195 
5322 385 386 6442 6311 
5323 386 387 6327 6442 
5324 6442 6327 4434 5984 
5325 6311 6442 5984 4295 
5326 167 6443 6446 166 
5327 6443 4132 6444 6446 
5328 6446 6444 4457 6445 
5329 166 6446 6445 165 
5330 165 6445 6449 164 
5331 6445 4457 6447 6449 
5332 6449 6447 4241 6448 
5333 164 6449 6448 163 
5334 171 6450 6453 170 
5335 6450 4459 6451 6453 
5336 6453 6451 4469 6452 
5337 170 6453 6452 169 
5338 163 6448 6456 162 
5339 6448 4241 6454 6456 
5340 6456 6454 4472 6455 
5341 162 6456 6455 161 
5342 169 6452 6457 168 
5343 6452 4469 6226 6457 
5344 6457 6226 4132 6443 
5345 168 6457 6443 167 
5346 173 6458 6459 172 
5347 6458 4225 6136 6459 
5348 6459 6136 4459 6450 
5349 172 6459 6450 171 
5350 161 6455 6462 160 
5351 6455 4472 6460 6462 
5352 6462 6460 4240 6461 
5353 160 6462 6461 159 
5354 159 6461 6464 158 
5355 6461 4240 6140 6464 
5356 6464 6140 4452 6463 
5357 158 6464 6463 157 
5358 157 6463 6467 156 
5359 6463 4452 6465 6467 
5360 6467 6465 4470 6466 
5361 156 6467 6466 155 
5362 175 6468 6470 174 
5363 6468 4484 6469 6470 
5364 6470 6469 4225 6458 
5365 174 6470 6458 173 
5366 145 6471 6473 144 
5367 6471 4251 6058 6473 
5368 6473 6058 4475 6472 
5369 144 6473 6472 143 
5370 147 6474 6475 146 
5371 6474 4473 6144 6475 
5372 6475 6144 4251 6471 
5373 146 6475 6471 145 
5374 149 6476 6477 148 
5375 6476 4482 5926 6477 
5376 6477 5926 4473 6474 
5377 148 6477 6474 147 
5378 151 6478 6479 150 
5379 6478 4133 6146 6479 
5380 6479 6146 4482 6476 
5381 150 6479 6476 149 
5382 177 6480 6482 176 
5383 6480 4224 6481 6482 
5384 6482 6481 4484 6468 
5385 176 6482 6468 175 
5386 285 286 6485 6484 
5387 286 287 6440 6485 
5388 6485 6440 4195 6483 
5389 6484 6485 6483 4575 
5390 179 6486 6487 178 
5391 6486 4560 6008 6487 
5392 6487 6008 4224 6480 
5393 178 6487 6480 177 
5394 249 250 6491 6490 
5395 250 251 6488 6491 
5396 6491 6488 4207 6489 
5397 6490 6491 6489 4552 
5398 257 258 6495 6494 
5399 258 259 6492 6495 
5400 6495 6492 4485 6493 
5401 6494 6495 6493 4561 
5402 193 6496 6498 192 
5403 6496 4218 6162 6498 
5404 6498 6162 4535 6497 
5405 192 6498 6497 191 
5406 279 280 6502 6501 
5407 280 281 6499 6502 
5408 6502 6499 4503 6500 
5409 6501 6502 6500 4126 
5410 227 228 6506 6505 
5411 228 229 6503 6506 
5412 6506 6503 4507 6504 
5413 6505 6506 6504 4522 
5414 271 272 6510 6509 
5415 272 273 6507 6510 
5416 6510 6507 4201 6508 
5417 6509 6510 6508 4574 
5418 197 6511 6514 196 
5419 6511 4217 6512 6514 
5420 6514 6512 4540 6513 
5421 196 6514 6513 195 
5422 243 244 6518 6517 
5423 244 245 6515 6518 
5424 6518 6515 4571 6516 
5425 6517 6518 6516 4128 
5426 267 268 6522 6521 
5427 268 269 6519 6522 
5428 6522 6519 4200 6520 
5429 6521 6522 6520 4505 
5430 195 6513 6524 194 
5431 6513 4540 6523 6524 
5432 6524 6523 4218 6496 
5433 194 6524 6496 193 
5434 221 222 6528 6527 
5435 222 223 6525 6528 
5436 6528 6525 4523 6526 
5437 6527 6528 6526 4563 
5438 281 282 6530 6499 
5439 282 283 6529 6530 
5440 6530 6529 4197 6155 
5441 6499 6530 6155 4503 
5442 235 236 6534 6533 
5443 236 237 6531 6534 
5444 6534 6531 4527 6532 
5445 6533 6534 6532 4235 
5446 203 6535 6538 202 
5447 6535 4593 6536 6538 
5448 6538 6536 4219 6537 
5449 202 6538 6537 201 
5450 213 6539 6541 212 
5451 6539 4231 6178 6541 
5452 6541 6178 4531 6540 
5453 212 6541 6540 211 
5454 191 6497 6544 190 
5455 6497 4535 6542 6544 
5456 6544 6542 4562 6543 
5457 190 6544 6543 189 
5458 229 230 6546 6503 
5459 230 231 6545 6546 
5460 6546 6545 4236 6158 
5461 6503 6546 6158 4507 
5462 273 274 6548 6507 
5463 274 275 6547 6548 
5464 6548 6547 4476 6150 
5465 6507 6548 6150 4201 
5466 211 6540 6550 210 
5467 6540 4531 5546 6550 
5468 6550 5546 4564 6549 
5469 210 6550 6549 209 
5470 183 6551 6553 182 
5471 6551 4541 6174 6553 
5472 6553 6174 4226 6552 
5473 182 6553 6552 181 
5474 215 216 6556 6555 
5475 216 217 6554 6556 
5476 6556 6554 4567 5971 
5477 6555 6556 5971 4229 
5478 239 240 6560 6559 
5479 240 241 6557 6560 
5480 6560 6557 4533 6558 
5481 6559 6560 6558 4333 
5482 181 6552 6562 180 
5483 6552 4226 6561 6562 
5484 6562 6561 4560 6486 
5485 180 6562 6486 179 
5486 4570 5433 6564 5970 
5487 5433 4569 6563 6564 
5488 6564 6563 215 6555 
5489 5970 6564 6555 4229 
5490 225 226 6567 6566 
5491 226 227 6505 6567 
5492 6567 6505 4522 6565 
5493 6566 6567 6565 4129 
5494 205 6568 6569 204 
5495 6568 4566 6170 6569 
5496 6569 6170 4593 6535 
5497 204 6569 6535 203 
5498 223 224 6570 6525 
5499 224 225 6566 6570 
5500 6570 6566 4129 6185 
5501 6525 6570 6185 4523 
5502 199 6571 6573 198 
5503 6571 4572 6572 6573 
5504 6573 6572 4217 6511 
5505 198 6573 6511 197 
5506 189 6543 6576 188 
5507 6543 4562 6574 6576 
5508 6576 6574 4131 6575 
5509 188 6576 6575 187 
5510 187 6575 6579 186 
5511 6575 4131 6577 6579 
5512 6579 6577 4551 6578 
5513 186 6579 6578 185 
5514 241 242 6581 6557 
5515 242 243 6517 6581 
5516 6581 6517 4128 6580 
5517 6557 6581 6580 4533 
5518 247 248 6583 6582 
5519 248 249 6490 6583 
5520 6583 6490 4552 6181 
5521 6582 6583 6181 4337 
5522 185 6578 6585 184 
5523 6578 4551 6584 6585 
5524 6585 6584 4541 6551 
5525 184 6585 6551 183 
5526 263 264 6589 6588 
5527 264 265 6586 6589 
5528 6589 6586 4342 6587 
5529 6588 6589 6587 4502 
5530 219 220 6592 6591 
5531 220 221 6527 6592 
5532 6592 6527 4563 6590 
5533 6591 6592 6590 4230 
5534 209 6549 6594 208 
5535 6549 4564 6190 6594 
5536 6594 6190 4130 6593 
5537 208 6594 6593 207 
5538 201 6537 6596 200 
5539 6537 4219 6595 6596 
5540 6596 6595 4572 6571 
5541 200 6596 6571 199 
5542 259 260 6598 6492 
5543 260 261 6597 6598 
5544 6598 6597 4127 6166 
5545 6492 6598 6166 4485 
5546 233 234 6600 6599 
5547 234 235 6533 6600 
5548 6600 6533 4235 6002 
5549 6599 6600 6002 4534 
5550 207 6593 6601 206 
5551 6593 4130 5200 6601 
5552 6601 5200 4566 6568 
5553 206 6601 6568 205 
5554 275 276 6604 6547 
5555 276 277 6602 6604 
5556 6604 6602 4501 6603 
5557 6547 6604 6603 4476 
5558 277 278 6606 6602 
5559 278 279 6501 6606 
5560 6606 6501 4126 6605 
5561 6602 6606 6605 4501 
5562 231 232 6608 6545 
5563 232 233 6599 6608 
5564 6608 6599 4534 6607 
5565 6545 6608 6607 4236 
5566 215 6563 6609 214 
5567 6563 4569 5432 6609 
5568 6609 5432 4231 6539 
5569 214 6609 6539 213 
5570 237 238 6611 6531 
5571 238 239 6559 6611 
5572 6611 6559 4333 6610 
5573 6531 6611 6610 4527 
5574 217 218 6612 6554 
5575 218 219 6591 6612 
5576 6612 6591 4230 6192 
5577 6554 6612 6192 4567 
5578 255 256 6614 6613 
5579 256 257 6494 6614 
5580 6614 6494 4561 6012 
5581 6613 6614 6012 4208 
5582 265 266 6616 6586 
5583 266 267 6521 6616 
5584 6616 6521 4505 6615 
5585 6586 6616 6615 4342 
5586 261 262 6618 6597 
5587 262 263 6588 6618 
5588 6618 6588 4502 6617 
5589 6597 6618 6617 4127 
5590 245 246 6620 6515 
5591 246 247 6582 6620 
5592 6620 6582 4337 6619 
5593 6515 6620 6619 4571 
5594 269 270 6622 6519 
5595 270 271 6509 6622 
5596 6622 6509 4574 6621 
5597 6519 6622 6621 4200 
5598 283 284 6623 6529 
5599 284 285 6484 6623 
5600 6623 6484 4575 5960 
5601 6529 6623 5960 4197 
5602 415 416 6625 6624 
5603 416 417 6287 6625 
5604 6625 6287 4117 5147 
5605 6624 6625 5147 4650 
5606 413 414 6627 6277 
5607 414 415 6624 6627 
5608 6627 6624 4650 6626 
5609 6277 6627 6626 4145 
5610 4872 6261 6628 5525 
5611 6261 4871 5975 6628 
5612 6628 5975 4580 6090 
5613 5525 6628 6090 4865 
5614 4601 6629 6631 6630 
5615 6629 4436 6095 6631 
5616 6631 6095 4119 6372 
5617 6630 6631 6372 4447 
5618 4395 6632 6634 6097 
5619 6632 4397 6633 6634 
5620 6634 6633 4433 6405 
5621 6097 6634 6405 4121 
5622 4383 6635 6636 6115 
5623 6635 4384 6217 6636 
5624 6636 6217 4402 6343 
5625 6115 6636 6343 4120 
5626 4412 5883 6638 6101 
5627 5883 4414 6637 6638 
5628 6638 6637 4432 6418 
5629 6101 6638 6418 4411 
5630 4406 6639 6641 6640 
5631 6639 4407 6222 6641 
5632 6641 6222 4446 6433 
5633 6640 6641 6433 4172 
5634 4605 6252 6643 6642 
5635 6252 4415 6103 6643 
5636 6643 6103 4179 6380 
5637 6642 6643 6380 4443 
5638 4372 5863 6645 6123 
5639 5863 4373 6644 6645 
5640 6645 6644 4393 6427 
5641 6123 6645 6427 4163 
5642 4460 5891 6646 6135 
5643 5891 4461 6227 6646 
5644 6646 6227 4469 6451 
5645 6135 6646 6451 4459 
5646 4453 6647 6649 6139 
5647 6647 4454 6648 6649 
5648 6649 6648 4470 6465 
5649 6139 6649 6465 4452 
5650 4597 6013 6650 6234 
5651 6013 4561 6493 6650 
5652 6650 6493 4485 6165 
5653 6234 6650 6165 4487 
5654 4477 6651 6653 6149 
5655 6651 4479 6652 6653 
5656 6653 6652 4574 6508 
5657 6149 6653 6508 4201 
5658 4610 6256 6655 6654 
5659 6256 4478 6151 6655 
5660 6655 6151 4476 6603 
5661 6654 6655 6603 4501 
5662 4536 5902 6657 6161 
5663 5902 4537 6656 6657 
5664 6657 6656 4562 6542 
5665 6161 6657 6542 4535 
5666 4508 6159 6658 5913 
5667 6159 4236 6607 6658 
5668 6658 6607 4534 6001 
5669 5913 6658 6001 4510 
5670 4667 6659 6661 6660 
5671 6659 4538 6163 6661 
5672 6661 6163 4218 6523 
5673 6660 6661 6523 4540 
5674 4542 5910 6662 6173 
5675 5910 4543 6009 6662 
5676 6662 6009 4560 6561 
5677 6173 6662 6561 4226 
5678 4486 6167 6665 6664 
5679 6167 4127 6617 6665 
5680 6665 6617 4502 6663 
5681 6664 6665 6663 4488 
5682 4528 6666 6669 6668 
5683 6666 4333 6558 6669 
5684 6669 6558 4533 6667 
5685 6668 6669 6667 4529 
5686 4599 6670 6671 6237 
5687 6670 4571 6619 6671 
5688 6671 6619 4337 6180 
5689 6237 6671 6180 4554 
5690 4451 5328 6673 6672 
5691 5328 4792 5367 6673 
5692 6673 5367 4798 6281 
5693 6672 6673 6281 4144 
5694 4590 5872 6675 6128 
5695 5872 4771 6674 6675 
5696 6675 6674 4775 6290 
5697 6128 6675 6290 4189 
5698 4832 6676 6679 6678 
5699 6676 4833 6194 6679 
5700 6679 6194 4568 6677 
5701 6678 6679 6677 4829 
5702 4641 6680 6682 6681 
5703 6680 4504 6153 6682 
5704 6682 6153 4749 6210 
5705 6681 6682 6210 4748 
5706 4750 6211 6686 6685 
5707 6211 4576 6683 6686 
5708 6686 6683 4752 6684 
5709 6685 6686 6684 4751 
5710 4935 6687 6691 6690 
5711 6687 4936 6688 6691 
5712 6691 6688 4962 6689 
5713 6690 6691 6689 4937 
5714 4661 5834 6695 6694 
5715 5834 4659 6692 6695 
5716 6695 6692 4683 6693 
5717 6694 6695 6693 4663 
5718 4547 5821 6699 6698 
5719 5821 4549 6696 6699 
5720 6699 6696 5029 6697 
5721 6698 6699 6697 4272 
5722 5006 5554 6702 6701 
5723 5554 4456 6700 6702 
5724 6702 6700 4625 5939 
5725 6701 6702 5939 4626 
5726 4829 6677 6704 6020 
5727 6677 4568 6703 6704 
5728 6704 6703 4627 6067 
5729 6020 6704 6067 4628 
5730 4478 6255 6706 6148 
5731 6255 4480 5701 6706 
5732 6706 5701 4698 6705 
5733 6148 6706 6705 4477 
5734 4183 6350 6709 6708 
5735 6350 4577 6707 6709 
5736 6709 6707 4611 6088 
5737 6708 6709 6088 4578 
5738 4172 6394 6712 6640 
5739 6394 4405 6710 6712 
5740 6712 6710 4613 6711 
5741 6640 6712 6711 4406 
5742 4182 6319 6714 5974 
5743 6319 4579 6713 6714 
5744 6714 6713 4614 6091 
5745 5974 6714 6091 4580 
5746 4144 6423 6717 6672 
5747 6423 4450 6715 6717 
5748 6717 6715 4616 6716 
5749 6672 6717 6716 4451 
5750 4124 6356 6721 6720 
5751 6356 4584 6718 6721 
5752 6721 6718 4875 6719 
5753 6720 6721 6719 4585 
5754 4414 5853 6724 6637 
5755 5853 4418 6722 6724 
5756 6724 6722 4595 6723 
5757 6637 6724 6723 4432 
5758 4575 6483 6726 5961 
5759 6483 4195 6725 6726 
5760 6726 6725 4752 6683 
5761 5961 6726 6683 4576 
5762 4603 6727 6731 6730 
5763 6727 4678 6728 6731 
5764 6731 6728 4445 6729 
5765 6730 6731 6729 4637 
5766 4988 5941 6735 6734 
5767 5941 4458 6732 6735 
5768 6735 6732 4638 6733 
5769 6734 6735 6733 4639 
5770 4840 6736 6739 5426 
5771 6736 4669 6737 6739 
5772 6739 6737 4668 6738 
5773 5426 6739 6738 4573 
5774 4572 6595 6742 6741 
5775 6595 4219 6740 6742 
5776 6742 6740 4822 5424 
5777 6741 6742 5424 4573 
5778 4389 6105 6745 6744 
5779 6105 4390 6016 6745 
5780 6745 6016 5020 6743 
5781 6744 6745 6743 4391 
5782 4642 6746 6749 6748 
5783 6746 4618 6747 6749 
5784 6749 6747 4208 6011 
5785 6748 6749 6011 4500 
5786 4799 6750 6752 5150 
5787 6750 4649 6751 6752 
5788 6752 6751 4145 6626 
5789 5150 6752 6626 4650 
5790 4524 6753 6754 6187 
5791 6753 4526 5294 6754 
5792 6754 5294 4834 6069 
5793 6187 6754 6069 4525 
5794 4558 5541 6757 5818 
5795 5541 4334 6755 6757 
5796 6757 6755 4728 6756 
5797 5818 6757 6756 4559 
5798 331 332 6759 6758 
5799 332 333 6419 6759 
5800 6759 6419 4432 6723 
5801 6758 6759 6723 4595 
5802 329 330 6761 6304 
5803 330 331 6758 6761 
5804 6761 6758 4595 6760 
5805 6304 6761 6760 4123 
5806 155 6466 6764 154 
5807 6466 4470 6762 6764 
5808 6764 6762 4596 6763 
5809 154 6764 6763 153 
5810 153 6763 6765 152 
5811 6763 4596 5991 6765 
5812 6765 5991 4133 6478 
5813 152 6765 6478 151 
5814 5023 6766 6770 6769 
5815 6766 4187 6767 6770 
5816 6770 6767 4185 6768 
5817 6769 6770 6768 4188 
5818 4123 6760 6773 6772 
5819 6760 4595 6722 6773 
5820 6773 6722 4418 6771 
5821 6772 6773 6771 4671 
5822 4429 6774 6778 6777 
5823 6774 4428 6775 6778 
5824 6778 6775 4696 6776 
5825 6777 6778 6776 4430 
5826 4624 6779 6781 6055 
5827 6779 4389 6744 6781 
5828 6781 6744 4391 6780 
5829 6055 6781 6780 4619 
5830 4821 5337 6785 6784 
5831 5337 4819 6782 6785 
5832 6785 6782 4810 6783 
5833 6784 6785 6783 4820 
5834 4454 6786 6787 6648 
5835 6786 4471 5992 6787 
5836 6787 5992 4596 6762 
5837 6648 6787 6762 4470 
5838 251 252 6790 6488 
5839 252 253 6788 6790 
5840 6790 6788 4618 6789 
5841 6488 6790 6789 4207 
5842 253 254 6791 6788 
5843 254 255 6613 6791 
5844 6791 6613 4208 6747 
5845 6788 6791 6747 4618 
5846 4387 6792 6794 6244 
5847 6792 4603 6730 6794 
5848 6794 6730 4637 6793 
5849 6244 6794 6793 4602 
5850 4643 6795 6798 6797 
5851 6795 4606 6253 6798 
5852 6798 6253 4605 6796 
5853 6797 6798 6796 4636 
5854 4586 6390 6801 5979 
5855 6390 4587 6799 6801 
5856 6801 6799 4876 6800 
5857 5979 6801 6800 4588 
5858 4664 5730 6804 5901 
5859 5730 4652 6802 6804 
5860 6804 6802 4651 6803 
5861 5901 6804 6803 4537 
5862 4169 6416 6808 6807 
5863 6416 4403 6805 6808 
5864 6808 6805 4620 6806 
5865 6807 6808 6806 4404 
5866 4578 5758 6809 6708 
5867 5758 4614 6713 6809 
5868 6809 6713 4579 6392 
5869 6708 6809 6392 4183 
5870 4506 6810 6813 6812 
5871 6810 4505 6520 6813 
5872 6813 6520 4200 6811 
5873 6812 6813 6811 4617 
5874 4583 6814 6815 6120 
5875 6814 4875 6718 6815 
5876 6815 6718 4584 6376 
5877 6120 6815 6376 4581 
5878 4592 6816 6817 6132 
5879 6816 4752 6725 6817 
5880 6817 6725 4195 6439 
5881 6132 6817 6439 4591 
5882 5002 6818 6822 6821 
5883 6818 5004 6819 6822 
5884 6822 6819 4955 6820 
5885 6821 6822 6820 4959 
5886 4426 6823 6825 5888 
5887 6823 4674 6824 6825 
5888 6825 6824 4696 6775 
5889 5888 6825 6775 4428 
5890 4594 5339 6826 6169 
5891 5339 4822 6740 6826 
5892 6826 6740 4219 6536 
5893 6169 6826 6536 4593 
5894 4505 6810 6829 6615 
5895 6810 4506 6827 6829 
5896 6829 6827 4630 6828 
5897 6615 6829 6828 4342 
5898 4959 6830 6833 6832 
5899 6830 4471 6786 6833 
5900 6833 6786 4454 6831 
5901 6832 6833 6831 5003 
5902 4174 6336 6836 6835 
5903 6336 4444 6834 6836 
5904 6836 6834 4637 6729 
5905 6835 6836 6729 4445 
5906 4241 6447 6839 6838 
5907 6447 4457 6837 6839 
5908 6839 6837 4638 6732 
5909 6838 6839 6732 4458 
5910 4380 6840 6843 6842 
5911 6840 4379 6053 6843 
5912 6843 6053 4619 6841 
5913 6842 6843 6841 5019 
5914 4500 6032 6846 6748 
5915 6032 4496 6844 6846 
5916 6846 6844 4498 6845 
5917 6748 6846 6845 4642 
5918 4441 5989 6847 5983 
5919 5989 4620 6805 6847 
5920 6847 6805 4403 6312 
5921 5983 6847 6312 4295 
5922 4481 6199 6849 6258 
5923 6199 4711 6848 6849 
5924 6849 6848 4712 5699 
5925 6258 6849 5699 4480 
5926 4515 6850 6854 6853 
5927 6850 4670 6851 6854 
5928 6854 6851 4528 6852 
5929 6853 6854 6852 4675 
5930 4443 6385 6856 6642 
5931 6385 4413 6855 6856 
5932 6856 6855 4636 6796 
5933 6642 6856 6796 4605 
5934 4501 6605 6859 6654 
5935 6605 4126 6857 6859 
5936 6859 6857 4640 6858 
5937 6654 6859 6858 4610 
5938 4540 6512 6862 6660 
5939 6512 4217 6860 6862 
5940 6862 6860 4668 6861 
5941 6660 6862 6861 4667 
5942 4546 6863 6866 6030 
5943 6863 4723 6864 6866 
5944 6866 6864 4693 6865 
5945 6030 6866 6865 4600 
5946 4394 6382 6869 6099 
5947 6382 4410 6867 6869 
5948 6869 6867 4621 6868 
5949 6099 6869 6868 4396 
5950 4382 6297 6872 6117 
5951 6297 4401 6870 6872 
5952 6872 6870 4622 6871 
5953 6117 6872 6871 4385 
5954 4371 6293 6874 6125 
5955 6293 4392 6873 6874 
5956 6874 6873 4624 6054 
5957 6125 6874 6054 4378 
5958 4240 6460 6876 6141 
5959 6460 4472 6875 6876 
5960 6876 6875 4625 6700 
5961 6141 6876 6700 4456 
5962 4523 6184 6878 6526 
5963 6184 4525 6068 6878 
5964 6878 6068 4627 6877 
5965 6526 6878 6877 4563 
5966 4507 6157 6881 6504 
5967 6157 4509 6879 6881 
5968 6881 6879 4629 6880 
5969 6504 6881 6880 4522 
5970 4445 6882 6883 6835 
5971 6882 4621 6867 6883 
5972 6883 6867 4410 6364 
5973 6835 6883 6364 4174 
5974 4404 6884 6885 6807 
5975 6884 4622 6870 6885 
5976 6885 6870 4401 6414 
5977 6807 6885 6414 4169 
5978 4389 6779 6886 6106 
5979 6779 4624 6873 6886 
5980 6886 6873 4392 6316 
5981 6106 6886 6316 4118 
5982 4458 5940 6887 6838 
5983 5940 4625 6875 6887 
5984 6887 6875 4472 6454 
5985 6838 6887 6454 4241 
5986 4488 6663 6889 6888 
5987 6663 4502 6587 6889 
5988 6889 6587 4342 6828 
5989 6888 6889 6828 4630 
5990 4568 6193 6890 6703 
5991 6193 4230 6590 6890 
5992 6890 6590 4563 6877 
5993 6703 6890 6877 4627 
5994 4524 6186 6892 6891 
5995 6186 4129 6565 6892 
5996 6892 6565 4522 6880 
5997 6891 6892 6880 4629 
5998 4512 6028 6894 5813 
5999 6028 4598 6893 6894 
6000 6894 6893 4670 6850 
6001 5813 6894 6850 4515 
6002 4397 6895 6897 6633 
6003 6895 4632 6896 6897 
6004 6897 6896 4283 6429 
6005 6633 6897 6429 4433 
6006 4479 6898 6900 6652 
6007 6898 4634 6899 6900 
6008 6900 6899 4200 6621 
6009 6652 6900 6621 4574 
6010 4652 5932 6903 6802 
6011 5932 4653 6901 6903 
6012 6903 6901 4692 6902 
6013 6802 6903 6902 4651 
6014 4425 6904 6905 6110 
6015 6904 4636 6855 6905 
6016 6905 6855 4413 6403 
6017 6110 6905 6403 4424 
6018 4602 6793 6906 6215 
6019 6793 4637 6834 6906 
6020 6906 6834 4444 6431 
6021 6215 6906 6431 4175 
6022 4609 6907 6908 6225 
6023 6907 4638 6837 6908 
6024 6908 6837 4457 6444 
6025 6225 6908 6444 4132 
6026 4504 6909 6910 6154 
6027 6909 4640 6857 6910 
6028 6910 6857 4126 6500 
6029 6154 6910 6500 4503 
6030 4573 6738 6911 6741 
6031 6738 4668 6860 6911 
6032 6911 6860 4217 6572 
6033 6741 6911 6572 4572 
6034 4345 6912 6915 6914 
6035 6912 4685 6913 6915 
6036 6915 6913 4635 5690 
6037 6914 6915 5690 4686 
6038 4830 6021 6917 6916 
6039 6021 4628 6070 6917 
6040 6917 6070 4834 5293 
6041 6916 6917 5293 4831 
6042 4577 6305 6918 6707 
6043 6305 4123 6772 6918 
6044 6918 6772 4671 5999 
6045 6707 6918 5999 4611 
6046 437 438 6919 6435 
6047 438 439 5734 6919 
6048 6919 5734 4348 6082 
6049 6435 6919 6082 4143 
6050 4636 6904 6921 6797 
6051 6904 4425 5886 6921 
6052 6921 5886 4427 6920 
6053 6797 6921 6920 4643 
6054 4756 5946 6925 6924 
6055 5946 4757 6922 6925 
6056 6925 6922 4779 6923 
6057 6924 6925 6923 4755 
6058 4676 6926 6929 6928 
6059 6926 4677 6927 6929 
6060 6929 6927 4678 6727 
6061 6928 6929 6727 4603 
6062 4886 5996 6931 5302 
6063 5996 4671 6771 6931 
6064 6931 6771 4418 6930 
6065 5302 6931 6930 4419 
6066 4405 6347 6933 6710 
6067 6347 4283 6896 6933 
6068 6933 6896 4632 6932 
6069 6710 6933 6932 4613 
6070 4598 6003 6935 6893 
6071 6003 4235 6532 6935 
6072 6935 6532 4527 6934 
6073 6893 6935 6934 4670 
6074 4152 5142 6938 6937 
6075 5142 4347 6936 6938 
6076 6938 6936 132 133 
6077 6937 6938 133 134 
6078 4529 6939 6941 6668 
6079 6939 4530 6940 6941 
6080 6941 6940 4675 6852 
6081 6668 6941 6852 4528 
6082 4137 6274 6944 6943 
6083 6274 4647 6942 6944 
6084 6944 6942 4648 5668 
6085 6943 6944 5668 4645 
6086 4649 6945 6946 6751 
6087 6945 4648 6942 6946 
6088 6946 6942 4647 6278 
6089 6751 6946 6278 4145 
6090 143 6472 6949 142 
6091 6472 4475 6947 6949 
6092 6949 6947 4942 6948 
6093 142 6949 6948 141 
6094 4513 5811 6952 5781 
6095 5811 4514 6950 6952 
6096 6952 6950 5053 6951 
6097 5781 6952 6951 4519 
6098 4725 6953 6956 6955 
6099 6953 4440 5956 6956 
6100 6956 5956 4437 6954 
6101 6955 6956 6954 4727 
6102 4677 6957 6960 6927 
6103 6957 4736 6958 6960 
6104 6960 6958 4697 6959 
6105 6927 6960 6959 4678 
6106 4333 6666 6961 6610 
6107 6666 4528 6851 6961 
6108 6961 6851 4670 6934 
6109 6610 6961 6934 4527 
6110 4585 5095 6962 6720 
6111 5095 4876 6799 6962 
6112 6962 6799 4587 6361 
6113 6720 6962 6361 4124 
6114 293 294 6964 6040 
6115 294 295 6963 6964 
6116 6964 6963 4777 5686 
6117 6040 6964 5686 4773 
6118 4883 6965 6967 5706 
6119 6965 4881 6966 6967 
6120 6967 6966 4615 5756 
6121 5706 6967 5756 4882 
6122 4260 6968 6971 6970 
6123 6968 4907 6969 6971 
6124 6971 6969 4266 5605 
6125 6970 6971 5605 4254 
6126 107 108 6974 6973 
6127 108 109 6972 6974 
6128 6974 6972 4934 5388 
6129 6973 6974 5388 4933 
6130 4398 5844 6978 6977 
6131 5844 4287 6975 6978 
6132 6978 6975 4742 6976 
6133 6977 6978 6976 4730 
6134 4233 5309 6980 5381 
6135 5309 4788 5207 6980 
6136 6980 5207 4246 6979 
6137 5381 6980 6979 4239 
6138 4349 6081 6983 5639 
6139 6081 4150 6981 6983 
6140 6983 6981 4672 6982 
6141 5639 6983 6982 4351 
6142 4447 6387 6986 6630 
6143 6387 4164 6984 6986 
6144 6986 6984 4673 6985 
6145 6630 6986 6985 4601 
6146 4885 5430 6987 5305 
6147 5430 4884 5708 6987 
6148 6987 5708 4612 5997 
6149 5305 6987 5997 4886 
6150 4933 6988 6990 6973 
6151 6988 4140 6989 6990 
6152 6990 6989 105 106 
6153 6973 6990 106 107 
6154 4471 6830 6991 5993 
6155 6830 4959 6820 6991 
6156 6991 6820 4955 6073 
6157 5993 6991 6073 4958 
6158 4388 6301 6993 6108 
6159 6301 4448 6992 6993 
6160 6993 6992 4644 6017 
6161 6108 6993 6017 4390 
6162 4639 6733 6996 6995 
6163 6733 4638 6907 6996 
6164 6996 6907 4609 6994 
6165 6995 6996 6994 4682 
6166 4669 6997 6999 6737 
6167 6997 4683 6998 6999 
6168 6999 6998 4667 6861 
6169 6737 6999 6861 4668 
6170 4645 5966 7000 6943 
6171 5966 4644 6992 7000 
6172 7000 6992 4448 6425 
6173 6943 7000 6425 4137 
6174 4537 6803 7002 6656 
6175 6803 4651 7001 7002 
6176 7002 7001 4131 6574 
6177 6656 7002 6574 4562 
6178 4877 7003 7005 5230 
6179 7003 4879 5109 7005 
6180 7005 5109 4878 7004 
6181 5230 7005 7004 4873 
6182 4604 7006 7008 6220 
6183 7006 4674 7007 7008 
6184 7008 7007 4431 6368 
6185 6220 7008 6368 4173 
6186 4760 5850 7010 6131 
6187 5850 4756 6924 7010 
6188 7010 6924 4755 7009 
6189 6131 7010 7009 4592 
6190 4122 6421 7011 6112 
6191 6421 4431 7007 7011 
6192 7011 7007 4674 6823 
6193 6112 7011 6823 4426 
6194 4164 6323 7012 6984 
6195 6323 4393 6644 7012 
6196 7012 6644 4373 6241 
6197 6984 7012 6241 4673 
6198 4479 7013 7015 6898 
6199 7013 4635 6913 7015 
6200 7015 6913 4685 7014 
6201 6898 7015 7014 4634 
6202 4396 6868 7018 5877 
6203 6868 4621 7016 7018 
6204 7018 7016 4697 7017 
6205 5877 7018 7017 4399 
6206 4571 6670 7021 6516 
6207 6670 4599 7019 7021 
6208 7021 7019 4694 7020 
6209 6516 7021 7020 4128 
6210 83 7022 7024 82 
6211 7022 4746 7023 7024 
6212 7024 7023 136 137 
6213 82 7024 137 7 
6214 4885 5304 7028 7027 
6215 5304 4887 7025 7028 
6216 7028 7025 5069 7026 
6217 7027 7028 7026 4858 
6218 4541 6584 7031 6175 
6219 6584 4551 7029 7031 
6220 7031 7029 4692 7030 
6221 6175 7031 7030 4544 
6222 4375 7032 7034 6240 
6223 7032 4695 7033 7034 
6224 7034 7033 4601 6985 
6225 6240 7034 6985 4673 
6226 4600 6865 7036 6007 
6227 6865 4693 7035 7036 
6228 7036 7035 4484 6481 
6229 6007 7036 6481 4224 
6230 4461 5890 7037 6224 
6231 5890 4464 6086 7037 
6232 7037 6086 4682 6994 
6233 6224 7037 6994 4609 
6234 4538 6659 7038 5899 
6235 6659 4667 6998 7038 
6236 7038 6998 4683 6692 
6237 5899 7038 6692 4659 
6238 141 6948 7041 140 
6239 6948 4942 7039 7041 
6240 7041 7039 4222 7040 
6241 140 7041 7040 139 
6242 4618 6746 7044 6789 
6243 6746 4642 7042 7044 
6244 7044 7042 4699 7043 
6245 6789 7044 7043 4207 
6246 5001 7045 7049 7048 
6247 7045 5005 7046 7049 
6248 7049 7046 4991 7047 
6249 7048 7049 7047 4990 
6250 4206 5190 7052 7051 
6251 5190 5066 5688 7052 
6252 7052 5688 4330 7050 
6253 7051 7052 7050 4312 
6254 4635 7013 7053 5691 
6255 7013 4479 6651 7053 
6256 7053 6651 4477 6705 
6257 5691 7053 6705 4698 
6258 4632 6895 7057 7056 
6259 6895 4397 7054 7057 
6260 7057 7054 4730 7055 
6261 7056 7057 7055 4633 
6262 4651 6902 7058 7001 
6263 6902 4692 7029 7058 
6264 7058 7029 4551 6577 
6265 7001 7058 6577 4131 
6266 4700 7059 7061 7060 
6267 7059 4699 7042 7061 
6268 7061 7042 4642 6845 
6269 7060 7061 6845 4498 
6270 4225 6469 7063 6137 
6271 6469 4484 7035 7063 
6272 7063 7035 4693 7062 
6273 6137 7063 7062 4462 
6274 4128 7020 7065 6580 
6275 7020 4694 7064 7065 
6276 7065 7064 4529 6667 
6277 6580 7065 6667 4533 
6278 4989 7066 7069 7068 
6279 7066 4988 6734 7069 
6280 7069 6734 4639 7067 
6281 7068 7069 7067 4987 
6282 4817 5515 7071 5635 
6283 5515 4807 5616 7071 
6284 7071 5616 4826 7070 
6285 5635 7071 7070 4811 
6286 4819 6064 7072 6782 
6287 6064 4811 7070 7072 
6288 7072 7070 4826 5615 
6289 6782 7072 5615 4810 
6290 4407 6639 7075 6249 
6291 6639 4406 7073 7075 
6292 7075 7073 4738 7074 
6293 6249 7075 7074 4408 
6294 4917 7076 7079 7078 
6295 7076 4499 7077 7079 
6296 7079 7077 5025 5625 
6297 7078 7079 5625 4336 
6298 4699 7059 7082 7081 
6299 7059 4700 7080 7082 
6300 7082 7080 4555 5906 
6301 7081 7082 5906 4553 
6302 4769 5789 7085 7084 
6303 5789 4778 7083 7085 
6304 7085 7083 4771 5871 
6305 7084 7085 5871 4772 
6306 4509 5719 7088 6879 
6307 5719 4517 7086 7088 
6308 7088 7086 4848 7087 
6309 6879 7088 7087 4629 
6310 4348 5733 7090 6083 
6311 5733 19 20 7090 
6312 7090 20 21 7089 
6313 6083 7090 7089 4150 
6314 4275 7091 7094 5113 
6315 7091 4966 7092 7094 
6316 7094 7092 4258 7093 
6317 5113 7094 7093 4825 
6318 4603 6792 7097 6928 
6319 6792 4387 7095 7097 
6320 7097 7095 4724 7096 
6321 6928 7097 7096 4676 
6322 4418 5855 7099 6930 
6323 5855 4417 7098 7099 
6324 7099 7098 4887 5303 
6325 6930 7099 5303 4419 
6326 4207 7043 7100 6489 
6327 7043 4699 7081 7100 
6328 7100 7081 4553 6182 
6329 6489 7100 6182 4552 
6330 4633 7101 7103 7056 
6331 7101 4684 7102 7103 
6332 7103 7102 4613 6932 
6333 7056 7103 6932 4632 
6334 4200 6899 7105 6811 
6335 6899 4634 7014 7105 
6336 7105 7014 4685 7104 
6337 6811 7105 7104 4617 
6338 89 90 7109 7108 
6339 90 91 7106 7109 
6340 7109 7106 4910 7107 
6341 7108 7109 7107 4139 
6342 4436 6629 7111 5868 
6343 6629 4601 7033 7111 
6344 7111 7033 4695 7110 
6345 5868 7111 7110 4438 
6346 4674 7006 7113 6824 
6347 7006 4604 6248 7113 
6348 7113 6248 4409 7112 
6349 6824 7113 7112 4696 
6350 4453 5556 7115 6647 
6351 5556 4455 7114 7115 
6352 7115 7114 5003 6831 
6353 6647 7115 6831 4454 
6354 85 7116 7117 84 
6355 7116 4306 5678 7117 
6356 7117 5678 4746 7022 
6357 84 7117 7022 83 
6358 4690 7118 7121 7120 
6359 7118 5050 7119 7121 
6360 7121 7119 5046 5618 
6361 7120 7121 5618 4319 
6362 4748 7122 7123 6681 
6363 7122 4753 5083 7123 
6364 7123 5083 5068 6265 
6365 6681 7123 6265 4641 
6366 4931 7124 7126 5378 
6367 7124 5049 7125 7126 
6368 7126 7125 38 39 
6369 5378 7126 39 40 
6370 4953 6074 7128 5770 
6371 6074 4955 6819 7128 
6372 7128 6819 5004 7127 
6373 5770 7128 7127 4954 
6374 4504 6680 7130 6909 
6375 6680 4641 6264 7130 
6376 7130 6264 4709 7129 
6377 6909 7130 7129 4640 
6378 4745 7131 7134 7133 
6379 7131 4716 7132 7134 
6380 7134 7132 4491 5830 
6381 7133 7134 5830 4489 
6382 4850 7135 7138 7137 
6383 7135 4782 7136 7138 
6384 7138 7136 4341 5521 
6385 7137 7138 5521 4781 
6386 4672 7139 7141 6982 
6387 7139 4718 7140 7141 
6388 7141 7140 4352 5743 
6389 6982 7141 5743 4351 
6390 4300 5696 7144 7143 
6391 5696 4301 7142 7144 
6392 7144 7142 4309 5277 
6393 7143 7144 5277 4308 
6394 5019 7145 7148 6842 
6395 7145 4297 7146 7148 
6396 7148 7146 5042 7147 
6397 6842 7148 7147 4380 
6398 4326 5371 7150 5215 
6399 5371 4303 7149 7150 
6400 7150 7149 5033 5154 
6401 5215 7150 5154 4701 
6402 4506 7151 7154 6827 
6403 7151 4631 7152 7154 
6404 7154 7152 4714 7153 
6405 6827 7154 7153 4630 
6406 4621 6882 7155 7016 
6407 6882 4445 6728 7155 
6408 7155 6728 4678 6959 
6409 7016 7155 6959 4697 
6410 87 5482 7157 86 
6411 5482 4148 7156 7157 
6412 7157 7156 4306 7116 
6413 86 7157 7116 85 
6414 4177 7158 7162 7161 
6415 7158 4178 7159 7162 
6416 7162 7159 4180 7160 
6417 7161 7162 7160 4974 
6418 4751 7163 7166 6685 
6419 7163 4754 7164 7166 
6420 7166 7164 4786 7165 
6421 6685 7166 7165 4750 
6422 4976 7167 7170 7169 
6423 7167 4805 5517 7170 
6424 7170 5517 4813 7168 
6425 7169 7170 7168 4814 
6426 4814 7168 7172 7171 
6427 7168 4813 5441 7172 
6428 7172 5441 4532 6177 
6429 7171 7172 6177 4815 
6430 4924 5092 7174 5108 
6431 5092 4585 6719 7174 
6432 7174 6719 4875 7173 
6433 5108 7174 7173 4878 
6434 4583 6260 7175 6814 
6435 6260 4873 7004 7175 
6436 7175 7004 4878 7173 
6437 6814 7175 7173 4875 
6438 4408 7074 7179 7178 
6439 7074 4738 7176 7179 
6440 7179 7176 4285 7177 
6441 7178 7179 7177 4979 
6442 4384 6635 7181 6245 
6443 6635 4383 7180 7181 
6444 7181 7180 4784 6229 
6445 6245 7181 6229 4386 
6446 4526 6753 7183 7182 
6447 6753 4524 6891 7183 
6448 7183 6891 4629 7087 
6449 7182 7183 7087 4848 
6450 4542 6172 7186 5911 
6451 6172 4544 7184 7186 
6452 7186 7184 4783 7185 
6453 5911 7186 7185 4550 
6454 4870 5093 7187 5468 
6455 5093 4924 5107 7187 
6456 7187 5107 4863 5611 
6457 5468 7187 5611 4888 
6458 4592 7009 7189 6816 
6459 7009 4755 7188 7189 
6460 7189 7188 4751 6684 
6461 6816 7189 6684 4752 
6462 4623 7190 7193 7192 
6463 7190 4702 7191 7193 
6464 7193 7191 4385 6871 
6465 7192 7193 6871 4622 
6466 4693 6864 7195 7062 
6467 6864 4723 7194 7195 
6468 7195 7194 4465 5895 
6469 7062 7195 5895 4462 
6470 295 296 7196 6963 
6471 296 297 6042 7196 
6472 7196 6042 4125 5490 
6473 6963 7196 5490 4777 
6474 4944 5629 7199 7198 
6475 5629 4950 5281 7199 
6476 7199 5281 4960 7197 
6477 7198 7199 7197 4943 
6478 4755 6923 7200 7188 
6479 6923 4779 5570 7200 
6480 7200 5570 4754 7163 
6481 7188 7200 7163 4751 
6482 4726 7201 7203 5173 
6483 7201 4986 7202 7203 
6484 7203 7202 4682 6085 
6485 5173 7203 6085 4468 
6486 139 7040 7206 138 
6487 7040 4222 7204 7206 
6488 7206 7204 4938 7205 
6489 138 7206 7205 5 
6490 4364 5748 7209 5681 
6491 5748 4365 7207 7209 
6492 7209 7207 4744 7208 
6493 5681 7209 7208 4142 
6494 4481 6257 7210 6200 
6495 6257 4610 6858 7210 
6496 7210 6858 4640 7129 
6497 6200 7210 7129 4709 
6498 425 426 7213 6399 
6499 426 427 7211 7213 
6500 7213 7211 4744 7212 
6501 6399 7213 7212 4134 
6502 4929 7214 7217 7216 
6503 7214 4288 5537 7217 
6504 7217 5537 5013 7215 
6505 7216 7217 7215 4290 
6506 4190 6285 7218 5576 
6507 6285 4775 6674 7218 
6508 7218 6674 4771 7083 
6509 5576 7218 7083 4778 
6510 4737 5589 7221 5119 
6511 5589 4210 7219 7221 
6512 7221 7219 4211 7220 
6513 5119 7221 7220 4212 
6514 4805 7167 7225 7224 
6515 7167 4976 7222 7225 
6516 7225 7222 4803 7223 
6517 7224 7225 7223 4806 
6518 4622 6884 7228 7192 
6519 6884 4404 7226 7228 
6520 7228 7226 4787 7227 
6521 7192 7228 7227 4623 
6522 4296 6046 7230 7229 
6523 6046 4442 5987 7230 
6524 7230 5987 4440 6953 
6525 7229 7230 6953 4725 
6526 4940 7231 7234 7233 
6527 7231 4939 7232 7234 
6528 7234 7232 4938 7204 
6529 7233 7234 7204 4222 
6530 4438 7235 7237 5865 
6531 7235 4439 7236 7237 
6532 7237 7236 4727 6954 
6533 5865 7237 6954 4437 
6534 4849 7238 7242 7241 
6535 7238 4845 7239 7242 
6536 7242 7239 4846 7240 
6537 7241 7242 7240 4847 
6538 4675 6940 7246 7245 
6539 6940 4530 7243 7246 
6540 7246 7243 4977 7244 
6541 7245 7246 7244 4743 
6542 4905 7247 7250 7249 
6543 7247 4903 7248 7250 
6544 7250 7248 4438 7110 
6545 7249 7250 7110 4695 
6546 4608 7251 7253 5740 
6547 7251 4325 7252 7253 
6548 7253 7252 4420 5825 
6549 5740 7253 5825 4423 
6550 4338 5399 7256 5627 
6551 5399 4314 7254 7256 
6552 7256 7254 5009 7255 
6553 5627 7256 7255 4335 
6554 4696 7112 7259 6776 
6555 7112 4409 7257 7259 
6556 7259 7257 4713 7258 
6557 6776 7259 7258 4430 
6558 4156 7260 7263 7262 
6559 7260 4158 7261 7263 
6560 7263 7261 4262 5580 
6561 7262 7263 5580 4790 
6562 4707 7264 7267 7266 
6563 7264 4703 5606 7267 
6564 7267 5606 4266 7265 
6565 7266 7267 7265 4704 
6566 4329 7268 7271 7270 
6567 7268 4327 5216 7271 
6568 7271 5216 4701 7269 
6569 7270 7271 7269 4521 
6570 4716 5376 7274 7132 
6571 5376 4340 7272 7274 
6572 7274 7272 4928 7273 
6573 7132 7274 7273 4491 
6574 4867 5936 7277 7276 
6575 5936 4868 7275 7277 
6576 7277 7275 5030 5470 
6577 7276 7277 5470 4869 
6578 4764 7278 7280 5800 
6579 7278 4765 5473 7280 
6580 7280 5473 5062 7279 
6581 5800 7280 7279 4762 
6582 4511 5841 7283 5915 
6583 5841 4518 7281 7283 
6584 7283 7281 4921 7282 
6585 5915 7283 7282 4516 
6586 4630 7153 7286 6888 
6587 7153 4714 7284 7286 
6588 7286 7284 4745 7285 
6589 6888 7286 7285 4488 
6590 4599 6236 7288 7019 
6591 6236 4559 6756 7288 
6592 7288 6756 4728 7287 
6593 7019 7288 7287 4694 
6594 25 7289 7291 24 
6595 7289 4718 7139 7291 
6596 7291 7139 4672 7290 
6597 24 7291 7290 23 
6598 111 112 7294 7293 
6599 112 5 7205 7294 
6600 7294 7205 4938 7292 
6601 7293 7294 7292 4705 
6602 4677 7295 7298 6957 
6603 7295 4679 7296 7298 
6604 7298 7296 4975 7297 
6605 6957 7298 7297 4736 
6606 4716 7131 7300 5195 
6607 7131 4745 7284 7300 
6608 7300 7284 4714 7299 
6609 5195 7300 7299 4715 
6610 4398 6977 7301 5875 
6611 6977 4730 7054 7301 
6612 7301 7054 4397 6632 
6613 5875 7301 6632 4395 
6614 4987 7067 7303 7302 
6615 7067 4639 6995 7303 
6616 7303 6995 4682 7202 
6617 7302 7303 7202 4986 
6618 4289 5544 7307 7306 
6619 5544 4216 7304 7307 
6620 7307 7304 4220 7305 
6621 7306 7307 7305 4221 
6622 4324 7308 7311 5326 
6623 7308 5048 7309 7311 
6624 7311 7309 4180 7310 
6625 5326 7311 7310 4181 
6626 4846 5295 7313 7240 
6627 5295 4526 7182 7313 
6628 7313 7182 4848 7312 
6629 7240 7313 7312 4847 
6630 23 7290 7314 22 
6631 7290 4672 6981 7314 
6632 7314 6981 4150 7089 
6633 22 7314 7089 21 
6634 4517 7315 7316 7086 
6635 7315 4849 7241 7316 
6636 7316 7241 4847 7312 
6637 7086 7316 7312 4848 
6638 4546 5837 7319 6863 
6639 5837 4548 7317 7319 
6640 7319 7317 5010 7318 
6641 6863 7319 7318 4723 
6642 4345 6206 7321 6912 
6643 6206 4780 7320 7321 
6644 7321 7320 4617 7104 
6645 6912 7321 7104 4685 
6646 4712 6848 7324 7323 
6647 6848 4711 5260 7324 
6648 7324 5260 4836 7322 
6649 7323 7324 7322 4687 
6650 4963 7325 7328 7327 
6651 7325 4936 7326 7328 
6652 7328 7326 4705 7292 
6653 7327 7328 7292 4938 
6654 4936 6687 7330 7326 
6655 6687 4935 5389 7330 
6656 7330 5389 4934 7329 
6657 7326 7330 7329 4705 
6658 4391 6743 7333 7332 
6659 6743 5020 5235 7333 
6660 7333 5235 5018 7331 
6661 7332 7333 7331 5022 
6662 4910 7334 7336 7107 
6663 7334 4914 5445 7336 
6664 7336 5445 4739 7335 
6665 7107 7336 7335 4139 
6666 4258 7092 7339 7338 
6667 7092 4966 5414 7339 
6668 7339 5414 4721 7337 
6669 7338 7339 7337 4919 
6670 4162 7340 7344 7343 
6671 7340 4161 7341 7344 
6672 7344 7341 4165 7342 
6673 7343 7344 7342 5065 
6674 4838 7345 7349 7348 
6675 7345 4660 7346 7349 
6676 7349 7346 4657 7347 
6677 7348 7349 7347 4658 
6678 4530 6939 7351 7350 
6679 6939 4529 7064 7351 
6680 7351 7064 4694 7287 
6681 7350 7351 7287 4728 
6682 4944 7198 7353 6057 
6683 7198 4943 7352 7353 
6684 7353 7352 4942 6947 
6685 6057 7353 6947 4475 
6686 4242 7354 7356 7355 
6687 7354 5052 5344 7356 
6688 7356 5344 4232 5099 
6689 7355 7356 5099 4320 
6690 4968 7357 7360 7359 
6691 7357 4704 7358 7360 
6692 7360 7358 4853 5383 
6693 7359 7360 5383 4961 
6694 4904 7361 7363 7362 
6695 7361 4439 7235 7363 
6696 7363 7235 4438 7248 
6697 7362 7363 7248 4903 
6698 4318 5242 7365 5643 
6699 5242 4205 5559 7365 
6700 7365 5559 5056 7364 
6701 5643 7365 7364 4680 
6702 4278 7366 7368 5505 
6703 7366 4277 7367 7368 
6704 7368 7367 4148 5481 
6705 5505 7368 5481 4276 
6706 4619 7369 7371 6841 
6707 7369 5021 5420 7371 
6708 7371 5420 5017 7370 
6709 6841 7371 7370 5019 
6710 4964 7372 7374 7373 
6711 7372 4962 6688 7374 
6712 7374 6688 4936 7325 
6713 7373 7374 7325 4963 
6714 4450 6400 7377 6715 
6715 6400 4134 7375 7377 
6716 7377 7375 4844 7376 
6717 6715 7377 7376 4616 
6718 4782 7378 7381 7136 
6719 7378 4343 7379 7381 
6720 7381 7379 4339 7380 
6721 7136 7381 7380 4341 
6722 109 110 7382 6972 
6723 110 111 7293 7382 
6724 7382 7293 4705 7329 
6725 6972 7382 7329 4934 
6726 4730 6976 7385 7055 
6727 6976 4742 7383 7385 
6728 7385 7383 4717 7384 
6729 7055 7385 7384 4633 
6730 4499 7076 7388 7387 
6731 7076 4917 7386 7388 
6732 7388 7386 4555 7080 
6733 7387 7388 7080 4700 
6734 4588 6800 7390 7389 
6735 6800 4876 5094 7390 
6736 7390 5094 4870 5467 
6737 7389 7390 5467 5030 
6738 4142 7208 7391 6044 
6739 7208 4744 7211 7391 
6740 7391 7211 427 428 
6741 6044 7391 428 429 
6742 4684 7392 7393 7102 
6743 7392 4738 7073 7393 
6744 7393 7073 4406 6711 
6745 7102 7393 6711 4613 
6746 4829 6019 7396 6678 
6747 6019 4828 7394 7396 
6748 7396 7394 4835 7395 
6749 6678 7396 7395 4832 
6750 4812 5518 7399 7398 
6751 5518 4805 7224 7399 
6752 7399 7224 4806 7397 
6753 7398 7399 7397 4804 
6754 4146 5162 7402 5413 
6755 5162 4307 7400 7402 
6756 7402 7400 4922 7401 
6757 5413 7402 7401 4721 
6758 4222 7039 7404 7233 
6759 7039 4942 7352 7404 
6760 7404 7352 4943 7403 
6761 7233 7404 7403 4940 
6762 4170 5356 7407 7406 
6763 5356 4167 5353 7407 
6764 7407 5353 4166 7405 
6765 7406 7407 7405 4168 
6766 4489 5919 7408 7133 
6767 5919 4486 6664 7408 
6768 7408 6664 4488 7285 
6769 7133 7408 7285 4745 
6770 134 135 7409 6937 
6771 135 136 7023 7409 
6772 7409 7023 4746 5677 
6773 6937 7409 5677 4152 
6774 5064 7410 7413 7412 
6775 7410 4170 7406 7413 
6776 7413 7406 4168 7411 
6777 7412 7413 7411 4171 
6778 4712 7323 7415 5700 
6779 7323 4687 7414 7415 
6780 7415 7414 4344 5651 
6781 5700 7415 5651 4346 
6782 4400 5846 7417 7416 
6783 5846 4399 7017 7417 
6784 7417 7017 4697 6958 
6785 7416 7417 6958 4736 
6786 4929 7216 7421 7420 
6787 7216 4290 7418 7421 
6788 7421 7418 4733 7419 
6789 7420 7421 7419 4926 
6790 4743 7422 7423 7245 
6791 7422 4514 5810 7423 
6792 7423 5810 4515 6853 
6793 7245 7423 6853 4675 
6794 4702 7424 7427 7426 
6795 7424 4993 7425 7427 
6796 7427 7425 4293 6230 
6797 7426 7427 6230 4784 
6798 4788 5308 7429 5208 
6799 5308 4289 7306 7429 
6800 7429 7306 4221 7428 
6801 5208 7429 7428 4323 
6802 4940 7430 7432 7231 
6803 7430 4941 5385 7432 
6804 7432 5385 4965 7431 
6805 7231 7432 7431 4939 
6806 4996 7433 7436 7435 
6807 7433 4690 7120 7436 
6808 7436 7120 4319 7434 
6809 7435 7436 7434 4689 
6810 4312 7050 7438 7437 
6811 7050 4330 5551 7438 
6812 7438 5551 4335 7255 
6813 7437 7438 7255 5009 
6814 4417 5826 7440 7098 
6815 5826 4420 7439 7440 
6816 7440 7439 5069 7025 
6817 7098 7440 7025 4887 
6818 97 5075 7443 5072 
6819 5075 4141 7441 7443 
6820 7443 7441 4932 7442 
6821 5072 7443 7442 4911 
6822 4707 7444 7447 7264 
6823 7444 4999 7445 7447 
6824 7447 7445 5036 7446 
6825 7264 7447 7446 4703 
6826 4631 7151 7448 6205 
6827 7151 4506 6812 7448 
6828 7448 6812 4617 7320 
6829 6205 7448 7320 4780 
6830 4374 5861 7451 7450 
6831 5861 4377 7449 7451 
6832 7451 7449 4381 5252 
6833 7450 7451 5252 5039 
6834 4714 7152 7452 7299 
6835 7152 4631 6208 7452 
6836 7452 6208 4781 5523 
6837 7299 7452 5523 4715 
6838 4943 7197 7453 7403 
6839 7197 4960 5592 7453 
6840 7453 5592 4941 7430 
6841 7403 7453 7430 4940 
6842 4499 7387 7456 7455 
6843 7387 4700 7060 7456 
6844 7456 7060 4498 7454 
6845 7455 7456 7454 5024 
6846 4268 5168 7457 5088 
6847 5168 4302 5590 7457 
6848 7457 5590 4737 5118 
6849 5088 7457 5118 4261 
6850 4684 7458 7460 7392 
6851 7458 5037 7459 7460 
6852 7460 7459 4285 7176 
6853 7392 7460 7176 4738 
6854 4193 5181 7463 5599 
6855 5181 4188 7461 7463 
6856 7463 7461 4191 7462 
6857 5599 7463 7462 4192 
6858 4658 7347 7467 7466 
6859 7347 4657 7464 7467 
6860 7467 7464 4656 7465 
6861 7466 7467 7465 4655 
6862 5070 7468 7470 7469 
6863 7468 4320 5098 7470 
6864 7470 5098 4269 5299 
6865 7469 7470 5299 4271 
6866 4702 7426 7471 7191 
6867 7426 4784 7180 7471 
6868 7471 7180 4383 6114 
6869 7191 7471 6114 4385 
6870 4881 5857 7472 6966 
6871 5857 4880 5526 7472 
6872 7472 5526 4865 6092 
6873 6966 7472 6092 4615 
6874 4843 7473 7476 5112 
6875 7473 4204 7474 7476 
6876 7476 7474 4264 7475 
6877 5112 7476 7475 4275 
6878 4669 7477 7479 6997 
6879 7477 4842 7478 7479 
6880 7479 7478 4663 6693 
6881 6997 7479 6693 4683 
6882 4753 7122 7481 7480 
6883 7122 4748 6212 7481 
6884 7481 6212 4750 7165 
6885 7480 7481 7165 4786 
6886 4565 6189 7482 5634 
6887 6189 4816 5443 7482 
6888 7482 5443 4808 5512 
6889 5634 7482 5512 4817 
6890 4852 7483 7486 7485 
6891 7483 4704 7265 7486 
6892 7486 7265 4266 7484 
6893 7485 7486 7484 4706 
6894 4821 7487 7490 5425 
6895 7487 4839 7488 7490 
6896 7490 7488 4841 7489 
6897 5425 7490 7489 4840 
6898 4820 6783 7493 7492 
6899 6783 4810 5614 7493 
6900 7493 5614 4809 7491 
6901 7492 7493 7491 4823 
6902 121 5649 7495 120 
6903 5649 4973 7494 7495 
6904 7495 7494 118 119 
6905 120 7495 119 8 
6906 4814 7496 7499 7498 
6907 7496 4918 7497 7499 
6908 7499 7497 4832 7395 
6909 7498 7499 7395 4835 
6910 4626 7500 7503 6701 
6911 7500 5040 7501 7503 
6912 7503 7501 4991 7502 
6913 6701 7503 7502 5006 
6914 4795 6196 7505 5140 
6915 6196 4793 7504 7505 
6916 7505 7504 5014 5582 
6917 5140 7505 5582 4797 
6918 4653 7506 7507 6901 
6919 7506 4783 7184 7507 
6920 7507 7184 4544 7030 
6921 6901 7507 7030 4692 
6922 4814 7171 7509 7496 
6923 7171 4815 5434 7509 
6924 7509 5434 4570 7508 
6925 7496 7509 7508 4918 
6926 4442 6049 7510 5988 
6927 6049 4787 7226 7510 
6928 7510 7226 4404 6806 
6929 5988 7510 6806 4620 
6930 4695 7032 7513 7249 
6931 7032 4375 7511 7513 
6932 7513 7511 4376 7512 
6933 7249 7513 7512 4905 
6934 5055 7514 7517 7516 
6935 7514 4370 7515 7517 
6936 7517 7515 4277 7366 
6937 7516 7517 7366 4278 
6938 93 5073 7519 92 
6939 5073 4911 7518 7519 
6940 7519 7518 4910 7106 
6941 92 7519 7106 91 
6942 4802 5152 7522 7521 
6943 5152 4305 7520 7522 
6944 7522 7520 4806 7223 
6945 7521 7522 7223 4803 
6946 4214 5622 7525 7524 
6947 5622 4212 7220 7525 
6948 7525 7220 4211 7523 
6949 7524 7525 7523 4213 
6950 4812 7398 7527 5514 
6951 7398 4804 7526 7527 
6952 7527 7526 4809 5613 
6953 5514 7527 5613 4807 
6954 4833 6676 7528 5969 
6955 6676 4832 7497 7528 
6956 7528 7497 4918 7508 
6957 5969 7528 7508 4570 
6958 4837 5493 7531 7530 
6959 5493 4741 5176 7531 
6960 7531 5176 4369 7529 
6961 7530 7531 7529 4740 
6962 4758 5944 7532 5472 
6963 5944 4759 5807 7532 
6964 7532 5807 4762 7279 
6965 5472 7532 7279 5062 
6966 4249 7533 7537 7536 
6967 7533 4851 7534 7537 
6968 7537 7534 4159 7535 
6969 7536 7537 7535 4281 
6970 4210 5191 7540 7539 
6971 5191 4206 5560 7540 
6972 7540 5560 4203 7538 
6973 7539 7540 7538 4209 
6974 4366 5767 7543 5747 
6975 5767 4367 7541 7543 
6976 7543 7541 4844 7542 
6977 5747 7543 7542 4365 
6978 29 5286 7546 7545 
6979 5286 4153 5225 7546 
6980 7546 5225 5057 7544 
6981 7545 7546 7544 4720 
6982 4156 5226 7548 7547 
6983 5226 4153 5285 7548 
6984 7548 5285 4136 6079 
6985 7547 7548 6079 4154 
6986 4740 7549 7551 7530 
6987 7549 4790 5579 7551 
6988 7551 5579 5014 7550 
6989 7530 7551 7550 4837 
6990 4793 5437 7552 7504 
6991 5437 4791 5494 7552 
6992 7552 5494 4837 7550 
6993 7504 7552 7550 5014 
6994 4959 6832 7555 6821 
6995 6832 5003 7553 7555 
6996 7555 7553 5007 7554 
6997 6821 7555 7554 5002 
6998 4842 7477 7557 7556 
6999 7477 4669 6736 7557 
7000 7557 6736 4840 7489 
7001 7556 7557 7489 4841 
7002 4984 5670 7560 5954 
7003 5670 4796 7558 7560 
7004 7560 7558 4982 7559 
7005 5954 7560 7559 4983 
7006 4158 7260 7563 7562 
7007 7260 4156 7547 7563 
7008 7563 7547 4154 7561 
7009 7562 7563 7561 4157 
7010 4361 6024 7565 5657 
7011 6024 4362 7564 7565 
7012 7565 7564 4906 5103 
7013 5657 7565 5103 4359 
7014 4187 5323 7568 6767 
7015 5323 4181 7566 7568 
7016 7568 7566 4184 7567 
7017 6767 7568 7567 4185 
7018 4853 7569 7571 5384 
7019 7569 4964 7373 7571 
7020 7571 7373 4963 7570 
7021 5384 7571 7570 4965 
7022 4245 7572 7574 5404 
7023 7572 5036 7445 7574 
7024 7574 7445 4999 7573 
7025 5404 7574 7573 4250 
7026 4648 6945 7577 5669 
7027 6945 4649 7575 7577 
7028 7577 7575 4899 7576 
7029 5669 7577 7576 4796 
7030 4556 5907 7579 5816 
7031 5907 4555 7386 7579 
7032 7579 7386 4917 7578 
7033 5816 7579 7578 4557 
7034 4849 7315 7581 7580 
7035 7315 4517 5722 7581 
7036 7581 5722 4516 7282 
7037 7580 7581 7282 4921 
7038 4255 5188 7584 7583 
7039 5188 5060 5133 7584 
7040 7584 5133 4244 7582 
7041 7583 7584 7582 4992 
7042 4221 7305 7588 7587 
7043 7305 4220 7585 7588 
7044 7588 7585 4243 7586 
7045 7587 7588 7586 4227 
7046 4740 7529 7590 7549 
7047 7529 4369 7589 7590 
7048 7590 7589 4156 7262 
7049 7549 7590 7262 4790 
7050 4134 7212 7591 7375 
7051 7212 4744 7207 7591 
7052 7591 7207 4365 7542 
7053 7375 7591 7542 4844 
7054 4497 7592 7594 7593 
7055 7592 5025 7077 7594 
7056 7594 7077 4499 7455 
7057 7593 7594 7455 5024 
7058 4198 5601 7597 5452 
7059 5601 4194 7595 7597 
7060 7597 7595 4202 7596 
7061 5452 7597 7596 4199 
7062 4491 7273 7600 5831 
7063 7273 4928 7598 7600 
7064 7600 7598 4495 7599 
7065 5831 7600 7599 4492 
7066 4795 5139 7601 6197 
7067 5139 4899 7575 7601 
7068 7601 7575 4649 6750 
7069 6197 7601 6750 4799 
7070 4824 7602 7605 7604 
7071 7602 4809 7526 7605 
7072 7605 7526 4804 7603 
7073 7604 7605 7603 4995 
7074 4824 7606 7609 7608 
7075 7606 4662 7607 7609 
7076 7609 7607 4657 7346 
7077 7608 7609 7346 4660 
7078 116 117 7611 5321 
7079 117 118 7494 7611 
7080 7611 7494 4973 7610 
7081 5321 7611 7610 4310 
7082 4989 7612 7615 7614 
7083 7612 5041 7613 7615 
7084 7615 7613 4991 7501 
7085 7614 7615 7501 5040 
7086 4451 6716 7617 5329 
7087 6716 4616 7616 7617 
7088 7617 7616 5032 5456 
7089 5329 7617 5456 4801 
7090 4787 6048 7620 7227 
7091 6048 4927 7618 7620 
7092 7620 7618 4732 7619 
7093 7227 7620 7619 4623 
7094 4880 5859 7622 5527 
7095 5859 4898 5396 7622 
7096 7622 5396 4856 7621 
7097 5527 7622 7621 4864 
7098 4136 5284 7624 6076 
7099 5284 31 32 7624 
7100 7624 32 33 7623 
7101 6076 7624 7623 4299 
7102 4221 7587 7628 7627 
7103 7587 4227 7625 7628 
7104 7628 7625 4237 7626 
7105 7627 7628 7626 4256 
7106 4199 7596 7630 5240 
7107 7596 4202 5114 7630 
7108 7630 5114 4825 7629 
7109 5240 7630 7629 4203 
7110 4379 6840 7632 5724 
7111 6840 4380 7631 7632 
7112 7632 7631 4381 7449 
7113 5724 7632 7449 4377 
7114 4549 5820 7635 7634 
7115 5820 4550 7185 7635 
7116 7635 7185 4783 7633 
7117 7634 7635 7633 5045 
7118 4776 7636 7637 6036 
7119 7636 4916 5787 7637 
7120 7637 5787 4769 7084 
7121 6036 7637 7084 4772 
7122 4616 7376 7639 7616 
7123 7376 4844 7541 7639 
7124 7639 7541 4367 7638 
7125 7616 7639 7638 5032 
7126 4966 7091 7641 5411 
7127 7091 4275 7475 7641 
7128 7641 7475 4264 7640 
7129 5411 7641 7640 4315 
7130 4210 7539 7644 7219 
7131 7539 4209 7642 7644 
7132 7644 7642 4258 7643 
7133 7219 7644 7643 4211 
7134 4216 5623 7647 7304 
7135 5623 4214 7645 7647 
7136 7647 7645 4729 7646 
7137 7304 7647 7646 4220 
7138 4325 7648 7651 7650 
7139 7648 4970 7649 7651 
7140 7651 7649 4180 7309 
7141 7650 7651 7309 5048 
7142 4985 5247 7655 7654 
7143 5247 5015 7652 7655 
7144 7655 7652 4162 7653 
7145 7654 7655 7653 5016 
7146 4991 7046 7657 7502 
7147 7046 5005 7656 7657 
7148 7657 7656 4455 5555 
7149 7502 7657 5555 5006 
7150 4496 5795 7658 6844 
7151 5795 4497 7593 7658 
7152 7658 7593 5024 7454 
7153 6844 7658 7454 4498 
7154 4623 7619 7660 7190 
7155 7619 4732 7659 7660 
7156 7660 7659 4993 7424 
7157 7190 7660 7424 4702 
7158 4874 5980 7661 6271 
7159 5980 4588 7389 7661 
7160 7661 7389 5030 7275 
7161 6271 7661 7275 4868 
7162 5058 7662 7665 7664 
7163 7662 4733 7663 7665 
7164 7665 7663 5047 6268 
7165 7664 7665 6268 4311 
7166 4375 6239 7666 7511 
7167 6239 4374 7450 7666 
7168 7666 7450 5039 5251 
7169 7511 7666 5251 4376 
7170 4971 7667 7670 7669 
7171 7667 4284 7668 7670 
7172 7670 7668 4177 7161 
7173 7669 7670 7161 4974 
7174 4662 7671 7674 5361 
7175 7671 4304 7672 7674 
7176 7674 7672 5034 7673 
7177 5361 7674 7673 4915 
7178 4253 5205 7678 7677 
7179 5205 4323 7675 7678 
7180 7678 7675 4969 7676 
7181 7677 7678 7676 4259 
7182 4257 7679 7682 7681 
7183 7679 4237 7680 7682 
7184 7682 7680 4926 7419 
7185 7681 7682 7419 4733 
7186 4701 5153 7685 7269 
7187 5153 4802 7683 7685 
7188 7685 7683 5054 7684 
7189 7269 7685 7684 4521 
7190 4988 7066 7686 5942 
7191 7066 4989 7614 7686 
7192 7686 7614 5040 7500 
7193 5942 7686 7500 4626 
7194 4306 7156 7688 5679 
7195 7156 4148 7367 7688 
7196 7688 7367 4277 7687 
7197 5679 7688 7687 4981 
7198 9 131 7689 6203 
7199 131 132 6936 7689 
7200 7689 6936 4347 5465 
7201 6203 7689 5465 4978 
7202 4325 7650 7692 7691 
7203 7650 5048 7308 7692 
7204 7692 7308 4324 7690 
7205 7691 7692 7690 4858 
7206 4889 7693 7696 7695 
7207 7693 4890 5264 7696 
7208 7696 5264 4891 7694 
7209 7695 7696 7694 4862 
7210 4171 7697 7699 7412 
7211 7697 4176 5271 7699 
7212 7699 5271 4286 7698 
7213 7412 7699 7698 5064 
7214 4633 7384 7701 7101 
7215 7384 4717 7700 7701 
7216 7701 7700 5037 7458 
7217 7101 7701 7458 4684 
7218 4400 7416 7704 7703 
7219 7416 4736 7297 7704 
7220 7704 7297 4975 7702 
7221 7703 7704 7702 4286 
7222 4679 7705 7707 7706 
7223 7705 4292 5357 7707 
7224 7707 5357 4170 7410 
7225 7706 7707 7410 5064 
7226 5045 7708 7710 7634 
7227 7708 5028 7709 7710 
7228 7710 7709 5029 6696 
7229 7634 7710 6696 4549 
7230 4314 5398 7712 7711 
7231 5398 4339 7379 7712 
7232 7712 7379 4343 5644 
7233 7711 7712 5644 4680 
7234 4856 5395 7715 7714 
7235 5395 4857 7713 7715 
7236 7715 7713 4324 5325 
7237 7714 7715 5325 4855 
7238 4806 7520 7717 7397 
7239 7520 4305 7716 7717 
7240 7717 7716 4995 7603 
7241 7397 7717 7603 4804 
7242 4938 7232 7718 7327 
7243 7232 4939 7431 7718 
7244 7718 7431 4965 7570 
7245 7327 7718 7570 4963 
7246 4726 5186 7721 7201 
7247 5186 4255 7719 7721 
7248 7721 7719 5041 7720 
7249 7201 7721 7720 4986 
7250 4855 7722 7725 7714 
7251 7722 4322 7723 7725 
7252 7725 7723 4859 7724 
7253 7714 7725 7724 4856 
7254 4949 5775 7728 5951 
7255 5775 4952 7726 7728 
7256 7728 7726 4968 7727 
7257 5951 7728 7727 4967 
7258 4961 5593 7729 7359 
7259 5593 4708 5279 7729 
7260 7729 5279 4967 7727 
7261 7359 7729 7727 4968 
7262 4409 6247 7731 7257 
7263 6247 4408 7178 7731 
7264 7731 7178 4979 7730 
7265 7257 7731 7730 4713 
7266 4239 6979 7734 5403 
7267 6979 4246 7732 7734 
7268 7734 7732 4247 7733 
7269 5403 7734 7733 4245 
7270 4252 7735 7737 5333 
7271 7735 4690 7433 7737 
7272 7737 7433 4996 7736 
7273 5333 7737 7736 4896 
7274 4299 7738 7741 6077 
7275 7738 4155 7739 7741 
7276 7741 7739 4920 7740 
7277 6077 7741 7740 4925 
7278 5000 7742 7745 7744 
7279 7742 5001 7048 7745 
7280 7745 7048 4990 7743 
7281 7744 7745 7743 4998 
7282 4279 7746 7749 7748 
7283 7746 4734 7747 7749 
7284 7749 7747 4185 7567 
7285 7748 7749 7567 4184 
7286 4973 5648 7751 7610 
7287 5648 5059 7750 7751 
7288 7751 7750 4311 6267 
7289 7610 7751 6267 4310 
7290 4370 5533 7752 7515 
7291 5533 4735 5144 7752 
7292 7752 5144 4981 7687 
7293 7515 7752 7687 4277 
7294 4733 7662 7754 7681 
7295 7662 5058 7753 7754 
7296 7754 7753 4789 5406 
7297 7681 7754 5406 4257 
7298 4931 7755 7758 7124 
7299 7755 4316 7756 7758 
7300 7758 7756 4149 7757 
7301 7124 7758 7757 5049 
7302 4180 7159 7760 7310 
7303 7159 4178 7759 7760 
7304 7760 7759 4184 7566 
7305 7310 7760 7566 4181 
7306 4465 7194 7762 5712 
7307 7194 4723 7318 7762 
7308 7762 7318 5010 7761 
7309 5712 7762 7761 4274 
7310 4204 7763 7766 7474 
7311 7763 4263 7764 7766 
7312 7766 7764 4316 7765 
7313 7474 7766 7765 4264 
7314 4193 7767 7768 5313 
7315 7767 5050 7118 7768 
7316 7768 7118 4690 7735 
7317 5313 7768 7735 4252 
7318 4191 7769 7771 7462 
7319 7769 4204 7473 7771 
7320 7771 7473 4843 7770 
7321 7462 7771 7770 4192 
7322 4908 7772 7776 7775 
7323 7772 4909 7773 7776 
7324 7776 7773 4912 7774 
7325 7775 7776 7774 4706 
7326 4245 7733 7777 7572 
7327 7733 4247 5603 7777 
7328 7777 5603 4703 7446 
7329 7572 7777 7446 5036 
7330 4619 6780 7778 7369 
7331 6780 4391 7332 7778 
7332 7778 7332 5022 5421 
7333 7369 7778 5421 5021 
7334 4154 6078 7781 7561 
7335 6078 4925 7779 7781 
7336 7781 7779 4160 7780 
7337 7561 7781 7780 4157 
7338 4530 7350 7782 7243 
7339 7350 4728 6755 7782 
7340 7782 6755 4334 5540 
7341 7243 7782 5540 4977 
7342 4260 7783 7785 7784 
7343 7783 4259 7676 7785 
7344 7785 7676 4969 5697 
7345 7784 7785 5697 4300 
7346 4260 6970 7787 7783 
7347 6970 4254 7786 7787 
7348 7787 7786 4253 7677 
7349 7783 7787 7677 4259 
7350 5031 7788 7790 5290 
7351 7788 5028 7708 7790 
7352 7790 7708 5045 7789 
7353 5290 7790 7789 4280 
7354 4255 7583 7793 7792 
7355 7583 4992 7791 7793 
7356 7793 7791 4998 7743 
7357 7792 7793 7743 4990 
7358 4279 7794 7797 5563 
7359 7794 4186 7795 7797 
7360 7797 7795 4997 7796 
7361 5563 7797 7796 4731 
7362 4991 7613 7798 7047 
7363 7613 5041 7719 7798 
7364 7798 7719 4255 7792 
7365 7047 7798 7792 4990 
7366 4221 7627 7799 7428 
7367 7627 4256 5694 7799 
7368 7799 5694 4969 7675 
7369 7428 7799 7675 4323 
7370 4281 5346 7801 7536 
7371 5346 4731 7796 7801 
7372 7801 7796 4997 7800 
7373 7536 7801 7800 4249 
7374 4387 6243 7803 7095 
7375 6243 4386 6232 7803 
7376 7803 6232 5043 7802 
7377 7095 7803 7802 4724 
7378 35 7804 7805 34 
7379 7804 4155 7738 7805 
7380 7805 7738 4299 7623 
7381 34 7805 7623 33 
7382 4343 7806 7808 5645 
7383 7806 4344 7414 7808 
7384 7808 7414 4687 7807 
7385 5645 7808 7807 4688 
7386 4932 7809 7811 7442 
7387 7809 4909 7810 7811 
7388 7811 7810 4910 7518 
7389 7442 7811 7518 4911 
7390 5003 7114 7813 7553 
7391 7114 4455 7656 7813 
7392 7813 7656 5005 7812 
7393 7553 7813 7812 5007 
7394 5002 7554 7815 7814 
7395 7554 5007 7812 7815 
7396 7815 7812 5005 7045 
7397 7814 7815 7045 5001 
7398 4656 5666 7817 7465 
7399 5666 4273 7816 7817 
7400 7817 7816 5027 5673 
7401 7465 7817 5673 4655 
7402 4203 7629 7818 7538 
7403 7629 4825 7093 7818 
7404 7818 7093 4258 7642 
7405 7538 7818 7642 4209 
7406 4188 6768 7820 7461 
7407 6768 4185 7747 7820 
7408 7820 7747 4734 7819 
7409 7461 7820 7819 4191 
7410 4317 5446 7824 7823 
7411 5446 4914 7821 7824 
7412 7824 7821 4908 7822 
7413 7823 7824 7822 4907 
7414 4914 7334 7825 7821 
7415 7334 4910 7810 7825 
7416 7825 7810 4909 7772 
7417 7821 7825 7772 4908 
7418 4660 7826 7827 7608 
7419 7826 4823 7491 7827 
7420 7827 7491 4809 7602 
7421 7608 7827 7602 4824 
7422 4204 7769 7829 7763 
7423 7769 4191 7819 7829 
7424 7829 7819 4734 7828 
7425 7763 7829 7828 4263 
7426 4343 7378 7830 7806 
7427 7378 4782 7135 7830 
7428 7830 7135 4850 5652 
7429 7806 7830 5652 4344 
7430 4803 7222 7832 7831 
7431 7222 4976 7169 7832 
7432 7832 7169 4814 7498 
7433 7831 7832 7498 4835 
7434 4662 5364 7834 7607 
7435 5364 5012 7833 7834 
7436 7834 7833 4656 7464 
7437 7607 7834 7464 4657 
7438 4158 7835 7838 7837 
7439 7835 4159 7534 7838 
7440 7838 7534 4851 7836 
7441 7837 7838 7836 4161 
7442 4193 5598 7839 7767 
7443 5598 4198 5451 7839 
7444 7839 5451 5046 7119 
7445 7767 7839 7119 5050 
7446 4885 7027 7840 5428 
7447 7027 4858 7690 7840 
7448 7840 7690 4324 7713 
7449 5428 7840 7713 4857 
7450 4754 5569 7843 7164 
7451 5569 4994 7841 7843 
7452 7843 7841 4747 7842 
7453 7164 7843 7842 4786 
7454 4254 5604 7844 7786 
7455 5604 4247 7732 7844 
7456 7844 7732 4246 5206 
7457 7786 7844 5206 4253 
7458 4743 7845 7847 7422 
7459 7845 4332 7846 7847 
7460 7847 7846 5053 6950 
7461 7422 7847 6950 4514 
7462 4908 7775 7848 7822 
7463 7775 4706 7484 7848 
7464 7848 7484 4266 6969 
7465 7822 7848 6969 4907 
7466 29 7545 7851 28 
7467 7545 4720 7849 7851 
7468 7851 7849 4719 7850 
7469 28 7851 7850 27 
7470 4192 7770 7852 5600 
7471 7770 4843 5115 7852 
7472 7852 5115 4202 7595 
7473 5600 7852 7595 4194 
7474 4237 7625 7854 7680 
7475 7625 4227 7586 7854 
7476 7854 7586 4243 7853 
7477 7680 7854 7853 4926 
7478 4368 5178 7855 5766 
7479 5178 4785 5457 7855 
7480 7855 5457 5032 7638 
7481 5766 7855 7638 4367 
7482 4311 7750 7857 7664 
7483 7750 5059 5647 7857 
7484 7857 5647 4267 7856 
7485 7664 7857 7856 5058 
7486 4689 7434 7860 7859 
7487 7434 4319 5620 7860 
7488 7860 5620 4688 7858 
7489 7859 7860 7858 5044 
7490 4653 5931 7861 7506 
7491 5931 4280 7789 7861 
7492 7861 7789 5045 7633 
7493 7506 7861 7633 4783 
7494 5035 7862 7863 5087 
7495 7862 4915 7673 7863 
7496 7863 7673 5034 5169 
7497 5087 7863 5169 4268 
7498 4158 7562 7865 7835 
7499 7562 4157 7780 7865 
7500 7865 7780 4160 7864 
7501 7835 7865 7864 4159 
7502 4146 5412 7867 5219 
7503 5412 4315 7866 7867 
7504 7867 7866 4931 5379 
7505 5219 7867 5379 4980 
7506 5017 5419 7869 7868 
7507 5419 5016 7653 7869 
7508 7869 7653 4162 7343 
7509 7868 7869 7343 5065 
7510 4301 5408 7872 7142 
7511 5408 5008 7870 7872 
7512 7872 7870 4972 7871 
7513 7142 7872 7871 4309 
7514 4147 7873 7874 5485 
7515 7873 4789 7753 7874 
7516 7874 7753 5058 7856 
7517 5485 7874 7856 4267 
7518 4168 7405 7877 7876 
7519 7405 4166 7875 7877 
7520 7877 7875 4851 7533 
7521 7876 7877 7533 4249 
7522 4213 7523 7879 7878 
7523 7523 4211 7643 7879 
7524 7879 7643 4258 7338 
7525 7878 7879 7338 4919 
7526 4300 7143 7881 7784 
7527 7143 4308 5276 7881 
7528 7881 5276 5038 7880 
7529 7784 7881 7880 4260 
7530 4279 5565 7883 7746 
7531 5565 5063 7882 7883 
7532 7883 7882 4263 7828 
7533 7746 7883 7828 4734 
7534 87 88 7884 5483 
7535 88 89 7108 7884 
7536 7884 7108 4139 7335 
7537 5483 7884 7335 4739 
7538 4214 7524 7887 7645 
7539 7524 4213 7885 7887 
7540 7887 7885 4922 7886 
7541 7645 7887 7886 4729 
7542 4188 5184 7889 6769 
7543 5184 4321 5266 7889 
7544 7889 5266 4930 7888 
7545 6769 7889 7888 5023 
7546 4900 7890 7891 5138 
7547 7890 4982 7558 7891 
7548 7891 7558 4796 7576 
7549 5138 7891 7576 4899 
7550 4156 7589 7893 5227 
7551 7589 4369 7892 7893 
7552 7893 7892 4362 6026 
7553 5227 7893 6026 4265 
7554 4902 7894 7897 7896 
7555 7894 4901 7895 7897 
7556 7897 7895 4904 7362 
7557 7896 7897 7362 4903 
7558 4915 7862 7899 5362 
7559 7862 5035 7898 7899 
7560 7899 7898 5052 7354 
7561 5362 7899 7354 4242 
7562 4149 7756 7900 5564 
7563 7756 4316 7764 7900 
7564 7900 7764 4263 7882 
7565 5564 7900 7882 5063 
7566 4206 7051 7902 5561 
7567 7051 4312 7437 7902 
7568 7902 7437 5009 7901 
7569 5561 7902 7901 5056 
7570 5013 7903 7904 7215 
7571 7903 5047 7663 7904 
7572 7904 7663 4733 7418 
7573 7215 7904 7418 4290 
7574 4662 7606 7906 7671 
7575 7606 4824 7604 7906 
7576 7906 7604 4995 7905 
7577 7671 7906 7905 4304 
7578 4177 5272 7909 7158 
7579 5272 4176 7907 7909 
7580 7909 7907 4186 7908 
7581 7158 7909 7908 4178 
7582 4260 7880 7910 6968 
7583 7880 5038 5506 7910 
7584 7910 5506 4317 7823 
7585 6968 7910 7823 4907 
7586 4996 7911 7914 7736 
7587 7911 4691 7912 7914 
7588 7914 7912 4895 7913 
7589 7736 7914 7913 4896 
7590 114 5320 7915 5536 
7591 5320 4138 6269 7915 
7592 7915 6269 5047 7903 
7593 5536 7915 7903 5013 
7594 4165 7341 7916 5352 
7595 7341 4161 7836 7916 
7596 7916 7836 4851 7875 
7597 5352 7916 7875 4166 
7598 4278 5274 7918 7516 
7599 5274 4309 7871 7918 
7600 7918 7871 4972 7917 
7601 7516 7918 7917 5055 
7602 4159 7864 7920 7535 
7603 7864 4160 7919 7920 
7604 7920 7919 4854 5347 
7605 7535 7920 5347 4281 
7606 4721 7401 7921 7337 
7607 7401 4922 7885 7921 
7608 7921 7885 4213 7878 
7609 7337 7921 7878 4919 
7610 4315 7640 7922 7866 
7611 7640 4264 7765 7922 
7612 7922 7765 4316 7755 
7613 7866 7922 7755 4931 
7614 5029 7709 7925 7924 
7615 7709 5028 7788 7925 
7616 7925 7788 5031 7923 
7617 7924 7925 7923 5026 
7618 4244 5402 7927 7582 
7619 5402 4250 7926 7927 
7620 7927 7926 4998 7791 
7621 7582 7927 7791 4992 
7622 4803 7928 7929 7521 
7623 7928 4827 5503 7929 
7624 7929 5503 5054 7683 
7625 7521 7929 7683 4802 
7626 5000 7744 7931 7930 
7627 7744 4998 7926 7931 
7628 7931 7926 4250 7573 
7629 7930 7931 7573 4999 
7630 4926 7853 7934 7420 
7631 7853 4243 7932 7934 
7632 7934 7932 5051 7933 
7633 7420 7934 7933 4929 
7634 4860 7935 7938 7937 
7635 7935 4322 7936 7938 
7636 7938 7936 5023 7888 
7637 7937 7938 7888 4930 
7638 4339 5374 7939 7380 
7639 5374 4681 5197 7939 
7640 7939 5197 4923 5522 
7641 7380 7939 5522 4341 
7642 4789 7873 7940 5407 
7643 7873 4147 5210 7940 
7644 7940 5210 4972 7870 
7645 5407 7940 7870 5008 
7646 4279 7748 7941 7794 
7647 7748 4184 7759 7941 
7648 7941 7759 4178 7908 
7649 7794 7941 7908 4186 
7650 4322 7722 7942 7936 
7651 7722 4855 5324 7942 
7652 7942 5324 4187 6766 
7653 7936 7942 6766 5023 
7654 4925 7740 7944 7779 
7655 7740 4920 7943 7944 
7656 7944 7943 4854 7919 
7657 7779 7944 7919 4160 
7658 4747 7841 7946 7945 
7659 7841 4994 5568 7946 
7660 7946 5568 4691 7911 
7661 7945 7946 7911 4996 
7662 4176 7697 7948 7907 
7663 7697 4171 7947 7948 
7664 7948 7947 4997 7795 
7665 7907 7948 7795 4186 
7666 4271 5663 7950 7469 
7667 5663 4656 7833 7950 
7668 7950 7833 5012 7949 
7669 7469 7950 7949 5070 
7670 4171 7411 7951 7947 
7671 7411 4168 7876 7951 
7672 7951 7876 4249 7800 
7673 7947 7951 7800 4997 
7674 4680 7364 7952 7711 
7675 7364 5056 7901 7952 
7676 7952 7901 5009 7254 
7677 7711 7952 7254 4314 
7678 4304 7905 7954 7953 
7679 7905 4995 7716 7954 
7680 7954 7716 4305 5155 
7681 7953 7954 5155 5033 
7682 4220 7646 7956 7585 
7683 7646 4729 7955 7956 
7684 7956 7955 5051 7932 
7685 7585 7956 7932 4243 
7686 5065 7342 7958 7957 
7687 7342 4165 5351 7958 
7688 7958 5351 4901 7894 
7689 7957 7958 7894 4902 
7690 4288 7214 7960 5165 
7691 7214 4929 7933 7960 
7692 7960 7933 5051 7959 
7693 5165 7960 7959 4307 
7694 4307 7959 7961 7400 
7695 7959 5051 7955 7961 
7696 7961 7955 4729 7886 
7697 7400 7961 7886 4922 
7698 4223 5342 7962 5221 
7699 5342 5052 7898 7962 
7700 7962 7898 5035 5090 
7701 5221 7962 5090 4228 
7702 4902 5249 7964 7963 
7703 5249 4381 7631 7964 
7704 7964 7631 4380 7147 
7705 7963 7964 7147 5042 
7706 4158 7965 7967 7261 
7707 7965 5015 5246 7967 
7708 7967 5246 4800 7966 
7709 7261 7967 7966 4262 
7710 4370 7514 7968 5534 
7711 7514 5055 7917 7968 
7712 7968 7917 4972 5417 
7713 5534 7968 5417 4298 
7714 4846 7239 7970 5502 
7715 7239 4845 7969 7970 
7716 7970 7969 4521 7684 
7717 5502 7970 7684 5054 
7718 5067 7971 7973 5259 
7719 7971 4689 7859 7973 
7720 7973 7859 5044 7972 
7721 5259 7973 7972 4836 
7722 4304 7953 7974 7672 
7723 7953 5033 7149 7974 
7724 7974 7149 4303 5170 
7725 7672 7974 5170 5034 
7726 4971 7669 7976 7975 
7727 7669 4974 7160 7976 
7728 7976 7160 4180 7649 
7729 7975 7976 7649 4970 
7730 5061 7977 7979 7978 
7731 7977 4893 5334 7979 
7732 7979 5334 4896 7913 
7733 7978 7979 7913 4895 
7734 4320 7468 7980 7355 
7735 7468 5070 7949 7980 
7736 7980 7949 5012 5363 
7737 7355 7980 5363 4242 
7738 4913 7981 7983 7982 
7739 7981 4912 7773 7983 
7740 7983 7773 4909 7809 
7741 7982 7983 7809 4932 
7742 5031 5289 7984 7923 
7743 5289 5027 7816 7984 
7744 7984 7816 4273 5665 
7745 7923 7984 5665 5026 
7746 5067 7985 7986 7971 
7747 7985 4747 7945 7986 
7748 7986 7945 4996 7435 
7749 7971 7986 7435 4689 
7750 4688 7807 7987 7858 
7751 7807 4687 7322 7987 
7752 7987 7322 4836 7972 
7753 7858 7987 7972 5044 
7754 4930 5265 7988 7937 
7755 5265 4890 7693 7988 
7756 7988 7693 4889 5609 
7757 7937 7988 5609 4860 
7758 4327 7268 7990 5123 
7759 7268 4329 5782 7990 
7760 7990 5782 4519 7989 
7761 5123 7990 7989 4520 
7762 4854 7943 7993 7992 
7763 7943 4920 7991 7993 
7764 7993 7991 3 37 
7765 7992 7993 37 38 
7766 35 36 7994 7804 
7767 36 3 7991 7994 
7768 7994 7991 4920 7739 
7769 7804 7994 7739 4155 
7770 27 7850 7996 26 
7771 7850 4719 7995 7996 
7772 7996 7995 4718 7289 
7773 26 7996 7289 25 
7774 5049 7757 7997 7125 
7775 7757 4149 5348 7997 
7776 7997 5348 4854 7992 
7777 7125 7997 7992 38 
7778 4932 7441 7999 7998 
7779 7441 4141 5076 7999 
7780 7999 5076 101 102 
7781 7998 7999 102 103 
7782 4932 7998 8001 8000 
7783 7998 103 104 8001 
7784 8001 104 105 6989 
7785 8000 8001 6989 4140 
7786 4932 8000 8002 7982 
7787 8000 4140 6988 8002 
7788 8002 6988 4933 5391 
7789 7982 8002 5391 4913 
7790 4161 7340 8003 7837 
7791 7340 4162 7652 8003 
7792 8003 7652 5015 7965 
7793 7837 8003 7965 4158 
7794 4237 7679 8004 7626 
7795 7679 4257 5409 8004 
7796 8004 5409 4301 5695 
7797 7626 8004 5695 4256 
7798 5057 5224 8007 8006 
7799 5224 4265 6025 8007 
7800 8007 6025 4360 8005 
7801 8006 8007 8005 4355 
7802 4270 8008 8009 5300 
7803 8008 4548 5839 8009 
7804 8009 5839 4547 6698 
7805 5300 8009 6698 4272 
7806 4271 5298 8010 5664 
7807 5298 4272 6697 8010 
7808 8010 6697 5029 7924 
7809 5664 8010 7924 5026 
7810 4270 5509 8011 8008 
7811 5509 4274 7761 8011 
7812 8011 7761 5010 7317 
7813 8008 8011 7317 4548 
7814 4177 7668 8014 5269 
7815 7668 4284 8012 8014 
7816 8014 8012 4285 8013 
7817 5269 8014 8013 4282 
7818 4717 7383 8017 8016 
7819 7383 4742 6975 8017 
7820 8017 6975 4287 8015 
7821 8016 8017 8015 4282 
7822 4285 7459 8018 8013 
7823 7459 5037 7700 8018 
7824 8018 7700 4717 8016 
7825 8013 8018 8016 4282 
7826 4285 8012 8020 7177 
7827 8012 4284 8019 8020 
7828 8020 8019 4713 7730 
7829 7177 8020 7730 4979 
7830 4713 8019 8022 7258 
7831 8019 4284 7667 8022 
7832 8022 7667 4971 8021 
7833 7258 8022 8021 4430 
7834 4282 8015 8023 5270 
7835 8015 4287 5847 8023 
7836 8023 5847 4400 7703 
7837 5270 8023 7703 4286 
7838 5064 7698 8024 7706 
7839 7698 4286 7702 8024 
7840 8024 7702 4975 7296 
7841 7706 8024 7296 4679 
7842 4167 5359 8028 8027 
7843 5359 4291 8025 8028 
7844 8028 8025 4296 8026 
7845 8027 8028 8026 4294 
7846 4732 7618 8030 8029 
7847 7618 4927 6047 8030 
7848 8030 6047 4296 8025 
7849 8029 8030 8025 4291 
7850 4293 7425 8032 8031 
7851 7425 4993 7659 8032 
7852 8032 7659 4732 8029 
7853 8031 8032 8029 4291 
7854 4291 5358 8034 8031 
7855 5358 4292 8033 8034 
7856 8034 8033 5043 6231 
7857 8031 8034 6231 4293 
7858 4676 7096 8036 8035 
7859 7096 4724 7802 8036 
7860 8036 7802 5043 8033 
7861 8035 8036 8033 4292 
7862 4727 8037 8038 6955 
7863 8037 4294 8026 8038 
7864 8038 8026 4296 7229 
7865 6955 8038 7229 4725 
7866 4727 7236 8040 8037 
7867 7236 4439 7361 8040 
7868 8040 7361 4904 8039 
7869 8037 8040 8039 4294 
7870 4167 8027 8041 5354 
7871 8027 4294 8039 8041 
7872 8041 8039 4904 7895 
7873 5354 8041 7895 4901 
7874 5065 7957 8043 8042 
7875 7957 4902 7963 8043 
7876 8043 7963 5042 7146 
7877 8042 8043 7146 4297 
7878 5065 8042 8044 7868 
7879 8042 4297 7145 8044 
7880 8044 7145 5019 7370 
7881 7868 8044 7370 5017 
7882 4608 5714 8045 7251 
7883 5714 4607 5078 8045 
7884 8045 5078 4970 7648 
7885 7251 8045 7648 4325 
7886 4521 7969 8048 7270 
7887 7969 4845 8046 8048 
7888 8048 8046 4722 8047 
7889 7270 8048 8047 4329 
7890 4520 7989 8049 5595 
7891 7989 4519 6951 8049 
7892 8049 6951 5053 7846 
7893 5595 8049 7846 4332 
7894 4331 5596 8050 5539 
7895 5596 4332 7845 8050 
7896 8050 7845 4743 7244 
7897 5539 8050 7244 4977 
7898 4917 7078 8051 7578 
7899 7078 4336 5157 8051 
7900 8051 5157 4558 5817 
7901 7578 8051 5817 4557 
7902 4338 8052 8053 5400 
7903 8052 4495 7598 8053 
7904 8053 7598 4928 7272 
7905 5400 8053 7272 4340 
7906 4686 5653 8054 6914 
7907 5653 4850 7137 8054 
7908 8054 7137 4781 6207 
7909 6914 8054 6207 4345 
7910 4355 8055 8057 8056 
7911 8055 4352 7140 8057 
7912 8057 7140 4718 7995 
7913 8056 8057 7995 4719 
7914 4352 8055 8058 5744 
7915 8055 4355 8005 8058 
7916 8058 8005 4360 5584 
7917 5744 8058 5584 4354 
7918 5057 8006 8059 7544 
7919 8006 4355 8056 8059 
7920 8059 8056 4719 7849 
7921 7544 8059 7849 4720 
7922 4369 5179 8060 7892 
7923 5179 4368 5765 8060 
7924 8060 5765 4906 7564 
7925 7892 8060 7564 4362 
7926 4902 7896 8061 5250 
7927 7896 4903 7247 8061 
7928 8061 7247 4905 7512 
7929 5250 8061 7512 4376 
7930 4428 6774 8062 5885 
7931 6774 4429 5080 8062 
7932 8062 5080 4643 6920 
7933 5885 8062 6920 4427 
7934 4430 8021 8063 6777 
7935 8021 4971 7975 8063 
7936 8063 7975 4970 5077 
7937 6777 8063 5077 4429 
7938 4492 7599 8065 5805 
7939 7599 4495 8064 8065 
7940 8065 8064 4497 5798 
7941 5805 8065 5798 4494 
7942 4338 5626 8066 8052 
7943 5626 5025 7592 8066 
7944 8066 7592 4497 8064 
7945 8052 8066 8064 4495 
7946 4329 8047 8068 5779 
7947 8047 4722 8067 8068 
7948 8068 8067 4921 7281 
7949 5779 8068 7281 4518 
7950 4422 6251 8069 5717 
7951 6251 4606 6795 8069 
7952 8069 6795 4643 5079 
7953 5717 8069 5079 4607 
7954 4663 8070 8072 6694 
7955 8070 4658 7466 8072 
7956 8072 7466 4655 8071 
7957 6694 8072 8071 4661 
7958 4665 5751 8073 5675 
7959 5751 4666 5835 8073 
7960 8073 5835 4661 8071 
7961 5675 8073 8071 4655 
7962 4663 7478 8075 8070 
7963 7478 4842 8074 8075 
7964 8075 8074 4838 7348 
7965 8070 8075 7348 4658 
7966 4292 7705 8076 8035 
7967 7705 4679 7295 8076 
7968 8076 7295 4677 6926 
7969 8035 8076 6926 4676 
7970 4999 7444 8078 8077 
7971 7444 4707 5777 8078 
7972 8078 5777 4951 5924 
7973 8077 8078 5924 4956 
7974 4704 7357 8079 7266 
7975 7357 4968 7726 8079 
7976 8079 7726 4952 5774 
7977 7266 8079 5774 4707 
7978 4921 8067 8080 7580 
7979 8067 4722 8046 8080 
7980 8080 8046 4845 7238 
7981 7580 8080 7238 4849 
7982 4786 7842 8081 7480 
7983 7842 4747 7985 8081 
7984 8081 7985 5067 5084 
7985 7480 8081 5084 4753 
7986 4691 5567 8083 7912 
7987 5567 4779 6922 8083 
7988 8083 6922 4757 8082 
7989 7912 8083 8082 4895 
7990 4757 5945 8084 8082 
7991 5945 4758 5475 8084 
7992 8084 5475 5061 7978 
7993 8082 8084 7978 4895 
7994 4765 7278 8085 5496 
7995 7278 4764 5792 8085 
7996 8085 5792 4767 5785 
7997 5496 8085 5785 4770 
7998 4892 5335 8086 5499 
7999 5335 4893 7977 8086 
8000 8086 7977 5061 5474 
8001 5499 8086 5474 4765 
8002 4891 5497 8088 7694 
8003 5497 4770 5784 8088 
8004 8088 5784 4916 8087 
8005 7694 8088 8087 4862 
8006 4861 8089 8090 6035 
8007 8089 4862 8087 8090 
8008 8090 8087 4916 7636 
8009 6035 8090 7636 4776 
8010 4262 7966 8092 5581 
8011 7966 4800 8091 8092 
8012 8092 8091 4900 5137 
8013 5581 8092 5137 4797 
8014 4900 8091 8093 7890 
8015 8091 4800 5245 8093 
8016 8093 5245 4983 7559 
8017 7890 8093 7559 4982 
8018 4835 7394 8095 7831 
8019 7394 4828 8094 8095 
8020 8095 8094 4827 7928 
8021 7831 8095 7928 4803 
8022 4821 6784 8097 7487 
8023 6784 4820 7492 8097 
8024 8097 7492 4823 8096 
8025 7487 8097 8096 4839 
8026 4660 7345 8099 7826 
8027 7345 4838 8098 8099 
8028 8099 8098 4839 8096 
8029 7826 8099 8096 4823 
8030 4828 6022 8100 8094 
8031 6022 4830 6916 8100 
8032 8100 6916 4831 5501 
8033 8094 8100 5501 4827 
8034 4839 8098 8101 7488 
8035 8098 4838 8074 8101 
8036 8101 8074 4842 7556 
8037 7488 8101 7556 4841 
8038 4704 7483 8103 7358 
8039 7483 4852 8102 8103 
8040 8103 8102 4964 7569 
8041 7358 8103 7569 4853 
8042 4706 7774 8106 7485 
8043 7774 4912 8104 8106 
8044 8106 8104 4937 8105 
8045 7485 8106 8105 4852 
8046 4964 8102 8107 7372 
8047 8102 4852 8105 8107 
8048 8107 8105 4937 6689 
8049 7372 8107 6689 4962 
8050 4325 7691 8108 7252 
8051 7691 4858 7026 8108 
8052 8108 7026 5069 7439 
8053 7252 8108 7439 4420 
8054 4322 7935 8110 7723 
8055 7935 4860 5608 8110 
8056 8110 5608 4863 8109 
8057 7723 8110 8109 4859 
8058 4877 8111 8112 7003 
8059 8111 4859 8109 8112 
8060 8112 8109 4863 5110 
8061 7003 8112 5110 4879 
8062 4856 7724 8113 7621 
8063 7724 4859 8111 8113 
8064 8113 8111 4877 5229 
8065 7621 8113 5229 4864 
8066 4862 8089 8115 7695 
8067 8089 4861 5937 8115 
8068 8115 5937 4867 8114 
8069 7695 8115 8114 4889 
8070 4867 7276 8116 8114 
8071 7276 4869 5469 8116 
8072 8116 5469 4888 5610 
8073 8114 8116 5610 4889 
8074 4881 6965 8117 5858 
8075 6965 4883 5705 8117 
8076 8117 5705 4884 5429 
8077 5858 8117 5429 4897 
8078 4912 7981 8118 8104 
8079 7981 4913 5390 8118 
8080 8118 5390 4935 6690 
8081 8104 8118 6690 4937 
8082 4999 8077 8120 8119 
8083 8077 4956 5921 8120 
8084 8120 5921 4948 5771 
8085 8119 8120 5771 4954 
8086 4999 8119 8122 7930 
8087 8119 4954 7127 8122 
8088 8122 7127 5004 8121 
8089 7930 8122 8121 5000 
8090 5022 7331 8123 5422 
8091 7331 5018 5234 8123 
8092 8123 5234 4985 7654 
8093 5422 8123 7654 5016 
8094 4987 7302 8124 7068 
8095 7302 4986 7720 8124 
8096 8124 7720 5041 7612 
8097 7068 8124 7612 4989 
8098 5004 6818 8125 8121 
8099 6818 5002 7814 8125 
8100 8125 7814 5001 7742 
8101 8121 8125 7742 5000 
8102 4911 5071 8126 5072 
8103 5071 95 96 8126 
8104 5072 8126 96 97 
8105 95 5071 8127 94 
8106 5071 4911 5073 8127 
8107 94 8127 5073 93 
8108 99 5074 8128 98 
8109 5074 4141 5075 8128 
8110 98 8128 5075 97 
8111 4141 5074 8129 5076 
8112 5074 99 100 8129 
8113 5076 8129 100 101 
$EndElements
